<?xml version="1.0" encoding="UTF-8"?>
<territory-type> 
<!-- added 1.14 -->
    <territory color="1925774598">
        <zone name="InfectedNBC" smin="8" smax="10" dmin="1" dmax="2" x="2148.21" z="3334.64" r="80"/>
        <zone name="InfectedNBC" smin="0" smax="0" dmin="2" dmax="4" x="2093.57" z="3510" r="80"/>
        <zone name="InfectedNBC" smin="0" smax="0" dmin="2" dmax="4" x="1915.71" z="3413.57" r="80"/>
        <zone name="InfectedNBC" smin="8" smax="10" dmin="2" dmax="4" x="13683.3" z="11180" r="80"/>
    </territory>
    <territory color="1124502272">
	<!--
NOTE : This is for the CHERNARUS map ONLY. it will NOT work if you are on the livonia map.
       All but 1 Territory has been removed thus all zombies are in the same territory now.
       You might notice that they wander just a bit more and might even have better hearing :)
       I had removed all the zombies from the map. once cleared I then placed horde by horde
       back into the cities and areas on the map. By doing this I have removed alot of over
       lapping that was there, thus reducing a little bit of lag as well. The amount of zombies
       has also been increased over all. Each area that the zombies have been placed at is now
       marked with a comment of the name of the city/place/area.

-->	
<!--
InfectedReligious
InfectedFirefighter
InfectedArmy
InfectedPolice
InfectedSolitude
InfectedPrisoner
InfectedIndustrial
InfectedVillage
InfectedMedic
InfectedCity
InfectedArmyHard
InfectedVillageTier1
InfectedPoliceHard
InfectedNBC
-->
<!--
This is just a list for each horde name to be used to spawn in bellow

	<zone name="InfectedReligious" smin="0" smax="0" dmin="4" dmax="8" x="11144.1" z="4356.73" r="60"/>
	<zone name="InfectedFirefighter" smin="0" smax="0" dmin="4" dmax="10" x="9378.13" z="10990.6" r="60"/>
    <zone name="InfectedArmy" smin="4" smax="8" dmin="10" dmax="15" x="6424.6" z="8152.22" r="100"/>
    <zone name="InfectedPolice" smin="0" smax="0" dmin="8" dmax="12" x="11152.9" z="11444.6" r="100"/>
    <zone name="InfectedSolitude" smin="0" smax="0" dmin="4" dmax="8" x="9380.83" z="6410.56" r="160"/>
    <zone name="InfectedPrisoner" smin="0" smax="0" dmin="7" dmax="10" x="5545" z="8745" r="60"/>
    <zone name="InfectedIndustrial" smin="0" smax="0" dmin="8" dmax="12" x="2522.5" z="5559.17" r="120"/>
    <zone name="InfectedVillage" smin="0" smax="0" dmin="6" dmax="12" x="1512.5" z="9712.5" r="60"/>
    <zone name="InfectedMedic" smin="0" smax="0" dmin="8" dmax="12" x="3781.91" z="11779.2" r="50"/>
    <zone name="InfectedCity" smin="0" smax="0" dmin="15" dmax="20" x="3496.34" z="12159.8" r="210"/>
	<zone name="InfectedArmyHard" smin="6" smax="8" dmin="5" dmax="8" x="7971.43" z="14642.8" r="110"/>
	<zone name="InfectedVillageTier1" smin="0" smax="0" dmin="8" dmax="12" x="12913.3" z="8020" r="80"/>
	<zone name="InfectedPoliceHard" smin="0" smax="0" dmin="8" dmax="12" x="12913.3" z="8020" r="80"/>
-->

<!-- Skalisty Island -->
<zone name="InfectedWitch" smin="4" smax="8" dmin="4" dmax="10" x="13451.0" z="3312.0" r="140"/><!-- restored castle -->
<zone name="InfectedWitch" smin="4" smax="8" dmin="4" dmax="10" x="13485.0" z="3024.0" r="140"/><!-- beach by tunnel -->
<zone name="InfectedWitch" smin="4" smax="8" dmin="4" dmax="10" x="13948.0" z="2857.0" r="140"/><!-- SW -->
<zone name="InfectedWitch" smin="4" smax="8" dmin="4" dmax="10" x="13102.0" z="3247.0" r="140"/><!-- NE -->
	
<!-- Haunted Maze -->
<zone name="InfectedWitch" smin="4" smax="8" dmin="4" dmax="10" x="4287.0" z="7885.0" r="140"/>
<zone name="InfectedWitch" smin="4" smax="8" dmin="4" dmax="10" x="4220.0" z="7774.0" r="140"/>
<zone name="InfectedWitch" smin="4" smax="8" dmin="4" dmax="10" x="4084.0" z="7866.0" r="140"/>
<zone name="InfectedWitch" smin="4" smax="8" dmin="4" dmax="10" x="4168.0" z="7997.0" r="140"/>

<!-- Haunted Pyramid -->
<zone name="InfectedWitch" smin="4" smax="8" dmin="8" dmax="15" x="3156.0" z="8714.0" r="140"/>

<!-- Haunted Ruins -->
<zone name="InfectedWitch" smin="4" smax="8" dmin="4" dmax="8" x="11240.0" z="7970.0" r="140"/>
<zone name="InfectedWitch" smin="4" smax="8" dmin="4" dmax="8" x="11265.0" z="7954.0" r="140"/>
<zone name="InfectedWitch" smin="4" smax="8" dmin="4" dmax="8" x="11225.0" z="7954.0" r="140"/>
<zone name="InfectedWitch" smin="4" smax="8" dmin="4" dmax="8" x="11240.0" z="7940.0" r="140"/>

<!-- Airstrip Krasnostav (Haunted Castle) -->
<zone name="InfectedWitch" smin="4" smax="8" dmin="3" dmax="8" x="12344.6" z="12622.22" r="100"/><!-- lower left -->
<zone name="InfectedWitch" smin="4" smax="8" dmin="3" dmax="8" x="12350.6" z="12464.22" r="100"/><!-- upper left -->
<zone name="InfectedWitch" smin="4" smax="8" dmin="3" dmax="8" x="12186.6" z="12494.22" r="100"/><!-- upper right -->
<zone name="InfectedWitch" smin="4" smax="8" dmin="3" dmax="8" x="12186.6" z="12634.22" r="100"/><!-- lower right -->

<zone name="InfectedNBC" smin="8" smax="10" dmin="5" dmax="10" x="11857.3" z="12559" r="80"/><!-- medical area -->

<!-- Krasnostav -->
<zone name="InfectedReligious" smin="0" smax="0" dmin="4" dmax="8" x="10968.1" z="12295.73" r="60"/>
<zone name="InfectedReligious" smin="0" smax="0" dmin="4" dmax="8" x="11211.1" z="12220.73" r="60"/>
<zone name="InfectedMedic" smin="0" smax="0" dmin="8" dmax="12" x="11267.91" z="12141.2" r="50"/>
<zone name="InfectedPolice" smin="0" smax="0" dmin="8" dmax="12" x="11069.9" z="12486.6" r="100"/>
<zone name="InfectedCity" smin="0" smax="0" dmin="15" dmax="20" x="10838.34" z="12398.8" r="210"/>
<zone name="InfectedCity" smin="0" smax="0" dmin="15" dmax="20" x="11065.34" z="12326.8" r="210"/>
<zone name="InfectedCity" smin="0" smax="0" dmin="15" dmax="20" x="11145.34" z="12148.8" r="210"/>
<zone name="InfectedCity" smin="0" smax="0" dmin="15" dmax="20" x="11220.34" z="12287.8" r="210"/>

<!-- New Entries -->
<zone name="InfectedHeliGuards" smin="0" smax="0" dmin="1" dmax="3" x="11759.5" z="12341.5" r="60"/>

<!-- Ski Resortt -->
<zone name="InfectedVillageTier1" smin="0" smax="0" dmin="6" dmax="12" x="240.5" z="11855.5" r="60"/>
<zone name="InfectedMedic" smin="0" smax="0" dmin="8" dmax="12" x="1272.91" z="11407.2" r="50"/>
<zone name="InfectedSolitude" smin="0" smax="0" dmin="4" dmax="8" x="593.83" z="12122.56" r="160"/>
<zone name="InfectedPolice" smin="0" smax="0" dmin="8" dmax="12" x="661.91" z="11720.2" r="50"/>

<!-- Biathlon Area -->
<zone name="InfectedIndustrial" smin="0" smax="0" dmin="8" dmax="12" x="515.5" z="11066.17" r="120"/>

<!-- Tri Kresta -->
<zone name="InfectedArmyHard" smin="4" smax="8" dmin="10" dmax="15" x="332.6" z="9368.22" r="100"/>

<!-- end 1.08 areas -->

<zone name="InfectedReligious" smin="0" smax="0" dmin="20" dmax="20" x="4704.1" z="9991.73" r="60"/>
<!-- Airfield -->
<!-- Main base for Mod -->
<zone name="InfectedArmy" smin="4" smax="8" dmin="10" dmax="15" x="4192.6" z="11040.22" r="100"/>
<zone name="InfectedArmy" smin="4" smax="8" dmin="10" dmax="15" x="4485.6" z="10786.22" r="100"/>
<zone name="InfectedArmyHard" smin="4" smax="8" dmin="10" dmax="15" x="4567.6" z="10884.22" r="100"/>
<zone name="InfectedArmy" smin="4" smax="8" dmin="10" dmax="15" x="4546.6" z="10691.22" r="100"/>
<zone name="InfectedArmy" smin="4" smax="8" dmin="10" dmax="15" x="4787.6" z="10593.22" r="100"/>
<zone name="InfectedArmy" smin="4" smax="8" dmin="10" dmax="15" x="4654.6" z="10456.22" r="100"/>
<zone name="InfectedArmy" smin="4" smax="8" dmin="10" dmax="15" x="4823.6" z="10406.22" r="100"/>
<zone name="InfectedArmy" smin="4" smax="8" dmin="10" dmax="15" x="4872.6" z="10272.22" r="100"/>
<zone name="InfectedArmy" smin="4" smax="8" dmin="10" dmax="15" x="4934.6" z="9975.22" r="100"/>
<zone name="InfectedArmyHard" smin="4" smax="8" dmin="10" dmax="15" x="5073.6" z="9762.22" r="100"/>
<zone name="InfectedArmy" smin="4" smax="8" dmin="10" dmax="15" x="5268.6" z="9837.22" r="100"/>
<zone name="InfectedArmy" smin="4" smax="8" dmin="10" dmax="15" x="5348.6" z="9907.22" r="100"/>
<zone name="InfectedArmy" smin="4" smax="8" dmin="10" dmax="15" x="4618.6" z="9676.22" r="100"/>
<zone name="InfectedArmy" smin="4" smax="8" dmin="10" dmax="15" x="4615.6" z="9522.22" r="100"/>
<zone name="InfectedArmy" smin="4" smax="8" dmin="10" dmax="15" x="4473.6" z="9553.22" r="100"/>
<zone name="InfectedArmyHard" smin="4" smax="8" dmin="10" dmax="15" x="4496.6" z="9659.22" r="100"/>
<zone name="InfectedArmy" smin="4" smax="8" dmin="10" dmax="15" x="4233.6" z="10325.22" r="100"/>
<zone name="InfectedArmy" smin="4" smax="8" dmin="10" dmax="15" x="4109.6" z="10535.22" r="100"/>

<!-- Sary Sobor -->
<zone name="InfectedMedic" smin="0" smax="0" dmin="8" dmax="12" x="5992.91" z="7629.2" r="50"/>
<zone name="InfectedReligious" smin="0" smax="0" dmin="4" dmax="8" x="6077.1" z="7774.73" r="60"/>
<zone name="InfectedVillage" smin="0" smax="0" dmin="6" dmax="12" x="6005.5" z="7831.5" r="60"/>
<zone name="InfectedVillageTier1" smin="0" smax="0" dmin="6" dmax="12" x="6124.5" z="7722.5" r="60"/>
<zone name="InfectedVillage" smin="0" smax="0" dmin="6" dmax="12" x="6286.5" z="7616.5" r="60"/>
<zone name="InfectedIndustrial" smin="0" smax="0" dmin="8" dmax="12" x="6264.5" z="7722.17" r="120"/>
<zone name="InfectedIndustrial" smin="0" smax="0" dmin="8" dmax="12" x="6334.5" z="7799.17" r="120"/>

<!-- Barracks West of Cernaya Polana -->
<zone name="InfectedArmy" smin="4" smax="8" dmin="10" dmax="15" x="10943.6" z="13390.22" r="100"/>

<!-- Novodmitrovsk -->
<zone name="InfectedPolice" smin="0" smax="0" dmin="8" dmax="12" x="11486.9" z="14477.6" r="100"/>
<zone name="InfectedMedic" smin="0" smax="0" dmin="8" dmax="12" x="11412.91" z="14584.2" r="50"/>
<zone name="InfectedReligious" smin="0" smax="0" dmin="4" dmax="8" x="11391.1" z="15307.73" r="60"/>
<zone name="InfectedCity" smin="0" smax="0" dmin="15" dmax="20" x="10678.34" z="14348.8" r="210"/>
<zone name="InfectedCity" smin="0" smax="0" dmin="15" dmax="20" x="10771.34" z="14485.8" r="210"/>
<zone name="InfectedCity" smin="0" smax="0" dmin="15" dmax="20" x="10931.34" z="14430.8" r="210"/>
<zone name="InfectedCity" smin="0" smax="0" dmin="15" dmax="20" x="11233.34" z="14399.8" r="210"/>
<zone name="InfectedCity" smin="0" smax="0" dmin="15" dmax="20" x="11560.34" z="14311.8" r="210"/>
<zone name="InfectedCity" smin="0" smax="0" dmin="15" dmax="20" x="11810.34" z="14288.8" r="210"/>
<zone name="InfectedCity" smin="0" smax="0" dmin="15" dmax="20" x="12078.34" z="14381.8" r="210"/>
<zone name="InfectedCity" smin="0" smax="0" dmin="15" dmax="20" x="11641.34" z="14506.8" r="210"/>
<zone name="InfectedCity" smin="0" smax="0" dmin="15" dmax="20" x="11598.34" z="14685.8" r="210"/>
<zone name="InfectedCity" smin="0" smax="0" dmin="15" dmax="20" x="11533.34" z="14853.8" r="210"/>
<zone name="InfectedIndustrial" smin="0" smax="0" dmin="8" dmax="12" x="11652.5" z="15073.17" r="120"/>
<zone name="InfectedIndustrial" smin="0" smax="0" dmin="8" dmax="12" x="12084.5" z="14384.17" r="120"/>
<zone name="InfectedIndustrial" smin="0" smax="0" dmin="8" dmax="12" x="12291.5" z="14286.17" r="120"/>
<zone name="InfectedIndustrial" smin="0" smax="0" dmin="8" dmax="12" x="12476.5" z="14181.17" r="120"/>

<!-- Cernaya -->
<zone name="InfectedFirefighter" smin="0" smax="0" dmin="4" dmax="10" x="12181.13" z="13859.6" r="60"/>
<zone name="InfectedCity" smin="0" smax="0" dmin="15" dmax="20" x="12119.34" z="13606.8" r="210"/>
<zone name="InfectedCity" smin="0" smax="0" dmin="15" dmax="20" x="12213.34" z="13787.8" r="210"/>
<zone name="InfectedCity" smin="0" smax="0" dmin="15" dmax="20" x="12067.34" z="13784.8" r="210"/>
<zone name="InfectedCity" smin="0" smax="0" dmin="15" dmax="20" x="11292.34" z="13899.8" r="210"/>

<!-- Karmanovka -->
<zone name="InfectedVillage" smin="0" smax="0" dmin="6" dmax="12" x="12968.5" z="14485.5" r="60"/>
<zone name="InfectedVillageTier1" smin="0" smax="0" dmin="6" dmax="12" x="12952.5" z="14605.5" r="60"/>
<zone name="InfectedVillage" smin="0" smax="0" dmin="6" dmax="12" x="12740.5" z="14632.5" r="60"/>
<zone name="InfectedVillageTier1" smin="0" smax="0" dmin="6" dmax="12" x="12498.5" z="14800.5" r="60"/>

<!-- Dobroe -->
<zone name="InfectedVillageTier1" smin="0" smax="0" dmin="6" dmax="12" x="13105.5" z="14954.5" r="60"/>
<zone name="InfectedVillage" smin="0" smax="0" dmin="6" dmax="12" x="12854.5" z="15085.5" r="60"/>

<!-- Belaya -->
<zone name="InfectedVillage" smin="0" smax="0" dmin="6" dmax="12" x="14045.5" z="15053.5" r="60"/>

<!-- Turovo -->
<zone name="InfectedReligious" smin="0" smax="0" dmin="4" dmax="8" x="13485.1" z="14144.73" r="60"/>
<zone name="InfectedIndustrial" smin="0" smax="0" dmin="8" dmax="12" x="13496.5" z="14246.17" r="120"/>
<zone name="InfectedVillage" smin="0" smax="0" dmin="6" dmax="12" x="13570.5" z="14027.5" r="60"/>

<!-- Svetlojarsk -->
<zone name="InfectedReligious" smin="0" smax="0" dmin="4" dmax="8" x="13857.1" z="14384.73" r="60"/>
<zone name="InfectedReligious" smin="0" smax="0" dmin="4" dmax="8" x="13978.1" z="13187.73" r="60"/>
<zone name="InfectedMedic" smin="0" smax="0" dmin="8" dmax="12" x="13876.91" z="13118.2" r="50"/>
<zone name="InfectedPolice" smin="0" smax="0" dmin="8" dmax="12" x="13848.9" z="13216.6" r="100"/>
<zone name="InfectedCity" smin="0" smax="0" dmin="15" dmax="20" x="13773.34" z="13306.8" r="210"/>
<zone name="InfectedCity" smin="0" smax="0" dmin="15" dmax="20" x="13882.34" z="13259.8" r="210"/>
<zone name="InfectedCity" smin="0" smax="0" dmin="15" dmax="20" x="14032.34" z="13257.8" r="210"/>
<zone name="InfectedCity" smin="0" smax="0" dmin="15" dmax="20" x="14098.34" z="13099.8" r="210"/>
<zone name="InfectedIndustrial" smin="0" smax="0" dmin="8" dmax="12" x="14125.5" z="13247.17" r="120"/>

<!-- Olha -->
<zone name="InfectedReligious" smin="0" smax="0" dmin="4" dmax="8" x="13381.1" z="12851.73" r="60"/>
<zone name="InfectedVillage" smin="0" smax="0" dmin="6" dmax="12" x="13333.5" z="12914.5" r="60"/>
<zone name="InfectedVillageTier1" smin="0" smax="0" dmin="6" dmax="12" x="13335.5" z="12994.5" r="60"/>

<!-- Khelm -->
<zone name="InfectedVillage" smin="0" smax="0" dmin="6" dmax="12" x="12228.5" z="10642.5" r="60"/>
<zone name="InfectedVillageTier1" smin="0" smax="0" dmin="6" dmax="12" x="12301.5" z="10892.5" r="60"/>
<zone name="InfectedVillage" smin="0" smax="0" dmin="6" dmax="12" x="12347.5" z="11010.5" r="60"/>

<!-- Lumber Mill -->
<zone name="InfectedFirefighter" smin="0" smax="0" dmin="4" dmax="10" x="12811.13" z="9974.6" r="60"/>
<zone name="InfectedPolice" smin="0" smax="0" dmin="8" dmax="12" x="12926.9" z="10183.6" r="100"/>
<zone name="InfectedMedic" smin="0" smax="0" dmin="8" dmax="12" x="12775.91" z="10060.2" r="50"/>
<zone name="InfectedReligious" smin="0" smax="0" dmin="4" dmax="8" x="13022.1" z="10553.73" r="60"/>
<zone name="InfectedCity" smin="0" smax="0" dmin="15" dmax="20" x="12129.34" z="9407.8" r="210"/>
<zone name="InfectedCity" smin="0" smax="0" dmin="15" dmax="20" x="12216.34" z="9508.8" r="210"/>
<zone name="InfectedCity" smin="0" smax="0" dmin="15" dmax="20" x="12345.34" z="9514.8" r="210"/>
<zone name="InfectedCity" smin="0" smax="0" dmin="15" dmax="20" x="12423.34" z="9564.8" r="210"/>
<zone name="InfectedCity" smin="0" smax="0" dmin="15" dmax="20" x="12310.34" z="9640.8" r="210"/>
<zone name="InfectedCity" smin="0" smax="0" dmin="15" dmax="20" x="12647.34" z="9475.8" r="210"/>
<zone name="InfectedCity" smin="0" smax="0" dmin="15" dmax="20" x="12913.34" z="10090.8" r="210"/>
<zone name="InfectedArmy" smin="4" smax="8" dmin="10" dmax="15" x="12307.6" z="9703.22" r="100"/>
<zone name="InfectedArmy" smin="4" smax="8" dmin="10" dmax="15" x="12093.6" z="9746.22" r="100"/>
<zone name="InfectedIndustrial" smin="0" smax="0" dmin="8" dmax="12" x="12694.5" z="9641.17" r="120"/>
<zone name="InfectedIndustrial" smin="0" smax="0" dmin="8" dmax="12" x="12825.5" z="9746.17" r="120"/>
<zone name="InfectedIndustrial" smin="0" smax="0" dmin="8" dmax="12" x="12691.5" z="9743.17" r="120"/>
<zone name="InfectedIndustrial" smin="0" smax="0" dmin="8" dmax="12" x="12658.5" z="9878.17" r="120"/>
<zone name="InfectedIndustrial" smin="0" smax="0" dmin="8" dmax="12" x="13036.5" z="10045.17" r="120"/>
<zone name="InfectedIndustrial" smin="0" smax="0" dmin="8" dmax="12" x="13060.5" z="10302.17" r="120"/>
<zone name="InfectedIndustrial" smin="0" smax="0" dmin="8" dmax="12" x="13145.5" z="10263.17" r="120"/>
<zone name="InfectedIndustrial" smin="0" smax="0" dmin="8" dmax="12" x="13127.5" z="10424.17" r="120"/>
<zone name="InfectedIndustrial" smin="0" smax="0" dmin="8" dmax="12" x="12878.5" z="10198.17" r="120"/>
<zone name="InfectedIndustrial" smin="0" smax="0" dmin="8" dmax="12" x="12820.5" z="10099.17" r="120"/>

<!-- Berezino -->
<zone name="InfectedPolice" smin="0" smax="0" dmin="8" dmax="12" x="12065.9" z="9061.6" r="100"/>
<zone name="InfectedMedic" smin="0" smax="0" dmin="8" dmax="12" x="11929.91" z="9068.2" r="50"/>
<zone name="InfectedIndustrial" smin="0" smax="0" dmin="8" dmax="12" x="12340.5" z="9037.17" r="120"/>
<zone name="InfectedIndustrial" smin="0" smax="0" dmin="8" dmax="12" x="12260.5" z="9154.17" r="120"/>
<zone name="InfectedCity" smin="0" smax="0" dmin="15" dmax="20" x="11977.34" z="8991.8" r="210"/>
<zone name="InfectedCity" smin="0" smax="0" dmin="15" dmax="20" x="12073.34" z="9039.8" r="210"/>
<zone name="InfectedCity" smin="0" smax="0" dmin="15" dmax="20" x="12097.34" z="9092.8" r="210"/>
<zone name="InfectedCity" smin="0" smax="0" dmin="15" dmax="20" x="11987.34" z="9145.8" r="210"/>
<zone name="InfectedCity" smin="0" smax="0" dmin="15" dmax="20" x="11877.34" z="9196.8" r="210"/>

<!-- Nizhnoye -->
<zone name="InfectedSolitude" smin="0" smax="0" dmin="4" dmax="8" x="12927.83" z="8054.56" r="160"/>

<!-- Orlovets -->
<zone name="InfectedReligious" smin="0" smax="0" dmin="4" dmax="8" x="12086.1" z="7251.73" r="60"/>
<zone name="InfectedVillage" smin="0" smax="0" dmin="6" dmax="12" x="12014.5" z="7242.5" r="60"/>
<zone name="InfectedVillageTier1" smin="0" smax="0" dmin="6" dmax="12" x="12228.5" z="7303.5" r="60"/>

<!-- Factory Solnichniy -->
<zone name="InfectedIndustrial" smin="0" smax="0" dmin="8" dmax="12" x="12982.5" z="6999.17" r="120"/>
<zone name="InfectedIndustrial" smin="0" smax="0" dmin="8" dmax="12" x="13108.5" z="7083.17" r="120"/>

<!-- Solnichniy -->
<zone name="InfectedMedic" smin="0" smax="0" dmin="8" dmax="12" x="13385.91" z="6311.2" r="50"/>
<zone name="InfectedIndustrial" smin="0" smax="0" dmin="8" dmax="12" x="13513.5" z="6333.17" r="120"/>
<zone name="InfectedIndustrial" smin="0" smax="0" dmin="8" dmax="12" x="13399.5" z="6078.17" r="120"/>
<zone name="InfectedVillage" smin="0" smax="0" dmin="6" dmax="12" x="13345.5" z="6268.5" r="60"/>

<!-- Dolina -->
<zone name="InfectedPolice" smin="0" smax="0" dmin="8" dmax="12" x="11184.9" z="6590.6" r="100"/>
<zone name="InfectedVillageTier1" smin="0" smax="0" dmin="6" dmax="12" x="11266.5" z="6573.5" r="60"/>
<zone name="InfectedVillage" smin="0" smax="0" dmin="6" dmax="12" x="11259.5" z="6629.5" r="60"/>
<zone name="InfectedVillageTier1" smin="0" smax="0" dmin="6" dmax="12" x="12208.5" z="6285.5" r="60"/>

<!-- Tulga-->
<zone name="InfectedVillageTier1" smin="0" smax="0" dmin="6" dmax="12" x="12658.5" z="4378.5" r="60"/>
<zone name="InfectedVillage" smin="0" smax="0" dmin="6" dmax="12" x="12875.5" z="4452.5" r="60"/>

<!-- Kamyshovo -->
<zone name="InfectedPolice" smin="0" smax="0" dmin="8" dmax="12" x="12058.9" z="3605.6" r="100"/>
<zone name="InfectedCity" smin="0" smax="0" dmin="15" dmax="20" x="11965.34" z="3494.8" r="210"/>
<zone name="InfectedCity" smin="0" smax="0" dmin="15" dmax="20" x="12139.34" z="3513.8" r="210"/>
<zone name="InfectedCity" smin="0" smax="0" dmin="15" dmax="20" x="12075.34" z="3683.8" r="210"/>

<!-- Vyshnaya Dubrovka -->
<zone name="InfectedVillage" smin="0" smax="0" dmin="6" dmax="12" x="9659.5" z="10422.5" r="60"/>
<zone name="InfectedVillageTier1" smin="0" smax="0" dmin="6" dmax="12" x="9968.5" z="10377.5" r="60"/>

<!-- Dubrovka -->
<zone name="InfectedSolitude" smin="0" smax="0" dmin="4" dmax="8" x="10312.83" z="9557.56" r="160"/>
<zone name="InfectedSolitude" smin="0" smax="0" dmin="4" dmax="8" x="10415.83" z="9805.56" r="160"/>
<zone name="InfectedSolitude" smin="0" smax="0" dmin="4" dmax="8" x="10559.83" z="9696.56" r="160"/>

<!-- Gorka -->
<zone name="InfectedReligious" smin="0" smax="0" dmin="4" dmax="8" x="9440.1" z="8835.73" r="60"/>
<zone name="InfectedMedic" smin="0" smax="0" dmin="8" dmax="12" x="9473.91" z="8837.2" r="50"/>
<zone name="InfectedPolice" smin="0" smax="0" dmin="8" dmax="12" x="9527.9" z="8799.6" r="100"/>
<zone name="InfectedIndustrial" smin="0" smax="0" dmin="8" dmax="12" x="9829.5" z="8746.17" r="120"/>
<zone name="InfectedIndustrial" smin="0" smax="0" dmin="8" dmax="12" x="9697.5" z="8870.17" r="120"/>

<!-- Polana -->
<zone name="InfectedReligious" smin="0" smax="0" dmin="4" dmax="8" x="10701.1" z="8078.73" r="60"/>
<zone name="InfectedSolitude" smin="0" smax="0" dmin="4" dmax="8" x="10657.83" z="7962.56" r="160"/>
<zone name="InfectedSolitude" smin="0" smax="0" dmin="4" dmax="8" x="10747.83" z="8076.56" r="160"/>

<!-- Shakhovka -->
<zone name="InfectedReligious" smin="0" smax="0" dmin="4" dmax="8" x="9581.1" z="6804.73" r="60"/>
<zone name="InfectedVillage" smin="0" smax="0" dmin="6" dmax="12" x="9648.5" z="6546.5" r="60"/>

<!-- Staroye -->
<zone name="InfectedReligious" smin="0" smax="0" dmin="4" dmax="8" x="10042.1" z="5517.73" r="60"/>
<zone name="InfectedMedic" smin="0" smax="0" dmin="8" dmax="12" x="10116.91" z="5510.2" r="50"/>
<zone name="InfectedPolice" smin="0" smax="0" dmin="8" dmax="12" x="10158.9" z="5525.6" r="100"/>
<zone name="InfectedVillage" smin="0" smax="0" dmin="6" dmax="12" x="9941.5" z="5480.5" r="60"/>
<zone name="InfectedVillageTier1" smin="0" smax="0" dmin="6" dmax="12" x="10289.5" z="5493.5" r="60"/>

<!-- Topolka -->
<zone name="InfectedMedic" smin="0" smax="0" dmin="8" dmax="12" x="10351.91" z="3452.2" r="50"/>

<!-- Elektrozavodsk -->
<zone name="InfectedReligious" smin="0" smax="0" dmin="4" dmax="8" x="10584.1" z="2492.73" r="60"/>
<zone name="InfectedPolice" smin="0" smax="0" dmin="8" dmax="12" x="10452.9" z="2270.6" r="100"/>
<zone name="InfectedMedic" smin="0" smax="0" dmin="8" dmax="12" x="10281.91" z="2282.2" r="50"/>
<zone name="InfectedFirefighter" smin="0" smax="0" dmin="4" dmax="10" x="10271.13" z="2171.6" r="60"/>
<zone name="InfectedIndustrial" smin="0" smax="0" dmin="8" dmax="12" x="9955.5" z="1823.17" r="120"/>
<zone name="InfectedIndustrial" smin="0" smax="0" dmin="8" dmax="12" x="10001.5" z="1952.17" r="120"/>
<zone name="InfectedIndustrial" smin="0" smax="0" dmin="8" dmax="12" x="10192.5" z="1989.17" r="120"/>
<zone name="InfectedIndustrial" smin="0" smax="0" dmin="8" dmax="12" x="10144.5" z="1825.17" r="120"/>
<zone name="InfectedIndustrial" smin="0" smax="0" dmin="8" dmax="12" x="10280.5" z="1855.17" r="120"/>
<zone name="InfectedVillage" smin="0" smax="0" dmin="15" dmax="20" x="10436.34" z="2069.8" r="210"/>
<zone name="InfectedCity" smin="0" smax="0" dmin="15" dmax="20" x="10588.34" z="2123.8" r="210"/>
<zone name="InfectedCity" smin="0" smax="0" dmin="15" dmax="20" x="10015.34" z="2135.8" r="210"/>
<zone name="InfectedCity" smin="0" smax="0" dmin="15" dmax="20" x="10105.34" z="2248.8" r="210"/>
<zone name="InfectedVillageTier1" smin="0" smax="0" dmin="15" dmax="20" x="10195.34" z="2154.8" r="210"/>
<zone name="InfectedCity" smin="0" smax="0" dmin="15" dmax="20" x="10230.34" z="2256.8" r="210"/>
<zone name="InfectedSolitude" smin="0" smax="0" dmin="15" dmax="20" x="10216.34" z="2443.8" r="210"/>
<zone name="InfectedCity" smin="0" smax="0" dmin="15" dmax="20" x="10435.34" z="2224.8" r="210"/>
<zone name="InfectedSolitude" smin="0" smax="0" dmin="15" dmax="20" x="10535.34" z="2299.8" r="210"/>
<zone name="InfectedCity" smin="0" smax="0" dmin="15" dmax="20" x="10637.34" z="2375.8" r="210"/>
<zone name="InfectedArmy" smin="4" smax="8" dmin="10" dmax="15" x="10438.6" z="2442.22" r="100"/>
<zone name="InfectedArmy" smin="4" smax="8" dmin="10" dmax="15" x="10417.6" z="2578.22" r="100"/>

<!-- Pusta -->
<zone name="InfectedVillage" smin="0" smax="0" dmin="6" dmax="12" x="9146.5" z="3819.5" r="60"/>
<zone name="InfectedVillageTier1" smin="0" smax="0" dmin="6" dmax="12" x="9159.5" z="3920.5" r="60"/>

<!-- Prigorodki -->
<zone name="InfectedIndustrial" smin="0" smax="0" dmin="8" dmax="12" x="7502.5" z="3124.17" r="120"/>
<zone name="InfectedIndustrial" smin="0" smax="0" dmin="8" dmax="12" x="7700.5" z="3221.17" r="120"/>
<zone name="InfectedIndustrial" smin="0" smax="0" dmin="8" dmax="12" x="7978.5" z="3112.17" r="120"/>
<zone name="InfectedIndustrial" smin="0" smax="0" dmin="8" dmax="12" x="7875.5" z="3001.17" r="120"/>
<zone name="InfectedIndustrial" smin="0" smax="0" dmin="8" dmax="12" x="7735.5" z="3085.17" r="120"/>
<zone name="InfectedIndustrial" smin="0" smax="0" dmin="8" dmax="12" x="7600.5" z="2926.17" r="120"/>
<zone name="InfectedIndustrial" smin="0" smax="0" dmin="8" dmax="12" x="7422.5" z="2686.17" r="120"/>
<zone name="InfectedSolitude" smin="0" smax="0" dmin="4" dmax="8" x="8055.83" z="3326.56" r="160"/>
<zone name="InfectedSolitude" smin="0" smax="0" dmin="4" dmax="8" x="7734.83" z="3523.56" r="160"/>

<!-- Dubky -->
<zone name="InfectedIndustrial" smin="0" smax="0" dmin="8" dmax="12" x="6516.5" z="3549.17" r="120"/>
<zone name="InfectedIndustrial" smin="0" smax="0" dmin="8" dmax="12" x="6676.5" z="3535.17" r="120"/>
<zone name="InfectedIndustrial" smin="0" smax="0" dmin="8" dmax="12" x="6810.5" z="3537.17" r="120"/>
<zone name="InfectedIndustrial" smin="0" smax="0" dmin="8" dmax="12" x="6612.5" z="3652.17" r="120"/>
<zone name="InfectedIndustrial" smin="0" smax="0" dmin="8" dmax="12" x="6822.5" z="3681.17" r="120"/>
<zone name="InfectedIndustrial" smin="0" smax="0" dmin="8" dmax="12" x="6932.5" z="3524.17" r="120"/>
<zone name="InfectedIndustrial" smin="0" smax="0" dmin="8" dmax="12" x="6843.5" z="3442.17" r="120"/>

<!-- Novoselky -->
<zone name="InfectedPolice" smin="0" smax="0" dmin="8" dmax="12" x="6200.9" z="2918.6" r="100"/>
<zone name="InfectedCity" smin="0" smax="0" dmin="15" dmax="20" x="6113.34" z="2903.8" r="210"/>
<zone name="InfectedCity" smin="0" smax="0" dmin="15" dmax="20" x="6493.34" z="3054.8" r="210"/>
<zone name="InfectedCity" smin="0" smax="0" dmin="15" dmax="20" x="6373.34" z="1393.8" r="210"/>
<zone name="InfectedCity" smin="0" smax="0" dmin="15" dmax="20" x="6043.34" z="3196.8" r="210"/>
<zone name="InfectedIndustrial" smin="0" smax="0" dmin="8" dmax="12" x="6120.5" z="3326.17" r="120"/>
<zone name="InfectedIndustrial" smin="0" smax="0" dmin="8" dmax="12" x="6194.5" z="3201.17" r="120"/>
<zone name="InfectedIndustrial" smin="0" smax="0" dmin="8" dmax="12" x="6401.5" z="3086.17" r="120"/>
<zone name="InfectedIndustrial" smin="0" smax="0" dmin="8" dmax="12" x="6434.5" z="2908.17" r="120"/>

<!-- Factory Chernogorsk -->
<zone name="InfectedMedic" smin="0" smax="0" dmin="8" dmax="12" x="6475.91" z="2715.2" r="50"/>
<zone name="InfectedFirefighter" smin="0" smax="0" dmin="4" dmax="10" x="6260.13" z="2719.6" r="60"/>
<zone name="InfectedIndustrial" smin="0" smax="0" dmin="8" dmax="12" x="6322.5" z="2503.17" r="120"/>
<zone name="InfectedIndustrial" smin="0" smax="0" dmin="8" dmax="12" x="6256.5" z="2644.17" r="120"/>
<zone name="InfectedIndustrial" smin="0" smax="0" dmin="8" dmax="12" x="6377.5" z="2672.17" r="120"/>
<zone name="InfectedIndustrial" smin="0" smax="0" dmin="8" dmax="12" x="6478.5" z="2673.17" r="120"/>
<zone name="InfectedIndustrial" smin="0" smax="0" dmin="8" dmax="12" x="6518.5" z="2764.17" r="120"/>
<zone name="InfectedIndustrial" smin="0" smax="0" dmin="8" dmax="12" x="6424.5" z="2816.17" r="120"/>
<zone name="InfectedIndustrial" smin="0" smax="0" dmin="8" dmax="12" x="6544.5" z="2840.17" r="120"/>
<zone name="InfectedReligious" smin="0" smax="0" dmin="4" dmax="8" x="6706.1" z="2939.73" r="60"/>

<!-- Chernogorsk -->
<zone name="InfectedReligious" smin="0" smax="0" dmin="4" dmax="8" x="6482.1" z="2359.73" r="60"/>
<zone name="InfectedPolice" smin="0" smax="0" dmin="8" dmax="12" x="6632.9" z="2582.6" r="100"/>
<zone name="InfectedSolitude" smin="0" smax="0" dmin="4" dmax="8" x="6337.83" z="2258.56" r="160"/>
<zone name="InfectedSolitude" smin="0" smax="0" dmin="4" dmax="8" x="6418.83" z="2434.56" r="160"/>
<zone name="InfectedSolitude" smin="0" smax="0" dmin="4" dmax="8" x="6572.83" z="2442.56" r="160"/>
<zone name="InfectedSolitude" smin="0" smax="0" dmin="4" dmax="8" x="6663.83" z="2446.56" r="160"/>
<zone name="InfectedSolitude" smin="0" smax="0" dmin="4" dmax="8" x="6681.83" z="2707.56" r="160"/>
<zone name="InfectedIndustrial" smin="0" smax="0" dmin="8" dmax="12" x="6812.5" z="2649.17" r="120"/>
<zone name="InfectedIndustrial" smin="0" smax="0" dmin="8" dmax="12" x="7027.5" z="2625.17" r="120"/>
<zone name="InfectedIndustrial" smin="0" smax="0" dmin="8" dmax="12" x="7154.5" z="2737.17" r="120"/>
<zone name="InfectedIndustrial" smin="0" smax="0" dmin="8" dmax="12" x="7113.5" z="2888.17" r="120"/>
<zone name="InfectedIndustrial" smin="0" smax="0" dmin="8" dmax="12" x="7310.5" z="2782.17" r="120"/>

<!-- Vysotovo -->
<zone name="InfectedSolitude" smin="0" smax="0" dmin="4" dmax="8" x="5461.83" z="2686.56" r="160"/>
<zone name="InfectedSolitude" smin="0" smax="0" dmin="4" dmax="8" x="5583.83" z="2550.56" r="160"/>
<zone name="InfectedSolitude" smin="0" smax="0" dmin="4" dmax="8" x="5747.83" z="2566.56" r="160"/>
<zone name="InfectedSolitude" smin="0" smax="0" dmin="4" dmax="8" x="5747.83" z="2457.56" r="160"/>
<zone name="InfectedSolitude" smin="0" smax="0" dmin="4" dmax="8" x="5864.83" z="2707.56" r="160"/>
<zone name="InfectedSolitude" smin="0" smax="0" dmin="4" dmax="8" x="5922.83" z="2555.56" r="160"/>
<zone name="InfectedIndustrial" smin="0" smax="0" dmin="8" dmax="12" x="5656.5" z="2343.17" r="120"/>

<!-- Ozerko -->
<zone name="InfectedMedic" smin="0" smax="0" dmin="8" dmax="12" x="7051.91" z="4303.2" r="50"/>

<!-- Mogilevka -->
<zone name="InfectedReligious" smin="0" smax="0" dmin="4" dmax="8" x="7417.1" z="5159.73" r="60"/>
<zone name="InfectedVillage" smin="0" smax="0" dmin="6" dmax="12" x="7571.5" z="5206.5" r="60"/>
<zone name="InfectedVillageTier1" smin="0" smax="0" dmin="6" dmax="12" x="7522.5" z="5110.5" r="60"/>
<zone name="InfectedVillage" smin="0" smax="0" dmin="6" dmax="12" x="7748.5" z="5123.5" r="60"/>

<!-- Vyshnoye -->
<zone name="InfectedVillage" smin="0" smax="0" dmin="6" dmax="12" x="6551.5" z="6074.5" r="60"/>

<!-- South of Novy Sobor -->
<zone name="InfectedMedic" smin="0" smax="0" dmin="8" dmax="12" x="7281.91" z="7065.2" r="50"/>

<!-- Novy Sobor -->
<zone name="InfectedReligious" smin="0" smax="0" dmin="4" dmax="8" x="7070.1" z="7704.73" r="60"/>
<zone name="InfectedPolice" smin="0" smax="0" dmin="8" dmax="12" x="7168.9" z="7668.6" r="100"/>
<zone name="InfectedIndustrial" smin="0" smax="0" dmin="8" dmax="12" x="6945.5" z="7736.17" r="120"/>
<zone name="InfectedIndustrial" smin="0" smax="0" dmin="8" dmax="12" x="7224.5" z="7707.17" r="120"/>
<zone name="InfectedIndustrial" smin="0" smax="0" dmin="8" dmax="12" x="7162.5" z="7563.17" r="120"/>

<!-- Altar -->
<zone name="InfectedArmy" smin="4" smax="8" dmin="10" dmax="15" x="8193.6" z="9080.22" r="100"/>
<zone name="InfectedArmyHard" smin="4" smax="8" dmin="10" dmax="15" x="8102.6" z="9295.22" r="100"/>

<!-- Easet of Devils Castle -->
<zone name="InfectedMedic" smin="0" smax="0" dmin="8" dmax="12" x="8117.91" z="11022.2" r="50"/>
<zone name="InfectedSolitude" smin="0" smax="0" dmin="8" dmax="16" x="8124.83" z="10951.56" r="160"/>

<!-- Devils Castle -->
<zone name="InfectedSolitude" smin="0" smax="0" dmin="4" dmax="8" x="6885.83" z="11490.56" r="160"/>
<zone name="InfectedSolitude" smin="0" smax="0" dmin="4" dmax="8" x="6909.83" z="11373.56" r="160"/>

<!-- Gvozdno -->
<zone name="InfectedReligious" smin="0" smax="0" dmin="4" dmax="8" x="8530.1" z="11960.73" r="60"/>
<zone name="InfectedVillage" smin="0" smax="0" dmin="6" dmax="12" x="8449.5" z="12042.5" r="60"/>
<zone name="InfectedVillageTier1" smin="0" smax="0" dmin="6" dmax="12" x="8610.5" z="11908.5" r="60"/>

<!-- Svergino -->
<zone name="InfectedIndustrial" smin="0" smax="0" dmin="8" dmax="12" x="9273.5" z="13603.17" r="120"/>
<zone name="InfectedIndustrial" smin="0" smax="0" dmin="8" dmax="12" x="9405.5" z="13721.17" r="120"/>
<zone name="InfectedIndustrial" smin="0" smax="0" dmin="8" dmax="12" x="9698.5" z="13791.17" r="120"/>
<zone name="InfectedVillage" smin="0" smax="0" dmin="6" dmax="12" x="9773.5" z="13917.5" r="60"/>
<zone name="InfectedVillageTier1" smin="0" smax="0" dmin="6" dmax="12" x="9384.5" z="13925.5" r="60"/>

<!-- Nagornoe -->
<zone name="InfectedIndustrial" smin="0" smax="0" dmin="8" dmax="12" x="9184.5" z="14513.17" r="120"/>
<zone name="InfectedVillage" smin="0" smax="0" dmin="6" dmax="12" x="9348.5" z="14579.5" r="60"/>
<zone name="InfectedVillageTier1" smin="0" smax="0" dmin="6" dmax="12" x="9418.5" z="14697.5" r="60"/>
<zone name="InfectedVillage" smin="0" smax="0" dmin="6" dmax="12" x="9487.5" z="14631.5" r="60"/>

<!-- West of Svergino -->
<zone name="InfectedMedic" smin="0" smax="0" dmin="8" dmax="12" x="8571.91" z="13969.2" r="50"/>
<zone name="InfectedArmy" smin="4" smax="8" dmin="10" dmax="15" x="8465.6" z="13991.22" r="100"/>

<!-- Millitary Base Troitskoe -->
<zone name="InfectedArmyHard" smin="4" smax="8" dmin="10" dmax="15" x="7803.6" z="14789.22" r="100"/>
<zone name="InfectedArmy" smin="4" smax="8" dmin="10" dmax="15" x="8001.6" z="14629.22" r="100"/>

<!-- West of Stary Yar -->
<zone name="InfectedIndustrial" smin="0" smax="0" dmin="8" dmax="12" x="5758.5" z="15209.17" r="120"/>

<!-- Stary Yar -->
<zone name="InfectedReligious" smin="0" smax="0" dmin="4" dmax="8" x="5038.1" z="15075.73" r="60"/>
<zone name="InfectedVillage" smin="0" smax="0" dmin="6" dmax="12" x="5185.5" z="15069.5" r="60"/>
<zone name="InfectedSolitude" smin="0" smax="0" dmin="4" dmax="8" x="5201.83" z="14924.56" r="160"/>
<zone name="InfectedSolitude" smin="0" smax="0" dmin="4" dmax="8" x="4988.83" z="15143.56" r="160"/>
<zone name="InfectedSolitude" smin="0" smax="0" dmin="4" dmax="8" x="4889.83" z="15019.56" r="160"/>

<!-- Krasnoe -->
<zone name="InfectedIndustrial" smin="0" smax="0" dmin="8" dmax="12" x="6455.5" z="14955.17" r="120"/>
<zone name="InfectedReligious" smin="0" smax="0" dmin="4" dmax="8" x="6567.1" z="14981.73" r="60"/>

<!-- Kamensk -->
<zone name="InfectedVillage" smin="0" smax="0" dmin="6" dmax="12" x="6499.5" z="14440.5" r="60"/>
<zone name="InfectedVillageTier1" smin="0" smax="0" dmin="6" dmax="12" x="6640.5" z="14475.5" r="60"/>
<zone name="InfectedIndustrial" smin="0" smax="0" dmin="8" dmax="12" x="6709.5" z="14343.17" r="120"/>
<zone name="InfectedArmy" smin="4" smax="8" dmin="10" dmax="15" x="7058.6" z="14608.22" r="100"/>

<!-- Polesovo -->
<zone name="InfectedVillage" smin="0" smax="0" dmin="6" dmax="12" x="5712.5" z="13576.5" r="60"/>
<zone name="InfectedVillageTier1" smin="0" smax="0" dmin="6" dmax="12" x="5883.5" z="13521.5" r="60"/>

<!-- Ratnoe -->
<zone name="InfectedVillage" smin="0" smax="0" dmin="6" dmax="12" x="6244.5" z="12674.5" r="60"/>
<zone name="InfectedVillageTier1" smin="0" smax="0" dmin="6" dmax="12" x="6377.5" z="12720.5" r="60"/>

<!-- Millitary Base Dichina -->
<zone name="InfectedArmy" smin="4" smax="8" dmin="10" dmax="15" x="4485.6" z="8271.22" r="100"/>
<zone name="InfectedArmyHard" smin="4" smax="8" dmin="10" dmax="15" x="4569.6" z="8275.22" r="100"/>
<zone name="InfectedArmy" smin="4" smax="8" dmin="10" dmax="15" x="4546.6" z="8339.22" r="100"/>

<!-- Rogovo -->
<zone name="InfectedVillage" smin="0" smax="0" dmin="6" dmax="12" x="4759.5" z="6820.5" r="60"/>

<!-- Pogorevka -->
<zone name="InfectedReligious" smin="0" smax="0" dmin="4" dmax="8" x="4550.1" z="6391.73" r="60"/>
<zone name="InfectedVillage" smin="0" smax="0" dmin="6" dmax="12" x="4471.5" z="6390.5" r="60"/>
<zone name="InfectedVillageTier1" smin="0" smax="0" dmin="6" dmax="12" x="4408.5" z="6465.5" r="60"/>
<zone name="InfectedVillage" smin="0" smax="0" dmin="6" dmax="12" x="4520.5" z="6452.5" r="60"/>

<!-- Green Mnt. -->
<zone name="InfectedArmyHard" smin="4" smax="8" dmin="10" dmax="15" x="3686.6" z="5956.22" r="100"/>

<!-- Pulkovo -->
<zone name="InfectedReligious" smin="0" smax="0" dmin="4" dmax="8" x="5450.1" z="5462.73" r="60"/>
<zone name="InfectedVillageTier1" smin="0" smax="0" dmin="6" dmax="12" x="4945.5" z="5603.5" r="60"/>
<zone name="InfectedVillage" smin="0" smax="0" dmin="6" dmax="12" x="4885.5" z="5675.5" r="60"/>

<!-- Kozlovka -->
<zone name="InfectedIndustrial" smin="0" smax="0" dmin="8" dmax="12" x="4523.5" z="4575.17" r="120"/>
<zone name="InfectedIndustrial" smin="0" smax="0" dmin="8" dmax="12" x="4392.5" z="4651.17" r="120"/>

<!-- Airstrip Balota -->
<zone name="InfectedIndustrial" smin="0" smax="0" dmin="8" dmax="12" x="4903.5" z="2477.17" r="120"/>

<!-- Balota -->
<zone name="InfectedVillageTier1" smin="0" smax="0" dmin="6" dmax="12" x="4425.5" z="2478.5" r="60"/>
<zone name="InfectedVillage" smin="0" smax="0" dmin="6" dmax="12" x="4485.5" z="2384.5" r="60"/>

<!-- Prison Island -->
<zone name="InfectedPrisoner" smin="0" smax="0" dmin="10" dmax="20" x="2804" z="1214" r="60"/>
<zone name="InfectedPrisoner" smin="0" smax="0" dmin="10" dmax="20" x="2757" z="1284" r="60"/>
<zone name="InfectedPolice" smin="0" smax="0" dmin="8" dmax="12" x="2610.9" z="1307.6" r="100"/>
<zone name="InfectedPolice" smin="0" smax="0" dmin="8" dmax="12" x="2576.9" z="1353.6" r="100"/>

<!-- Komarovo -->
<zone name="InfectedPolice" smin="0" smax="0" dmin="8" dmax="12" x="3570.9" z="2428.6" r="100"/>
<zone name="InfectedSolitude" smin="0" smax="0" dmin="4" dmax="8" x="3630.83" z="2512.56" r="160"/>
<zone name="InfectedSolitude" smin="0" smax="0" dmin="4" dmax="8" x="3680.83" z="2446.56" r="160"/>

<!-- Kameka -->
<zone name="InfectedVillage" smin="0" smax="0" dmin="6" dmax="12" x="1761.5" z="2216.5" r="60"/>
<zone name="InfectedVillageTier1" smin="0" smax="0" dmin="6" dmax="12" x="1869.5" z="2258.5" r="60"/>
<zone name="InfectedVillage" smin="0" smax="0" dmin="6" dmax="12" x="1858.5" z="2131.5" r="60"/>
<zone name="InfectedVillageTier1" smin="0" smax="0" dmin="6" dmax="12" x="1988.5" z="2266.5" r="60"/>

<!-- Bay Tikhaya -->
<zone name="InfectedSolitude" smin="0" smax="0" dmin="4" dmax="8" x="1142.83" z="2381.56" r="160"/>

<!-- MIllitary Base Pavlovo -->
<zone name="InfectedMedic" smin="0" smax="0" dmin="8" dmax="12" x="2165.91" z="3357.2" r="50"/>
<zone name="InfectedArmyHard" smin="4" smax="8" dmin="10" dmax="15" x="2074.6" z="3508.22" r="100"/>
<zone name="InfectedArmy" smin="4" smax="8" dmin="10" dmax="15" x="1954.6" z="3403.22" r="100"/>
<zone name="InfectedArmyHard" smin="4" smax="8" dmin="10" dmax="15" x="2121.6" z="3343.22" r="100"/>
<zone name="InfectedArmy" smin="4" smax="8" dmin="10" dmax="15" x="2206.6" z="3328.22" r="100"/>

<!-- Pavlovo -->
<zone name="InfectedReligious" smin="0" smax="0" dmin="4" dmax="8" x="1733.1" z="3822.73" r="60"/>
<zone name="InfectedVillage" smin="0" smax="0" dmin="6" dmax="12" x="1664.5" z="3902.5" r="60"/>
<zone name="InfectedVillageTier1" smin="0" smax="0" dmin="6" dmax="12" x="1681.5" z="3803.5" r="60"/>

<!-- Bor -->
<zone name="InfectedVillage" smin="0" smax="0" dmin="6" dmax="12" x="3317.5" z="3932.5" r="60"/>

<!-- Drozhino -->
<zone name="InfectedSolitude" smin="0" smax="0" dmin="4" dmax="8" x="3340.83" z="4937.56" r="160"/>

<!-- Zelenogorsk -->
<zone name="InfectedReligious" smin="0" smax="0" dmin="4" dmax="8" x="2730.1" z="5452.73" r="60"/>
<zone name="InfectedPolice" smin="0" smax="0" dmin="8" dmax="12" x="2729.9" z="5370.6" r="100"/>
<zone name="InfectedMedic" smin="0" smax="0" dmin="8" dmax="12" x="2737.91" z="5180.2" r="50"/>
<zone name="InfectedFirefighter" smin="0" smax="0" dmin="4" dmax="10" x="2586.13" z="5083.6" r="60"/>
<zone name="InfectedCity" smin="0" smax="0" dmin="15" dmax="20" x="2636.34" z="5465.8" r="210"/>
<zone name="InfectedCity" smin="0" smax="0" dmin="15" dmax="20" x="2830.34" z="5433.8" r="210"/>
<zone name="InfectedCity" smin="0" smax="0" dmin="15" dmax="20" x="2716.34" z="5232.8" r="210"/>
<zone name="InfectedIndustrial" smin="0" smax="0" dmin="8" dmax="12" x="2656.5" z="5338.17" r="120"/>
<zone name="InfectedIndustrial" smin="0" smax="0" dmin="8" dmax="12" x="2796.5" z="5352.17" r="120"/>
<zone name="InfectedIndustrial" smin="0" smax="0" dmin="8" dmax="12" x="2576.5" z="5284.17" r="120"/>
<zone name="InfectedArmy" smin="4" smax="8" dmin="10" dmax="15" x="2495.6" z="5140.22" r="100"/>
<zone name="InfectedArmyHard" smin="4" smax="8" dmin="10" dmax="15" x="2525.6" z="5065.22" r="100"/>

<!-- Sosnovka -->
<zone name="InfectedIndustrial" smin="0" smax="0" dmin="8" dmax="12" x="2584.5" z="6385.17" r="120"/>
<zone name="InfectedIndustrial" smin="0" smax="0" dmin="8" dmax="12" x="2454.5" z="6356.17" r="120"/>

<!-- West of Myshkino -->
<zone name="InfectedIndustrial" smin="0" smax="0" dmin="8" dmax="12" x="997.5" z="7626.17" r="120"/>

<!-- Myshkino -->
<zone name="InfectedVillageTier1" smin="0" smax="0" dmin="6" dmax="12" x="1965.5" z="7357.5" r="60"/>
<zone name="InfectedVillage" smin="0" smax="0" dmin="6" dmax="12" x="1992.5" z="7239.5" r="60"/>

<!-- Pustoshka -->
<zone name="InfectedReligious" smin="0" smax="0" dmin="4" dmax="8" x="3031.1" z="7826.73" r="60"/>
<zone name="InfectedReligious" smin="0" smax="0" dmin="4" dmax="8" x="2948.1" z="8028.73" r="60"/>
<zone name="InfectedIndustrial" smin="0" smax="0" dmin="8" dmax="12" x="3156.5" z="8068.17" r="120"/>
<zone name="InfectedIndustrial" smin="0" smax="0" dmin="8" dmax="12" x="3090.5" z="7960.17" r="120"/>
<zone name="InfectedIndustrial" smin="0" smax="0" dmin="8" dmax="12" x="3048.5" z="7864.17" r="120"/>
<zone name="InfectedIndustrial" smin="0" smax="0" dmin="8" dmax="12" x="2975.5" z="7729.17" r="120"/>

<!-- Bogatyrka -->
<zone name="InfectedVillage" smin="0" smax="0" dmin="6" dmax="12" x="1563.5" z="8956.5" r="60"/>

<!-- SW of Zabolotye -->
<zone name="InfectedSolitude" smin="0" smax="0" dmin="4" dmax="8" x="326.83" z="9402.56" r="160"/>

<!-- Zabolotye -->
<zone name="InfectedSolitude" smin="0" smax="0" dmin="4" dmax="8" x="1165.83" z="9990.56" r="160"/>

<!-- Tisy -->
<zone name="InfectedIndustrial" smin="0" smax="0" dmin="8" dmax="12" x="3420.5" z="14807.17" r="120"/>
<zone name="InfectedMedic" smin="0" smax="0" dmin="8" dmax="12" x="3649.91" z="14856.2" r="50"/>

<!-- Grozovoy -->
<zone name="InfectedReligious" smin="0" smax="0" dmin="4" dmax="8" x="2620.1" z="15214.73" r="60"/>
<zone name="InfectedSolitude" smin="0" smax="0" dmin="4" dmax="8" x="2973.83" z="15195.56" r="160"/>

<!-- Millitary Base Tisy -->
<zone name="InfectedArmy" smin="4" smax="8" dmin="10" dmax="15" x="1440.6" z="14454.22" r="100"/>
<zone name="InfectedArmyHard" smin="4" smax="8" dmin="10" dmax="15" x="1693.6" z="14313.22" r="100"/>
<zone name="InfectedArmy" smin="4" smax="8" dmin="10" dmax="15" x="1668.6" z="14171.22" r="100"/>
<zone name="InfectedArmyHard" smin="4" smax="8" dmin="10" dmax="15" x="1547.6" z="14048.22" r="100"/>
<zone name="InfectedArmy" smin="4" smax="8" dmin="10" dmax="15" x="1706.6" z="13861.22" r="100"/>
<zone name="InfectedArmy" smin="4" smax="8" dmin="10" dmax="15" x="1838.6" z="13764.22" r="100"/>

<!-- Sinystok -->
<zone name="InfectedReligious" smin="0" smax="0" dmin="4" dmax="8" x="1474.1" z="11295.73" r="60"/>
<zone name="InfectedReligious" smin="0" smax="0" dmin="4" dmax="8" x="1565.1" z="12020.73" r="60"/>
<zone name="InfectedReligious" smin="0" smax="0" dmin="4" dmax="8" x="1336.1" z="12066.73" r="60"/>

<!-- AirField -->
<zone name="InfectedArmy" smin="4" smax="8" dmin="10" dmax="15" x="4204.6" z="11063.22" r="100"/>
<zone name="InfectedArmyHard" smin="4" smax="8" dmin="10" dmax="15" x="4214.6" z="11009.22" r="100"/>

<!-- Bashnya -->
<zone name="InfectedArmy" smin="4" smax="8" dmin="10" dmax="15" x="4002.6" z="11822.22" r="100"/>
<zone name="InfectedArmyHard" smin="4" smax="8" dmin="10" dmax="15" x="4063.6" z="11661.22" r="100"/>

<!-- Kabanino -->
<zone name="InfectedReligious" smin="0" smax="0" dmin="4" dmax="8" x="5193.1" z="8565.73" r="60"/>
<zone name="InfectedSolitude" smin="0" smax="0" dmin="4" dmax="8" x="5340.83" z="8632.56" r="160"/>
<zone name="InfectedVillage" smin="0" smax="0" dmin="6" dmax="12" x="5411.5" z="8515.5" r="60"/>

<!-- Grishino -->
<zone name="InfectedReligious" smin="0" smax="0" dmin="4" dmax="8" x="6184.1" z="10403.73" r="60"/>
<zone name="InfectedPolice" smin="0" smax="0" dmin="8" dmax="12" x="6004.9" z="10347.6" r="100"/>
<zone name="InfectedVillage" smin="0" smax="0" dmin="6" dmax="12" x="5902.5" z="10170.5" r="60"/>

<!-- Zaprudnoe -->
<zone name="InfectedSolitude" smin="0" smax="0" dmin="4" dmax="8" x="5469.83" z="13173.56" r="160"/>
<zone name="InfectedArmy" smin="4" smax="8" dmin="15" dmax="25" x="4984.6" z="12992.22" r="100"/>
<zone name="InfectedIndustrial" smin="0" smax="0" dmin="8" dmax="12" x="5049.5" z="12768.17" r="120"/>

<!-- Novaya Petrovka -->
<zone name="InfectedIndustrial" smin="0" smax="0" dmin="8" dmax="12" x="3437.5" z="12712.17" r="120"/>
<zone name="InfectedIndustrial" smin="0" smax="0" dmin="8" dmax="12" x="3823.5" z="13017.17" r="120"/>
<zone name="InfectedPolice" smin="0" smax="0" dmin="8" dmax="12" x="3422.9" z="13016.6" r="100"/>
<zone name="InfectedMedic" smin="0" smax="0" dmin="8" dmax="12" x="3454.91" z="13163.2" r="50"/>
<zone name="InfectedReligious" smin="0" smax="0" dmin="4" dmax="8" x="3645.1" z="13129.73" r="60"/>
<zone name="InfectedCity" smin="0" smax="0" dmin="15" dmax="20" x="3381.34" z="13094.8" r="210"/>
<zone name="InfectedSolitude" smin="0" smax="0" dmin="4" dmax="8" x="3816.83" z="13016.56" r="160"/>

<!-- Topolniki -->
<zone name="InfectedIndustrial" smin="0" smax="0" dmin="8" dmax="12" x="2747.5" z="12346.17" r="120"/>
<zone name="InfectedIndustrial" smin="0" smax="0" dmin="8" dmax="12" x="2964.5" z="12486.17" r="120"/>
<zone name="InfectedIndustrial" smin="0" smax="0" dmin="8" dmax="12" x="2967.5" z="12656.17" r="120"/>

<!-- Vavilovo -->
<zone name="InfectedVillage" smin="0" smax="0" dmin="6" dmax="12" x="2450.5" z="10991.5" r="60"/>
<zone name="InfectedVillageTier1" smin="0" smax="0" dmin="6" dmax="12" x="2209.5" z="11064.5" r="60"/>
<zone name="InfectedVillage" smin="0" smax="0" dmin="6" dmax="12" x="2286.5" z="11221.5" r="60"/>

<!-- Lopatino -->
<zone name="InfectedReligious" smin="0" smax="0" dmin="4" dmax="8" x="2718.1" z="10039.73" r="60"/>
<zone name="InfectedVillage" smin="0" smax="0" dmin="6" dmax="12" x="2762.5" z="9921.5" r="60"/>

<!-- Vybor -->
<zone name="InfectedMedic" smin="0" smax="0" dmin="8" dmax="12" x="3757.91" z="9008.2" r="50"/>
<zone name="InfectedPolice" smin="0" smax="0" dmin="8" dmax="12" x="3726.9" z="8921.6" r="100"/>
<zone name="InfectedIndustrial" smin="0" smax="0" dmin="8" dmax="12" x="4142.5" z="8937.17" r="120"/>
<zone name="InfectedVillage" smin="0" smax="0" dmin="6" dmax="12" x="3827.5" z="8926.5" r="60"/>

<!-- end new entrys -->

    </territory>
</territory-type>

<!--
****************************************************
Org File Created by Bhaalshad. For more help files for DayZ come visit us at DonSibley.Games
If you upload this to another Discord or webpage, please leave filename intact and dont take credit
as your own. Thank you and enjoy :)
-->