<?xml version="1.0" encoding="UTF-8" standalone="yes"?>
<lists>
	<categories>
        <category name="mymap"/>
    </categories>
    <tags>
        <tag name="floor"/>
        <tag name="shelves"/>
        <tag name="ground"/>
    </tags>
    <usageflags>
	<!-- new 1.14 --> <usage name="ContaminatedArea"/>
        <usage name="Military"/>
		<usage name="Attachment"/>
        <usage name="Weapons"/>
        <usage name="Exsplosives"/>
        <usage name="Equipment"/>
        <usage name="Containers"/>
        <usage name="Medical"/>
        <usage name="Carparts"/>
        <usage name="Clothes"/>
		<usage name="MilitaryClothes"/>
        <usage name="FoodDrink"/>
        <usage name="Tools"/>
        <usage name="RepairItems"/>
        <usage name="MagsAmmo"/>
        <usage name="Police"/>
        <usage name="FireFighter"/>
        <usage name="Industrial"/>
        <usage name="Prison"/>
        <usage name="Special"/>
        <usage name="Seasonal"/>
		<usage name="Plants"/>
		<usage name="Misc"/>
		<usage name="Zombies"/>
		<usage name="Animals"/>
        <usage name="DontUse"/>
    </usageflags>
    <valueflags>
        <value name="Tier1"/>
        <value name="Tier2"/>
        <value name="Tier3"/>
        <value name="Tier4"/>
    </valueflags>
</lists>
