<?xml version="1.0" encoding="UTF-8"?>
<territory-type>
    <territory color="2575065676">
        <zone name="InfectedVillage" smin="0" smax="0" dmin="5" dmax="8" x="5740" z="12285" r="65"/>
        <zone name="InfectedVillage" smin="0" smax="0" dmin="4" dmax="8" x="5683.88" z="12557.3" r="80"/>
        <zone name="InfectedVillage" smin="0" smax="0" dmin="4" dmax="8" x="6841.13" z="13347" r="100"/>
        <zone name="InfectedVillage" smin="0" smax="0" dmin="5" dmax="8" x="6309" z="7272" r="125"/>
        <zone name="InfectedVillage" smin="0" smax="0" dmin="4" dmax="7" x="6099" z="7305" r="90"/>
        <zone name="InfectedVillage" smin="0" smax="0" dmin="4" dmax="7" x="5934" z="7764" r="90"/>
        <zone name="InfectedVillage" smin="0" smax="0" dmin="4" dmax="7" x="4659" z="8454" r="90"/>
        <zone name="InfectedVillage" smin="0" smax="0" dmin="4" dmax="7" x="4755" z="8712" r="90"/>
        <zone name="InfectedVillage" smin="0" smax="0" dmin="4" dmax="7" x="6321" z="8820" r="90"/>
        <zone name="InfectedVillage" smin="0" smax="0" dmin="4" dmax="7" x="6030" z="8478" r="90"/>
        <zone name="InfectedVillage" smin="0" smax="0" dmin="4" dmax="7" x="6867" z="8658" r="90"/>
        <zone name="InfectedVillage" smin="0" smax="0" dmin="4" dmax="7" x="6676.5" z="12748.1" r="70"/>
        <zone name="InfectedVillage" smin="0" smax="0" dmin="4" dmax="7" x="5919" z="12447" r="50"/>
        <zone name="InfectedVillage" smin="0" smax="0" dmin="4" dmax="7" x="10642.5" z="6637.5" r="70"/>
        <zone name="InfectedVillage" smin="0" smax="0" dmin="2" dmax="4" x="9642.5" z="6547.5" r="60"/>
        <zone name="InfectedVillage" smin="0" smax="0" dmin="4" dmax="7" x="8820" z="6652.5" r="70"/>
        <zone name="InfectedVillage" smin="0" smax="0" dmin="5" dmax="8" x="7064.25" z="12912" r="50"/>
        <zone name="InfectedVillage" smin="0" smax="0" dmin="5" dmax="8" x="6679.5" z="12353.6" r="50"/>
        <zone name="InfectedVillage" smin="0" smax="0" dmin="4" dmax="6" x="6123" z="12234" r="50"/>
        <zone name="InfectedVillage" smin="0" smax="0" dmin="5" dmax="8" x="5856" z="12723" r="60"/>
        <zone name="InfectedVillage" smin="0" smax="0" dmin="5" dmax="8" x="5658" z="11943" r="60"/>
        <zone name="InfectedVillage" smin="0" smax="0" dmin="5" dmax="8" x="5940" z="8064" r="60"/>
        <zone name="InfectedVillage" smin="0" smax="0" dmin="5" dmax="8" x="5805" z="7827" r="60"/>
        <zone name="InfectedVillage" smin="0" smax="0" dmin="5" dmax="8" x="6207" z="8556" r="60"/>
        <zone name="InfectedVillage" smin="0" smax="0" dmin="5" dmax="8" x="6306" z="8595" r="60"/>
        <zone name="InfectedVillage" smin="0" smax="0" dmin="4" dmax="7" x="6117" z="8664" r="90"/>
        <zone name="InfectedVillage" smin="0" smax="0" dmin="5" dmax="8" x="5985" z="8601" r="60"/>
        <zone name="InfectedVillage" smin="0" smax="0" dmin="5" dmax="8" x="4650" z="8580" r="60"/>
        <zone name="InfectedVillage" smin="0" smax="0" dmin="5" dmax="8" x="4296" z="8388" r="60"/>
        <zone name="InfectedVillage" smin="0" smax="0" dmin="5" dmax="8" x="4437" z="8406" r="60"/>
        <zone name="InfectedVillage" smin="0" smax="0" dmin="5" dmax="8" x="4128" z="8448" r="60"/>
        <zone name="InfectedVillage" smin="0" smax="0" dmin="5" dmax="8" x="4587" z="8697" r="60"/>
        <zone name="InfectedVillage" smin="0" smax="0" dmin="5" dmax="8" x="6954" z="8361" r="60"/>
        <zone name="InfectedVillage" smin="0" smax="0" dmin="4" dmax="7" x="6822" z="8298" r="90"/>
        <zone name="InfectedVillage" smin="0" smax="0" dmin="4" dmax="7" x="7590" z="8823" r="90.0001"/>
        <zone name="InfectedVillage" smin="0" smax="0" dmin="4" dmax="7" x="8076" z="8823" r="90.0001"/>
        <zone name="InfectedVillage" smin="0" smax="0" dmin="4" dmax="7" x="8223" z="8730" r="90.0001"/>
        <zone name="InfectedVillage" smin="0" smax="0" dmin="4" dmax="7" x="7995" z="8952" r="90.0001"/>
        <zone name="InfectedVillage" smin="0" smax="0" dmin="5" dmax="8" x="7806" z="9000" r="60"/>
        <zone name="InfectedVillage" smin="0" smax="0" dmin="5" dmax="8" x="8136" z="9069" r="60"/>
        <zone name="InfectedVillage" smin="0" smax="0" dmin="5" dmax="8" x="8022" z="9120" r="60"/>
        <zone name="InfectedVillage" smin="0" smax="0" dmin="5" dmax="8" x="8436" z="9261" r="60"/>
        <zone name="InfectedVillage" smin="0" smax="0" dmin="5" dmax="8" x="8592" z="8961" r="120"/>
        <zone name="InfectedVillage" smin="0" smax="0" dmin="4" dmax="7" x="8865" z="10032" r="90.0001"/>
        <zone name="InfectedVillage" smin="0" smax="0" dmin="5" dmax="8" x="9228" z="9855" r="60"/>
        <zone name="InfectedVillage" smin="0" smax="0" dmin="5" dmax="8" x="7968" z="10017" r="60"/>
        <zone name="InfectedVillage" smin="0" smax="0" dmin="4" dmax="7" x="8055" z="9831" r="90.0001"/>
        <zone name="InfectedVillage" smin="0" smax="0" dmin="5" dmax="8" x="8565" z="6627" r="60"/>
        <zone name="InfectedVillage" smin="0" smax="0" dmin="5" dmax="8" x="8745" z="6543" r="60"/>
        <zone name="InfectedVillage" smin="0" smax="0" dmin="5" dmax="8" x="8835" z="7950" r="60"/>
        <zone name="InfectedVillage" smin="0" smax="0" dmin="5" dmax="8" x="9237" z="7908" r="60"/>
        <zone name="InfectedVillage" smin="0" smax="0" dmin="5" dmax="8" x="8988" z="7377" r="60"/>
        <zone name="InfectedVillage" smin="0" smax="0" dmin="5" dmax="8" x="8904" z="6753" r="60"/>
        <zone name="InfectedVillage" smin="0" smax="0" dmin="5" dmax="8" x="9825" z="6642" r="60"/>
        <zone name="InfectedVillage" smin="0" smax="0" dmin="5" dmax="8" x="9600" z="7080" r="60"/>
        <zone name="InfectedVillage" smin="0" smax="0" dmin="5" dmax="8" x="9285" z="7347" r="60"/>
        <zone name="InfectedVillage" smin="0" smax="0" dmin="5" dmax="8" x="9267" z="7452" r="60"/>
        <zone name="InfectedVillage" smin="0" smax="0" dmin="5" dmax="8" x="9249" z="7554" r="60"/>
        <zone name="InfectedVillage" smin="0" smax="0" dmin="5" dmax="8" x="9441" z="7590" r="60"/>
        <zone name="InfectedVillage" smin="0" smax="0" dmin="5" dmax="8" x="9495" z="9810" r="60"/>
        <zone name="InfectedVillage" smin="0" smax="0" dmin="5" dmax="8" x="9956.5" z="9765.5" r="60"/>
        <zone name="InfectedVillage" smin="0" smax="0" dmin="5" dmax="8" x="9876" z="9900" r="60"/>
        <zone name="InfectedVillage" smin="0" smax="0" dmin="5" dmax="8" x="9999" z="9843" r="60"/>
        <zone name="InfectedVillage" smin="0" smax="0" dmin="5" dmax="8" x="9648" z="10011" r="60"/>
        <zone name="InfectedVillage" smin="0" smax="0" dmin="4" dmax="8" x="10995" z="9797.5" r="125"/>
        <zone name="InfectedVillage" smin="0" smax="0" dmin="4" dmax="7" x="10960" z="9602.5" r="100"/>
        <zone name="InfectedVillage" smin="0" smax="0" dmin="5" dmax="8" x="9990" z="9337.5" r="60"/>
        <zone name="InfectedVillage" smin="0" smax="0" dmin="5" dmax="8" x="11132.5" z="9705" r="60"/>
        <zone name="InfectedVillage" smin="0" smax="0" dmin="5" dmax="8" x="10865" z="9890" r="60"/>
        <zone name="InfectedVillage" smin="0" smax="0" dmin="5" dmax="8" x="10892.5" z="9772.5" r="60"/>
        <zone name="InfectedVillage" smin="0" smax="0" dmin="5" dmax="8" x="10085" z="9812.5" r="60"/>
        <zone name="InfectedVillage" smin="2" smax="4" dmin="0" dmax="0" x="6736.88" z="7449.38" r="60"/>
        <zone name="InfectedVillage" smin="0" smax="0" dmin="5" dmax="8" x="7195" z="8273.33" r="60"/>
        <zone name="InfectedVillage" smin="0" smax="0" dmin="4" dmax="8" x="8128.33" z="8008.33" r="60"/>
        <zone name="InfectedVillage" smin="0" smax="0" dmin="4" dmax="8" x="8063.33" z="7863.33" r="60"/>
        <zone name="InfectedVillage" smin="0" smax="0" dmin="4" dmax="8" x="8128.33" z="7791.67" r="60"/>
        <zone name="InfectedVillage" smin="0" smax="0" dmin="4" dmax="8" x="8035" z="7735" r="60"/>
        <zone name="InfectedVillage" smin="0" smax="0" dmin="4" dmax="8" x="7888.33" z="7613.54" r="60"/>
        <zone name="InfectedVillage" smin="0" smax="0" dmin="4" dmax="8" x="7960" z="7545" r="60"/>
        <zone name="InfectedVillage" smin="0" smax="0" dmin="4" dmax="8" x="7940" z="7436.67" r="60"/>
        <zone name="InfectedVillage" smin="0" smax="0" dmin="4" dmax="8" x="8428.33" z="7463.33" r="60"/>
        <zone name="InfectedVillage" smin="0" smax="0" dmin="4" dmax="8" x="8266.67" z="7446.67" r="60"/>
        <zone name="InfectedVillage" smin="0" smax="0" dmin="4" dmax="8" x="8391.67" z="7301.67" r="60"/>
        <zone name="InfectedVillage" smin="0" smax="0" dmin="4" dmax="8" x="8301.67" z="7235" r="60"/>
        <zone name="InfectedVillage" smin="0" smax="0" dmin="4" dmax="8" x="8290" z="7641.67" r="60"/>
        <zone name="InfectedVillage" smin="0" smax="0" dmin="4" dmax="8" x="8188.33" z="7665" r="60"/>
        <zone name="InfectedVillage" smin="0" smax="0" dmin="4" dmax="8" x="8540" z="7695" r="60"/>
        <zone name="InfectedVillage" smin="0" smax="0" dmin="4" dmax="8" x="8605" z="7871.67" r="60"/>
        <zone name="InfectedVillage" smin="0" smax="0" dmin="4" dmax="8" x="8350" z="7923.33" r="60"/>
        <zone name="InfectedVillage" smin="0" smax="0" dmin="3" dmax="6" x="9788.33" z="6415" r="60"/>
        <zone name="InfectedVillage" smin="0" smax="0" dmin="3" dmax="6" x="9888.33" z="6420" r="60"/>
        <zone name="InfectedVillage" smin="0" smax="0" dmin="3" dmax="6" x="9925" z="6520" r="60"/>
        <zone name="InfectedVillage" smin="0" smax="0" dmin="3" dmax="6" x="9610" z="6868.33" r="60"/>
        <zone name="InfectedVillage" smin="0" smax="0" dmin="3" dmax="6" x="9803.33" z="6818.33" r="60"/>
        <zone name="InfectedVillage" smin="0" smax="0" dmin="3" dmax="6" x="10406.7" z="6345" r="60"/>
        <zone name="InfectedVillage" smin="0" smax="0" dmin="2" dmax="4" x="5838.75" z="12556.9" r="50"/>
        <zone name="InfectedVillage" smin="0" smax="0" dmin="2" dmax="4" x="5782.5" z="12616.9" r="50"/>
        <zone name="InfectedVillage" smin="0" smax="0" dmin="2" dmax="4" x="6078.75" z="12755.6" r="50"/>
        <zone name="InfectedVillage" smin="0" smax="0" dmin="2" dmax="4" x="6187.5" z="12751.9" r="50"/>
        <zone name="InfectedVillage" smin="0" smax="0" dmin="2" dmax="4" x="6393.75" z="12751.9" r="50"/>
        <zone name="InfectedVillage" smin="0" smax="0" dmin="2" dmax="4" x="6485.63" z="12815.6" r="50"/>
        <zone name="InfectedVillage" smin="0" smax="0" dmin="5" dmax="8" x="6476.25" z="12903.8" r="50"/>
        <zone name="InfectedVillage" smin="0" smax="0" dmin="2" dmax="4" x="6566.25" z="12930" r="50"/>
        <zone name="InfectedVillage" smin="0" smax="0" dmin="2" dmax="4" x="6497.5" z="8527.5" r="50"/>
        <zone name="InfectedVillage" smin="0" smax="0" dmin="2" dmax="4" x="5482.5" z="9332.5" r="50"/>
        <zone name="InfectedVillage" smin="0" smax="0" dmin="2" dmax="4" x="6050" z="9612.5" r="50"/>
        <zone name="InfectedVillage" smin="0" smax="0" dmin="2" dmax="4" x="6090" z="9187.5" r="50"/>
        <zone name="InfectedVillage" smin="0" smax="0" dmin="2" dmax="4" x="5752.5" z="9290" r="50"/>
        <zone name="InfectedVillage" smin="0" smax="0" dmin="2" dmax="4" x="5705" z="9025" r="50"/>
        <zone name="InfectedVillage" smin="0" smax="0" dmin="2" dmax="4" x="5202.5" z="9412.5" r="50"/>
        <zone name="InfectedVillage" smin="0" smax="0" dmin="2" dmax="4" x="4862.5" z="9835" r="50"/>
        <zone name="InfectedVillage" smin="0" smax="0" dmin="2" dmax="4" x="4837.5" z="9750" r="50"/>
        <zone name="InfectedVillage" smin="0" smax="0" dmin="2" dmax="4" x="5255" z="9976.67" r="50"/>
        <zone name="InfectedVillage" smin="0" smax="0" dmin="2" dmax="4" x="5173.33" z="9865" r="50"/>
        <zone name="InfectedVillage" smin="0" smax="0" dmin="2" dmax="4" x="5230" z="9803.33" r="50"/>
        <zone name="InfectedVillage" smin="0" smax="0" dmin="2" dmax="4" x="5318.33" z="9760" r="50"/>
        <zone name="InfectedVillage" smin="0" smax="0" dmin="2" dmax="4" x="5435" z="9821.67" r="50"/>
        <zone name="InfectedVillage" smin="0" smax="0" dmin="2" dmax="4" x="5953.33" z="10181.7" r="50"/>
        <zone name="InfectedVillage" smin="0" smax="0" dmin="2" dmax="4" x="5833.33" z="10350" r="50"/>
        <zone name="InfectedVillage" smin="0" smax="0" dmin="2" dmax="4" x="6036.67" z="10168.3" r="50"/>
        <zone name="InfectedVillage" smin="0" smax="0" dmin="2" dmax="4" x="5953.33" z="10263.3" r="50"/>
        <zone name="InfectedVillage" smin="0" smax="0" dmin="2" dmax="4" x="6166.67" z="10105" r="50"/>
        <zone name="InfectedVillage" smin="0" smax="0" dmin="2" dmax="4" x="5715" z="10043.3" r="50"/>
        <zone name="InfectedVillage" smin="0" smax="0" dmin="2" dmax="4" x="5653.33" z="10230" r="50"/>
        <zone name="InfectedVillage" smin="0" smax="0" dmin="2" dmax="4" x="5743.33" z="10208.3" r="50"/>
        <zone name="InfectedVillage" smin="0" smax="0" dmin="2" dmax="4" x="5706.67" z="10331.7" r="50"/>
        <zone name="InfectedVillage" smin="0" smax="0" dmin="2" dmax="4" x="5755" z="10593.3" r="50"/>
        <zone name="InfectedVillage" smin="0" smax="0" dmin="2" dmax="4" x="5728.33" z="10516.7" r="50"/>
        <zone name="InfectedVillage" smin="0" smax="0" dmin="2" dmax="4" x="6236.67" z="10408.3" r="50"/>
        <zone name="InfectedVillage" smin="0" smax="0" dmin="2" dmax="4" x="6146.67" z="10385" r="50"/>
        <zone name="InfectedVillage" smin="0" smax="0" dmin="2" dmax="4" x="6520" z="10488.3" r="50"/>
        <zone name="InfectedVillage" smin="0" smax="0" dmin="2" dmax="4" x="6498.33" z="11020" r="50"/>
        <zone name="InfectedVillage" smin="0" smax="0" dmin="2" dmax="4" x="6413.33" z="11051.7" r="50"/>
        <zone name="InfectedVillage" smin="0" smax="0" dmin="2" dmax="4" x="6520" z="11121.7" r="50"/>
        <zone name="InfectedVillage" smin="0" smax="0" dmin="2" dmax="4" x="6106.67" z="11140" r="50"/>
        <zone name="InfectedVillage" smin="0" smax="0" dmin="2" dmax="4" x="5938.33" z="11186.7" r="50"/>
        <zone name="InfectedVillage" smin="0" smax="0" dmin="2" dmax="4" x="5796.67" z="11055" r="50"/>
        <zone name="InfectedVillage" smin="0" smax="0" dmin="2" dmax="4" x="5733.33" z="11110" r="50"/>
        <zone name="InfectedVillage" smin="0" smax="0" dmin="2" dmax="4" x="5668.33" z="11156.7" r="50"/>
        <zone name="InfectedVillage" smin="0" smax="0" dmin="2" dmax="4" x="5575" z="11233.3" r="50"/>
        <zone name="InfectedVillage" smin="0" smax="0" dmin="2" dmax="4" x="5523.33" z="11365" r="50"/>
        <zone name="InfectedVillage" smin="0" smax="0" dmin="2" dmax="4" x="5611.67" z="11445" r="50"/>
        <zone name="InfectedVillage" smin="0" smax="0" dmin="2" dmax="4" x="5733.33" z="10901.7" r="50"/>
        <zone name="InfectedVillage" smin="0" smax="0" dmin="2" dmax="4" x="5790" z="10108.8" r="50"/>
        <zone name="InfectedVillage" smin="0" smax="0" dmin="2" dmax="4" x="5460" z="10000" r="50"/>
        <zone name="InfectedVillage" smin="0" smax="0" dmin="2" dmax="4" x="5530" z="9910" r="50"/>
    </territory>
    <territory color="1660922368">
        <zone name="InfectedVillageTier1" smin="0" smax="0" dmin="5" dmax="8" x="10825" z="6303.33" r="100"/>
        <zone name="InfectedVillageTier1" smin="0" smax="0" dmin="5" dmax="8" x="10906.7" z="6245.83" r="100"/>
        <zone name="InfectedVillageTier1" smin="0" smax="0" dmin="5" dmax="8" x="12265.5" z="6662.5" r="60"/>
        <zone name="InfectedVillageTier1" smin="0" smax="0" dmin="8" dmax="12" x="13975.5" z="8361.67" r="115"/>
        <zone name="InfectedVillageTier1" smin="0" smax="0" dmin="4" dmax="8" x="14400" z="8887.5" r="115"/>
        <zone name="InfectedVillageTier1" smin="0" smax="0" dmin="4" dmax="8" x="12435" z="12712.5" r="115"/>
        <zone name="InfectedVillageTier1" smin="0" smax="0" dmin="4" dmax="8" x="10346.3" z="13331.3" r="130"/>
        <zone name="InfectedVillageTier1" smin="0" smax="0" dmin="4" dmax="8" x="10972.5" z="13200" r="130"/>
        <zone name="InfectedVillageTier1" smin="0" smax="0" dmin="3" dmax="6" x="12399.6" z="7800.83" r="60"/>
        <zone name="InfectedVillageTier1" smin="0" smax="0" dmin="4" dmax="7" x="11743.8" z="6923.33" r="80"/>
        <zone name="InfectedVillageTier1" smin="0" smax="0" dmin="3" dmax="6" x="13977.5" z="8211.67" r="50"/>
        <zone name="InfectedVillageTier1" smin="0" smax="0" dmin="4" dmax="7" x="13818.8" z="8493.75" r="50"/>
        <zone name="InfectedVillageTier1" smin="0" smax="0" dmin="4" dmax="7" x="14172.1" z="8574.58" r="60"/>
        <zone name="InfectedVillageTier1" smin="0" smax="0" dmin="2" dmax="4" x="14028.3" z="9239.17" r="50"/>
        <zone name="InfectedVillageTier1" smin="0" smax="0" dmin="8" dmax="12" x="14280" z="11602.5" r="80"/>
        <zone name="InfectedVillageTier1" smin="0" smax="0" dmin="5" dmax="8" x="13145.5" z="11957.3" r="60"/>
        <zone name="InfectedVillageTier1" smin="0" smax="0" dmin="5" dmax="8" x="12800.8" z="12517.3" r="60"/>
        <zone name="InfectedVillageTier1" smin="0" smax="0" dmin="5" dmax="8" x="11921.3" z="12697.5" r="80"/>
        <zone name="InfectedVillageTier1" smin="0" smax="0" dmin="5" dmax="8" x="11763.8" z="12971.3" r="80"/>
        <zone name="InfectedVillageTier1" smin="0" smax="0" dmin="4" dmax="8" x="11307.5" z="5922.5" r="60"/>
        <zone name="InfectedVillageTier1" smin="0" smax="0" dmin="3" dmax="6" x="10987.5" z="7897.5" r="50"/>
        <zone name="InfectedVillageTier1" smin="0" smax="0" dmin="5" dmax="8" x="10977.5" z="8017.5" r="80"/>
        <zone name="InfectedVillageTier1" smin="0" smax="0" dmin="5" dmax="8" x="11102.5" z="8007.5" r="80"/>
        <zone name="InfectedVillageTier1" smin="0" smax="0" dmin="3" dmax="6" x="11147.5" z="7887.5" r="60"/>
        <zone name="InfectedVillageTier1" smin="0" smax="0" dmin="5" dmax="8" x="12670" z="6660" r="65"/>
        <zone name="InfectedVillageTier1" smin="0" smax="0" dmin="2" dmax="4" x="12395" z="7960" r="60"/>
        <zone name="InfectedVillageTier1" smin="0" smax="0" dmin="5" dmax="8" x="14615" z="9447.5" r="65"/>
        <zone name="InfectedVillageTier1" smin="0" smax="0" dmin="5" dmax="8" x="14615" z="10967.5" r="50"/>
        <zone name="InfectedVillageTier1" smin="0" smax="0" dmin="5" dmax="8" x="11390" z="12345" r="65"/>
        <zone name="InfectedVillageTier1" smin="0" smax="0" dmin="5" dmax="8" x="12305" z="12662.5" r="65"/>
        <zone name="InfectedVillageTier1" smin="0" smax="0" dmin="5" dmax="8" x="11182.5" z="13105" r="65"/>
        <zone name="InfectedVillageTier1" smin="0" smax="0" dmin="5" dmax="8" x="10425" z="13187.5" r="65"/>
        <zone name="InfectedVillageTier1" smin="0" smax="0" dmin="5" dmax="8" x="10497.5" z="7172.5" r="65"/>
        <zone name="InfectedVillageTier1" smin="0" smax="0" dmin="4" dmax="8" x="1635" z="8010" r="80"/>
        <zone name="InfectedVillageTier1" smin="0" smax="0" dmin="3" dmax="6" x="11415" z="6221.67" r="60"/>
        <zone name="InfectedVillageTier1" smin="0" smax="0" dmin="1" dmax="3" x="12453.3" z="8416.67" r="50"/>
        <zone name="InfectedVillageTier1" smin="0" smax="0" dmin="1" dmax="3" x="12375" z="8290" r="50"/>
        <zone name="InfectedVillageTier1" smin="0" smax="0" dmin="1" dmax="3" x="12180" z="8185" r="50"/>
        <zone name="InfectedVillageTier1" smin="0" smax="0" dmin="3" dmax="6" x="12714.4" z="7591.88" r="60"/>
        <zone name="InfectedVillageTier1" smin="0" smax="0" dmin="3" dmax="6" x="12853.1" z="7528.13" r="60"/>
        <zone name="InfectedVillageTier1" smin="0" smax="0" dmin="3" dmax="6" x="12918.8" z="7453.13" r="60"/>
        <zone name="InfectedVillageTier1" smin="0" smax="0" dmin="3" dmax="6" x="13233.8" z="7528.13" r="60"/>
        <zone name="InfectedVillageTier1" smin="0" smax="0" dmin="3" dmax="6" x="12798.8" z="7185" r="60"/>
        <zone name="InfectedVillageTier1" smin="0" smax="0" dmin="3" dmax="6" x="12787.5" z="7398.75" r="60"/>
        <zone name="InfectedVillageTier1" smin="0" smax="0" dmin="2" dmax="4" x="14083.3" z="9088.33" r="50"/>
        <zone name="InfectedVillageTier1" smin="0" smax="0" dmin="2" dmax="4" x="14195" z="9111.67" r="50"/>
        <zone name="InfectedVillageTier1" smin="0" smax="0" dmin="2" dmax="4" x="14380" z="9600" r="50"/>
        <zone name="InfectedVillageTier1" smin="0" smax="0" dmin="2" dmax="4" x="14245" z="9641.67" r="50"/>
        <zone name="InfectedVillageTier1" smin="0" smax="0" dmin="2" dmax="4" x="14545" z="9763.33" r="50"/>
        <zone name="InfectedVillageTier1" smin="0" smax="0" dmin="2" dmax="4" x="14558.3" z="9848.33" r="50"/>
        <zone name="InfectedVillageTier1" smin="0" smax="0" dmin="2" dmax="4" x="14230" z="10153.3" r="50"/>
        <zone name="InfectedVillageTier1" smin="0" smax="0" dmin="2" dmax="4" x="14650" z="9717.5" r="50"/>
        <zone name="InfectedVillageTier1" smin="0" smax="0" dmin="5" dmax="8" x="13090.4" z="11847.7" r="60"/>
        <zone name="InfectedVillageTier1" smin="0" smax="0" dmin="5" dmax="8" x="9852" z="13378.5" r="65"/>
        <zone name="InfectedVillageTier1" smin="0" smax="0" dmin="5" dmax="8" x="9744" z="13330.5" r="65"/>
        <zone name="InfectedVillageTier1" smin="0" smax="0" dmin="5" dmax="8" x="9600" z="13300.5" r="65"/>
        <zone name="InfectedVillageTier1" smin="0" smax="0" dmin="5" dmax="8" x="9409.5" z="13441.5" r="65"/>
        <zone name="InfectedVillageTier1" smin="0" smax="0" dmin="5" dmax="8" x="9454.5" z="13326" r="65"/>
        <zone name="InfectedVillageTier1" smin="0" smax="0" dmin="4" dmax="6" x="9361.5" z="13225.5" r="65"/>
        <zone name="InfectedVillageTier1" smin="0" smax="0" dmin="4" dmax="6" x="9361.5" z="13107" r="65"/>
        <zone name="InfectedVillageTier1" smin="0" smax="0" dmin="3" dmax="6" x="8671.88" z="13841.3" r="65"/>
        <zone name="InfectedVillageTier1" smin="0" smax="0" dmin="2" dmax="4" x="8486.25" z="13625.6" r="50"/>
        <zone name="InfectedVillageTier1" smin="0" smax="0" dmin="2" dmax="4" x="8370" z="13612.5" r="50"/>
        <zone name="InfectedVillageTier1" smin="0" smax="0" dmin="2" dmax="4" x="8454.38" z="13713.8" r="50"/>
        <zone name="InfectedVillageTier1" smin="0" smax="0" dmin="2" dmax="4" x="8341.88" z="13702.5" r="50"/>
        <zone name="InfectedVillageTier1" smin="0" smax="0" dmin="2" dmax="4" x="8465.63" z="13425" r="50"/>
        <zone name="InfectedVillageTier1" smin="0" smax="0" dmin="2" dmax="4" x="8032.5" z="13545" r="50"/>
        <zone name="InfectedVillageTier1" smin="0" smax="0" dmin="2" dmax="4" x="7921.88" z="13526.3" r="50"/>
        <zone name="InfectedVillageTier1" smin="0" smax="0" dmin="2" dmax="4" x="8025" z="13430.6" r="50"/>
        <zone name="InfectedVillageTier1" smin="0" smax="0" dmin="2" dmax="4" x="8124.38" z="13383.8" r="50"/>
        <zone name="InfectedVillageTier1" smin="0" smax="0" dmin="2" dmax="4" x="7573.13" z="13348.1" r="50"/>
        <zone name="InfectedVillageTier1" smin="0" smax="0" dmin="3" dmax="6" x="7483.13" z="13458.8" r="50"/>
        <zone name="InfectedVillageTier1" smin="0" smax="0" dmin="2" dmax="4" x="13558.5" z="8376" r="50"/>
        <zone name="InfectedVillageTier1" smin="0" smax="0" dmin="2" dmax="4" x="9533.68" z="13106.1" r="65"/>
        <zone name="InfectedVillageTier1" smin="0" smax="0" dmin="1" dmax="3" x="13141.9" z="10561.9" r="50"/>
        <zone name="InfectedVillageTier1" smin="0" smax="0" dmin="1" dmax="3" x="13091.3" z="10293.8" r="50"/>
    </territory>
    <territory color="1910952871"/>
    <territory color="1124502272">
        <zone name="InfectedArmy" smin="0" smax="0" dmin="8" dmax="12" x="7425" z="9720" r="120"/>
        <zone name="InfectedArmy" smin="0" smax="0" dmin="6" dmax="10" x="11044.6" z="11518.3" r="120"/>
        <zone name="InfectedArmy" smin="0" smax="0" dmin="8" dmax="12" x="8142.5" z="11990" r="80"/>
        <zone name="InfectedArmy" smin="3" smax="6" dmin="0" dmax="0" x="6295.5" z="12805.9" r="50"/>
        <zone name="InfectedArmy" smin="0" smax="0" dmin="5" dmax="8" x="12855" z="9420" r="120"/>
        <zone name="InfectedArmy" smin="0" smax="0" dmin="5" dmax="8" x="4379.17" z="8888.33" r="50"/>
        <zone name="InfectedArmy" smin="0" smax="0" dmin="4" dmax="6" x="11923.3" z="10246.7" r="70"/>
        <zone name="InfectedArmy" smin="0" smax="0" dmin="8" dmax="12" x="8270" z="12030" r="80"/>
        <zone name="InfectedArmy" smin="0" smax="0" dmin="3" dmax="6" x="5432.14" z="4189.29" r="50"/>
        <zone name="InfectedArmy" smin="0" smax="0" dmin="3" dmax="6" x="5365.71" z="4221.43" r="50"/>
        <zone name="InfectedArmy" smin="0" smax="0" dmin="2" dmax="4" x="5610" z="4300.71" r="50"/>
        <zone name="InfectedArmy" smin="0" smax="0" dmin="2" dmax="4" x="5580" z="4217.14" r="50"/>
        <zone name="InfectedArmy" smin="0" smax="0" dmin="2" dmax="4" x="5526.43" z="4294.28" r="50"/>
        <zone name="InfectedArmy" smin="0" smax="0" dmin="2" dmax="4" x="5715" z="4534.29" r="50"/>
        <zone name="InfectedArmy" smin="0" smax="0" dmin="2" dmax="4" x="5702.14" z="4626.43" r="50"/>
        <zone name="InfectedArmy" smin="0" smax="0" dmin="2" dmax="4" x="5316.43" z="4542.86" r="50"/>
        <zone name="InfectedArmy" smin="0" smax="0" dmin="2" dmax="4" x="5130" z="4692.86" r="50"/>
        <zone name="InfectedArmy" smin="0" smax="0" dmin="2" dmax="4" x="5025" z="4688.57" r="50"/>
        <zone name="InfectedArmy" smin="0" smax="0" dmin="2" dmax="4" x="5102.14" z="4489.29" r="50"/>
        <zone name="InfectedArmy" smin="0" smax="0" dmin="4" dmax="8" x="4669.29" z="4986.43" r="50"/>
        <zone name="InfectedArmy" smin="0" smax="0" dmin="4" dmax="8" x="5376.43" z="3957.86" r="50"/>
        <zone name="InfectedArmy" smin="0" smax="0" dmin="4" dmax="8" x="5595" z="4020" r="50"/>
        <zone name="InfectedArmy" smin="0" smax="0" dmin="4" dmax="8" x="5498.57" z="3882.86" r="50"/>
        <zone name="InfectedArmy" smin="0" smax="0" dmin="3" dmax="6" x="3979.29" z="6128.57" r="50"/>
        <zone name="InfectedArmy" smin="0" smax="0" dmin="5" dmax="8" x="2668.13" z="7301.25" r="60"/>
        <zone name="InfectedArmy" smin="0" smax="0" dmin="6" dmax="10" x="947.5" z="7700" r="80"/>
        <zone name="InfectedArmy" smin="0" smax="0" dmin="2" dmax="4" x="2671.88" z="9311.25" r="60"/>
        <zone name="InfectedArmy" smin="0" smax="0" dmin="5" dmax="8" x="3651.25" z="9356.25" r="60"/>
        <zone name="InfectedArmy" smin="0" smax="0" dmin="3" dmax="6" x="3633.75" z="9533.75" r="60"/>
        <zone name="InfectedArmy" smin="0" smax="0" dmin="2" dmax="4" x="2677.5" z="9210" r="60"/>
        <zone name="InfectedArmy" smin="0" smax="0" dmin="4" dmax="8" x="7042.5" z="7513.13" r="60"/>
        <zone name="InfectedArmy" smin="0" smax="0" dmin="3" dmax="6" x="7342.5" z="7282.5" r="60"/>
        <zone name="InfectedArmy" smin="0" smax="0" dmin="3" dmax="6" x="6965.63" z="7220.63" r="60"/>
        <zone name="InfectedArmy" smin="0" smax="0" dmin="3" dmax="6" x="9388.5" z="13615.5" r="50"/>
        <zone name="InfectedArmy" smin="0" smax="0" dmin="5" dmax="8" x="5395" z="10200" r="60"/>
        <zone name="InfectedArmy" smin="0" smax="0" dmin="6" dmax="10" x="10365" z="8553.75" r="70"/>
        <zone name="InfectedArmy" smin="3" smax="6" dmin="0" dmax="0" x="10355.6" z="8565" r="70"/>
        <zone name="InfectedArmy" smin="0" smax="0" dmin="3" dmax="6" x="6881.25" z="7203.75" r="60"/>
        <zone name="InfectedArmy" smin="0" smax="0" dmin="3" dmax="6" x="6903.75" z="7102.5" r="60"/>
        <zone name="InfectedArmy" smin="0" smax="0" dmin="5" dmax="8" x="2907.5" z="7265" r="60"/>
        <zone name="InfectedArmy" smin="0" smax="0" dmin="5" dmax="8" x="3237.5" z="7062.5" r="60"/>
        <zone name="InfectedArmy" smin="0" smax="0" dmin="5" dmax="8" x="3337.5" z="6885" r="60"/>
        <zone name="InfectedArmy" smin="0" smax="0" dmin="5" dmax="8" x="3352.5" z="6660" r="60"/>
        <zone name="InfectedArmy" smin="0" smax="0" dmin="5" dmax="8" x="2910" z="6282.5" r="60"/>
        <zone name="InfectedArmy" smin="0" smax="0" dmin="5" dmax="8" x="3056.88" z="5855.63" r="60"/>
        <zone name="InfectedArmy" smin="0" smax="0" dmin="5" dmax="8" x="2382.5" z="6077.5" r="60"/>
        <zone name="InfectedArmy" smin="0" smax="0" dmin="5" dmax="8" x="2277.5" z="5922.5" r="60"/>
        <zone name="InfectedArmy" smin="0" smax="0" dmin="5" dmax="8" x="2542.5" z="5775" r="60"/>
        <zone name="InfectedArmy" smin="0" smax="0" dmin="5" dmax="8" x="2777.5" z="5677.5" r="60"/>
        <zone name="InfectedArmy" smin="0" smax="0" dmin="5" dmax="8" x="2620" z="6090" r="60"/>
        <zone name="InfectedArmy" smin="5" smax="8" dmin="0" dmax="0" x="2577.5" z="5970" r="60"/>
        <zone name="InfectedArmy" smin="0" smax="0" dmin="3" dmax="6" x="12922.5" z="7346.25" r="50"/>
        <zone name="InfectedArmy" smin="0" smax="0" dmin="3" dmax="6" x="13743.8" z="11861.3" r="50"/>
        <zone name="InfectedArmy" smin="0" smax="0" dmin="3" dmax="6" x="13764.4" z="11926.9" r="50"/>
        <zone name="InfectedArmy" smin="0" smax="0" dmin="3" dmax="6" x="6352.5" z="12864.4" r="50"/>
        <zone name="InfectedArmy" smin="0" smax="0" dmin="3" dmax="6" x="5518.13" z="10138.1" r="50"/>
    </territory>
    <territory color="3014746644">
        <zone name="InfectedFirefighter" smin="0" smax="0" dmin="3" dmax="6" x="6945" z="7625.63" r="60"/>
        <zone name="InfectedFirefighter" smin="0" smax="0" dmin="4" dmax="8" x="12688.3" z="7488.33" r="50"/>
        <zone name="InfectedFirefighter" smin="0" smax="0" dmin="4" dmax="8" x="13763.1" z="11765.8" r="50"/>
    </territory>
    <territory color="1956025929">
        <zone name="InfectedCityTier1" smin="0" smax="0" dmin="4" dmax="8" x="10898.8" z="6376.67" r="100"/>
        <zone name="InfectedCityTier1" smin="0" smax="0" dmin="3" dmax="6" x="6385" z="12860" r="50"/>
        <zone name="InfectedCityTier1" smin="3" smax="6" dmin="0" dmax="0" x="5900" z="11113.3" r="50"/>
        <zone name="InfectedCityTier1" smin="3" smax="6" dmin="0" dmax="0" x="5601.67" z="10956.7" r="50"/>
        <zone name="InfectedCityTier1" smin="3" smax="6" dmin="0" dmax="0" x="5505" z="11081.7" r="50"/>
        <zone name="InfectedCityTier1" smin="3" smax="6" dmin="0" dmax="0" x="5998.33" z="10640" r="50"/>
        <zone name="InfectedCityTier1" smin="3" smax="6" dmin="0" dmax="0" x="5928.33" z="10723.3" r="50"/>
        <zone name="InfectedCityTier1" smin="3" smax="6" dmin="0" dmax="0" x="5866.67" z="10823.3" r="50"/>
        <zone name="InfectedCityTier1" smin="3" smax="6" dmin="0" dmax="0" x="6053.33" z="10411.7" r="50"/>
    </territory>
    <territory color="1794965508">
        <zone name="InfectedPoliceHard" smin="0" smax="0" dmin="5" dmax="8" x="13272" z="12064.6" r="50"/>
        <zone name="InfectedPoliceHard" smin="0" smax="0" dmin="6" dmax="10" x="12147" z="9759" r="80"/>
        <zone name="InfectedPoliceHard" smin="0" smax="0" dmin="5" dmax="8" x="12768.3" z="7286.67" r="60"/>
        <zone name="InfectedPoliceHard" smin="0" smax="0" dmin="5" dmax="8" x="9495" z="13530" r="50"/>
        <zone name="InfectedPoliceHard" smin="0" smax="0" dmin="5" dmax="8" x="5670" z="10865" r="50"/>
    </territory>
    <territory color="1136576269">
        <zone name="InfectedCity" smin="0" smax="0" dmin="4" dmax="8" x="5070" z="8643.75" r="150"/>
        <zone name="InfectedCity" smin="0" smax="0" dmin="4" dmax="7" x="5373.75" z="8752.5" r="125"/>
        <zone name="InfectedCity" smin="0" smax="0" dmin="3" dmax="6" x="5355" z="10031.7" r="50"/>
        <zone name="InfectedCity" smin="0" smax="0" dmin="3" dmax="6" x="5412" z="9921" r="50"/>
        <zone name="InfectedCity" smin="0" smax="0" dmin="3" dmax="6" x="5509.5" z="10108.5" r="50"/>
        <zone name="InfectedCity" smin="0" smax="0" dmin="3" dmax="6" x="5655" z="10251" r="50"/>
        <zone name="InfectedCity" smin="0" smax="0" dmin="3" dmax="6" x="5695.5" z="10326" r="50"/>
        <zone name="InfectedCity" smin="0" smax="0" dmin="3" dmax="6" x="5766" z="10728" r="50"/>
        <zone name="InfectedCity" smin="0" smax="0" dmin="3" dmax="6" x="5781" z="10579.5" r="50"/>
        <zone name="InfectedCity" smin="0" smax="0" dmin="3" dmax="6" x="5905.5" z="10606.5" r="50"/>
        <zone name="InfectedCity" smin="0" smax="0" dmin="3" dmax="6" x="5566.5" z="10027.5" r="50"/>
        <zone name="InfectedCity" smin="0" smax="0" dmin="3" dmax="6" x="5427" z="11191.5" r="50"/>
        <zone name="InfectedCity" smin="0" smax="0" dmin="3" dmax="6" x="5553" z="11206.5" r="50"/>
        <zone name="InfectedCity" smin="0" smax="0" dmin="3" dmax="6" x="5623.5" z="11058" r="50"/>
        <zone name="InfectedCity" smin="0" smax="0" dmin="3" dmax="6" x="5715" z="11011.5" r="50"/>
        <zone name="InfectedCity" smin="0" smax="0" dmin="3" dmax="6" x="5917.5" z="11053.5" r="50"/>
    </territory>
    <territory color="1291845632">
        <zone name="InfectedReligious" smin="0" smax="0" dmin="4" dmax="7" x="9604.29" z="13463.6" r="50"/>
        <zone name="InfectedReligious" smin="0" smax="0" dmin="2" dmax="4" x="5710" z="10410" r="50"/>
    </territory>
    <territory color="2387830984">
        <zone name="InfectedMedic" smin="0" smax="0" dmin="5" dmax="8" x="10998" z="11511" r="80"/>
        <zone name="InfectedMedic" smin="0" smax="0" dmin="5" dmax="8" x="13767" z="11907" r="80"/>
        <zone name="InfectedMedic" smin="0" smax="0" dmin="5" dmax="8" x="9805.5" z="13480.5" r="50"/>
        <zone name="InfectedMedic" smin="0" smax="0" dmin="5" dmax="8" x="9399" z="13627.5" r="50"/>
        <zone name="InfectedMedic" smin="0" smax="0" dmin="3" dmax="6" x="6294.38" z="12817.5" r="50"/>
    </territory>
    <territory color="1289674462">
        <zone name="InfectedPrisoner" smin="0" smax="0" dmin="6" dmax="10" x="12114" z="9810" r="80"/>
        <zone name="InfectedPrisoner" smin="0" smax="0" dmin="6" dmax="10" x="12120" z="9723" r="80"/>
    </territory>
    <territory color="2610838961">
        <zone name="InfectedScientist" smin="0" smax="0" dmin="2" dmax="4" x="11021.7" z="11510" r="80"/>
        <zone name="InfectedScientist" smin="0" smax="0" dmin="3" dmax="5" x="12312.5" z="10795" r="80"/>
        <zone name="InfectedScientist" smin="0" smax="0" dmin="5" dmax="8" x="11910" z="10252.5" r="80"/>
        <zone name="InfectedScientist" smin="0" smax="0" dmin="4" dmax="6" x="8132.5" z="11985" r="120"/>
        <zone name="InfectedScientist" smin="0" smax="0" dmin="4" dmax="6" x="8280" z="10335" r="120"/>
        <zone name="InfectedScientist" smin="0" smax="0" dmin="4" dmax="6" x="8456.5" z="10300.5" r="120"/>
        <zone name="InfectedScientist" smin="0" smax="0" dmin="4" dmax="6" x="8340" z="10173" r="120"/>
        <zone name="InfectedScientist" smin="0" smax="0" dmin="4" dmax="6" x="7425" z="9730" r="120"/>
        <zone name="InfectedScientist" smin="3" smax="6" dmin="0" dmax="0" x="6984.38" z="7595.63" r="60"/>
    </territory>
    <territory color="2421555014">
        <zone name="InfectedArmyHeavy" smin="0" smax="0" dmin="0" dmax="1" x="6921.88" z="7106.88" r="60"/>
        <zone name="InfectedArmyHeavy" smin="0" smax="0" dmin="0" dmax="1" x="7066.25" z="7555" r="60"/>
        <zone name="InfectedArmyHeavy" smin="0" smax="0" dmin="0" dmax="1" x="10392.5" z="8540" r="60"/>
        <zone name="InfectedArmyHeavy" smin="0" smax="0" dmin="0" dmax="1" x="8166.43" z="11987.1" r="60"/>
        <zone name="InfectedArmyHeavy" smin="0" smax="0" dmin="0" dmax="1" x="4395" z="8877" r="60"/>
        <zone name="InfectedArmyHeavy" smin="0" smax="0" dmin="0" dmax="1" x="3648" z="9543" r="60"/>
        <zone name="InfectedArmyHeavy" smin="0" smax="0" dmin="0" dmax="1" x="948" z="7710" r="60"/>
        <zone name="InfectedArmyHeavy" smin="0" smax="0" dmin="0" dmax="1" x="3375" z="6693" r="60"/>
        <zone name="InfectedArmyHeavy" smin="0" smax="0" dmin="0" dmax="1" x="3327" z="6894" r="60"/>
        <zone name="InfectedArmyHeavy" smin="0" smax="0" dmin="0" dmax="1" x="2898" z="7254" r="60"/>
        <zone name="InfectedArmyHeavy" smin="0" smax="0" dmin="0" dmax="1" x="2640" z="7287" r="60"/>
        <zone name="InfectedArmyHeavy" smin="0" smax="0" dmin="0" dmax="1" x="2574" z="5967" r="60"/>
        <zone name="InfectedArmyHeavy" smin="0" smax="0" dmin="0" dmax="1" x="2634" z="6093" r="60"/>
        <zone name="InfectedArmyHeavy" smin="0" smax="0" dmin="0" dmax="1" x="3054" z="5886" r="60"/>
        <zone name="InfectedArmyHeavy" smin="0" smax="0" dmin="0" dmax="1" x="2763" z="5682" r="60"/>
        <zone name="InfectedArmyHeavy" smin="0" smax="0" dmin="0" dmax="1" x="2544" z="5778" r="60"/>
        <zone name="InfectedArmyHeavy" smin="0" smax="0" dmin="0" dmax="1" x="3975" z="6129" r="60"/>
        <zone name="InfectedArmyHeavy" smin="0" smax="0" dmin="0" dmax="1" x="5028" z="4677" r="60"/>
        <zone name="InfectedArmyHeavy" smin="0" smax="0" dmin="0" dmax="1" x="5136" z="4674" r="60"/>
        <zone name="InfectedArmyHeavy" smin="0" smax="0" dmin="0" dmax="1" x="5310" z="4539" r="60"/>
        <zone name="InfectedArmyHeavy" smin="0" smax="0" dmin="0" dmax="1" x="5109" z="4482" r="60"/>
        <zone name="InfectedArmyHeavy" smin="0" smax="0" dmin="0" dmax="1" x="5325" z="4140" r="60"/>
        <zone name="InfectedArmyHeavy" smin="0" smax="0" dmin="0" dmax="1" x="5421" z="3957" r="60"/>
        <zone name="InfectedArmyHeavy" smin="0" smax="0" dmin="0" dmax="1" x="5511" z="4047" r="60"/>
        <zone name="InfectedArmyHeavy" smin="0" smax="0" dmin="0" dmax="1" x="5703" z="4614" r="60"/>
        <zone name="InfectedArmyHeavy" smin="0" smax="0" dmin="0" dmax="1" x="4605" z="4128" r="60"/>
        <zone name="InfectedArmyHeavy" smin="0" smax="0" dmin="0" dmax="1" x="4575" z="4260" r="60"/>
    </territory>
    <territory color="1219902165">
        <zone name="InfectedIndustrial" smin="0" smax="0" dmin="4" dmax="8" x="13395" z="12176.3" r="150"/>
        <zone name="InfectedIndustrial" smin="0" smax="0" dmin="4" dmax="8" x="13639.6" z="11797.3" r="80"/>
        <zone name="InfectedIndustrial" smin="0" smax="0" dmin="4" dmax="8" x="14021.3" z="12060" r="150"/>
        <zone name="InfectedIndustrial" smin="0" smax="0" dmin="6" dmax="10" x="8265" z="10360" r="125"/>
        <zone name="InfectedIndustrial" smin="0" smax="0" dmin="6" dmax="10" x="8395" z="10265" r="125"/>
        <zone name="InfectedIndustrial" smin="0" smax="0" dmin="6" dmax="10" x="8015" z="9645" r="125"/>
        <zone name="InfectedIndustrial" smin="0" smax="0" dmin="6" dmax="10" x="11087.5" z="9497.5" r="70"/>
        <zone name="InfectedIndustrial" smin="0" smax="0" dmin="5" dmax="8" x="2684.73" z="7368.75" r="120"/>
        <zone name="InfectedIndustrial" smin="0" smax="0" dmin="5" dmax="8" x="5475" z="3940.71" r="100"/>
        <zone name="InfectedIndustrial" smin="0" smax="0" dmin="5" dmax="8" x="5597.14" z="4054.29" r="100"/>
        <zone name="InfectedIndustrial" smin="0" smax="0" dmin="3" dmax="6" x="2962.5" z="6086.25" r="50"/>
        <zone name="InfectedIndustrial" smin="0" smax="0" dmin="5" dmax="8" x="3333.75" z="6935.63" r="80"/>
        <zone name="InfectedIndustrial" smin="0" smax="0" dmin="3" dmax="6" x="983.571" z="7776.43" r="60"/>
        <zone name="InfectedIndustrial" smin="0" smax="0" dmin="3" dmax="6" x="857.143" z="7725" r="60"/>
        <zone name="InfectedIndustrial" smin="3" smax="6" dmin="0" dmax="0" x="6956.25" z="7500" r="60"/>
        <zone name="InfectedIndustrial" smin="0" smax="0" dmin="5" dmax="8" x="7178.33" z="8053.33" r="60"/>
        <zone name="InfectedIndustrial" smin="0" smax="0" dmin="5" dmax="8" x="7368.33" z="8020" r="60"/>
        <zone name="InfectedIndustrial" smin="0" smax="0" dmin="5" dmax="8" x="7221.67" z="7841.67" r="60"/>
        <zone name="InfectedIndustrial" smin="0" smax="0" dmin="8" dmax="12" x="7485" z="7813.33" r="120"/>
        <zone name="InfectedIndustrial" smin="0" smax="0" dmin="8" dmax="12" x="7771.67" z="7818.33" r="120"/>
        <zone name="InfectedIndustrial" smin="0" smax="0" dmin="8" dmax="12" x="7945" z="7748.33" r="60"/>
        <zone name="InfectedIndustrial" smin="0" smax="0" dmin="8" dmax="12" x="7946.67" z="7876.67" r="60"/>
        <zone name="InfectedIndustrial" smin="0" smax="0" dmin="6" dmax="10" x="12895" z="7345" r="50"/>
        <zone name="InfectedIndustrial" smin="0" smax="0" dmin="4" dmax="8" x="13903.8" z="11878.8" r="80"/>
        <zone name="InfectedIndustrial" smin="0" smax="0" dmin="4" dmax="8" x="13576.2" z="12005.8" r="50"/>
        <zone name="InfectedIndustrial" smin="0" smax="0" dmin="4" dmax="8" x="9880.5" z="13534.5" r="50"/>
        <zone name="InfectedIndustrial" smin="0" smax="0" dmin="4" dmax="8" x="9735" z="13546.5" r="50"/>
        <zone name="InfectedIndustrial" smin="0" smax="0" dmin="4" dmax="8" x="9615" z="13566" r="50"/>
        <zone name="InfectedIndustrial" smin="0" smax="0" dmin="4" dmax="8" x="10032" z="13522.5" r="50"/>
        <zone name="InfectedIndustrial" smin="0" smax="0" dmin="4" dmax="8" x="9006.38" z="13762.5" r="50"/>
        <zone name="InfectedIndustrial" smin="0" smax="0" dmin="4" dmax="8" x="9298.5" z="13725" r="50"/>
        <zone name="InfectedIndustrial" smin="0" smax="0" dmin="4" dmax="8" x="7308.75" z="12384.4" r="50"/>
        <zone name="InfectedIndustrial" smin="0" smax="0" dmin="4" dmax="8" x="5495.63" z="11943.8" r="70"/>
        <zone name="InfectedIndustrial" smin="0" smax="0" dmin="4" dmax="8" x="4831.67" z="11211.7" r="70"/>
        <zone name="InfectedIndustrial" smin="0" smax="0" dmin="4" dmax="8" x="4950" z="11273.3" r="70"/>
        <zone name="InfectedIndustrial" smin="0" smax="0" dmin="4" dmax="8" x="5030" z="11381.7" r="70"/>
        <zone name="InfectedIndustrial" smin="0" smax="0" dmin="4" dmax="8" x="5235" z="11335" r="70"/>
        <zone name="InfectedIndustrial" smin="0" smax="0" dmin="3" dmax="5" x="5220" z="11208.3" r="50"/>
        <zone name="InfectedIndustrial" smin="0" smax="0" dmin="3" dmax="5" x="5348.33" z="11136.7" r="50"/>
        <zone name="InfectedIndustrial" smin="0" smax="0" dmin="3" dmax="5" x="5361.67" z="11251.7" r="50"/>
        <zone name="InfectedIndustrial" smin="0" smax="0" dmin="3" dmax="5" x="5446.67" z="11001.7" r="50"/>
        <zone name="InfectedIndustrial" smin="0" smax="0" dmin="3" dmax="5" x="5391.67" z="11065" r="50"/>
        <zone name="InfectedIndustrial" smin="0" smax="0" dmin="3" dmax="5" x="5576.67" z="10741.7" r="50"/>
        <zone name="InfectedIndustrial" smin="0" smax="0" dmin="3" dmax="5" x="5623.33" z="10796.7" r="50"/>
        <zone name="InfectedIndustrial" smin="0" smax="0" dmin="3" dmax="5" x="5578.33" z="10878.3" r="50"/>
        <zone name="InfectedIndustrial" smin="0" smax="0" dmin="3" dmax="5" x="5733.33" z="10710" r="50"/>
        <zone name="InfectedIndustrial" smin="0" smax="0" dmin="3" dmax="5" x="5168.33" z="10125" r="50"/>
        <zone name="InfectedIndustrial" smin="0" smax="0" dmin="3" dmax="5" x="5280" z="10110" r="50"/>
        <zone name="InfectedIndustrial" smin="0" smax="0" dmin="3" dmax="5" x="5370" z="10160" r="50"/>
        <zone name="InfectedIndustrial" smin="0" smax="0" dmin="3" dmax="5" x="5598.33" z="10320" r="50"/>
        <zone name="InfectedIndustrial" smin="0" smax="0" dmin="3" dmax="5" x="5503.33" z="10230" r="50"/>
        <zone name="InfectedIndustrial" smin="0" smax="0" dmin="2" dmax="4" x="11362.5" z="6769.5" r="50"/>
        <zone name="InfectedIndustrial" smin="0" smax="0" dmin="6" dmax="10" x="10395" z="7925" r="100"/>
        <zone name="InfectedIndustrial" smin="0" smax="0" dmin="10" dmax="14" x="13080" z="7665" r="85"/>
        <zone name="InfectedIndustrial" smin="0" smax="0" dmin="2" dmax="5" x="8888.57" z="11897.1" r="50"/>
    </territory>
</territory-type>
