<?xml version="1.0" encoding="UTF-8"?>
<territory-type>
    <territory color="864420070">
        <zone name="Rest" smin="0" smax="0" dmin="0" dmax="0" x="9065.42" z="6158.33" r="80"/>
        <zone name="Graze" smin="0" smax="0" dmin="0" dmax="0" x="10218.6" z="6639.25" r="140"/>
        <zone name="Graze" smin="0" smax="0" dmin="0" dmax="0" x="9703.1" z="6266.13" r="130"/>
        <zone name="Water" smin="0" smax="0" dmin="0" dmax="0" x="10183.1" z="5886.96" r="90"/>
        <zone name="Graze" smin="0" smax="0" dmin="0" dmax="0" x="10390" z="7327.08" r="140"/>
        <zone name="Rest" smin="0" smax="0" dmin="0" dmax="0" x="9830" z="6697.5" r="80"/>
    </territory>
    <territory color="897974502">
        <zone name="Water" smin="0" smax="0" dmin="0" dmax="0" x="12443.8" z="4512.5" r="120"/>
        <zone name="Rest" smin="0" smax="0" dmin="0" dmax="0" x="11405.7" z="4184.38" r="80"/>
        <zone name="Graze" smin="0" smax="0" dmin="0" dmax="0" x="11139.6" z="4118.75" r="120"/>
        <zone name="Graze" smin="0" smax="0" dmin="0" dmax="0" x="12014.6" z="4654.17" r="120"/>
        <zone name="Rest" smin="0" smax="0" dmin="0" dmax="0" x="11543.8" z="4441.67" r="60"/>
    </territory>
    <territory color="864420070">
        <zone name="Water" smin="0" smax="0" dmin="0" dmax="0" x="7640.18" z="5050.89" r="120"/>
        <zone name="Graze" smin="0" smax="0" dmin="0" dmax="0" x="7087.5" z="5514.58" r="120"/>
        <zone name="Rest" smin="0" smax="0" dmin="0" dmax="0" x="6629.17" z="5602.08" r="100"/>
        <zone name="Graze" smin="0" smax="0" dmin="0" dmax="0" x="7358.33" z="5652.08" r="120"/>
        <zone name="Graze" smin="0" smax="0" dmin="0" dmax="0" x="6821.88" z="6287.5" r="220"/>
        <zone name="Graze" smin="0" smax="0" dmin="0" dmax="0" x="6768.75" z="7031.25" r="120"/>
    </territory>
    <territory color="864420070">
        <zone name="Rest" smin="0" smax="0" dmin="0" dmax="0" x="3270.31" z="7082.81" r="100"/>
        <zone name="Graze" smin="0" smax="0" dmin="0" dmax="0" x="2648.21" z="7216.07" r="160"/>
        <zone name="Graze" smin="0" smax="0" dmin="0" dmax="0" x="2675" z="6618.75" r="120"/>
        <zone name="Water" smin="0" smax="0" dmin="0" dmax="0" x="3402.19" z="8888.71" r="120"/>
    </territory>
    <territory color="897974502">
        <zone name="Water" smin="0" smax="0" dmin="0" dmax="0" x="5500" z="11816.7" r="120"/>
        <zone name="Rest" smin="0" smax="0" dmin="0" dmax="0" x="3960" z="11862.5" r="120"/>
        <zone name="Rest" smin="0" smax="0" dmin="0" dmax="0" x="3991.67" z="11283.3" r="120"/>
        <zone name="Graze" smin="0" smax="0" dmin="0" dmax="0" x="4853.13" z="12183.3" r="150"/>
        <zone name="Graze" smin="0" smax="0" dmin="0" dmax="0" x="4953.13" z="11221.9" r="160"/>
        <zone name="Graze" smin="0" smax="0" dmin="0" dmax="0" x="5862.5" z="11290.6" r="120"/>
    </territory>
    <territory color="797311206">
        <zone name="Graze" smin="0" smax="0" dmin="0" dmax="0" x="12310" z="3735" r="90"/>
        <zone name="Water" smin="0" smax="0" dmin="0" dmax="0" x="12150" z="3785" r="90"/>
        <zone name="Graze" smin="0" smax="0" dmin="0" dmax="0" x="11587.5" z="3585" r="90"/>
        <zone name="Rest" smin="0" smax="0" dmin="0" dmax="0" x="11270.5" z="3559.55" r="80"/>
        <zone name="Graze" smin="0" smax="0" dmin="0" dmax="0" x="11572.2" z="3209.72" r="80"/>
    </territory>
    <territory color="864420070">
        <zone name="Water" smin="0" smax="0" dmin="0" dmax="0" x="4373.75" z="8662.5" r="90"/>
        <zone name="Graze" smin="0" smax="0" dmin="0" dmax="0" x="4823.44" z="8643.75" r="140"/>
        <zone name="Rest" smin="0" smax="0" dmin="0" dmax="0" x="3894.82" z="8538.04" r="80"/>
        <zone name="Graze" smin="0" smax="0" dmin="0" dmax="0" x="3750" z="8175" r="140"/>
        <zone name="Graze" smin="0" smax="0" dmin="0" dmax="0" x="2690" z="7565" r="180"/>
    </territory>
    <territory color="830865638">
        <zone name="Graze" smin="0" smax="0" dmin="0" dmax="0" x="5317.86" z="10582.1" r="140"/>
        <zone name="Water" smin="0" smax="0" dmin="0" dmax="0" x="5550" z="10133.3" r="140"/>
        <zone name="Rest" smin="0" smax="0" dmin="0" dmax="0" x="5979.17" z="11314.6" r="140"/>
        <zone name="Graze" smin="0" smax="0" dmin="0" dmax="0" x="5650" z="11510.4" r="140"/>
        <zone name="Graze" smin="0" smax="0" dmin="0" dmax="0" x="5300" z="11055.4" r="140"/>
    </territory>
    <territory color="864420070">
        <zone name="Water" smin="0" smax="0" dmin="0" dmax="0" x="1228.77" z="5226.39" r="70"/>
        <zone name="Graze" smin="0" smax="0" dmin="0" dmax="0" x="1292.5" z="5482.5" r="140"/>
        <zone name="Rest" smin="0" smax="0" dmin="0" dmax="0" x="1225" z="5702.5" r="80"/>
        <zone name="Graze" smin="0" smax="0" dmin="0" dmax="0" x="2111.61" z="5616.29" r="160"/>
        <zone name="Graze" smin="0" smax="0" dmin="0" dmax="0" x="1868.75" z="5912.5" r="120"/>
        <zone name="Rest" smin="0" smax="0" dmin="0" dmax="0" x="2414.29" z="5444.64" r="100"/>
    </territory>
    <territory color="830865638">
        <zone name="Graze" smin="0" smax="0" dmin="0" dmax="0" x="6555.36" z="10416.1" r="80"/>
        <zone name="Rest" smin="0" smax="0" dmin="0" dmax="0" x="6120.76" z="10165" r="80"/>
        <zone name="Graze" smin="0" smax="0" dmin="0" dmax="0" x="6666.07" z="9819.64" r="150"/>
        <zone name="Water" smin="0" smax="0" dmin="0" dmax="0" x="5756.35" z="10108.5" r="80"/>
        <zone name="Rest" smin="0" smax="0" dmin="0" dmax="0" x="6123.44" z="10014.1" r="80"/>
        <zone name="Graze" smin="0" smax="0" dmin="0" dmax="0" x="5891.07" z="9880.36" r="150"/>
    </territory>
    <territory color="830865638">
        <zone name="Water" smin="0" smax="0" dmin="0" dmax="0" x="11384.4" z="979.688" r="80"/>
        <zone name="Graze" smin="0" smax="0" dmin="0" dmax="0" x="11829.5" z="884.091" r="80"/>
        <zone name="Graze" smin="0" smax="0" dmin="0" dmax="0" x="11848.9" z="664.773" r="140"/>
        <zone name="Rest" smin="0" smax="0" dmin="0" dmax="0" x="11201.1" z="673.864" r="50"/>
        <zone name="Rest" smin="0" smax="0" dmin="0" dmax="0" x="10965.6" z="785.417" r="70"/>
        <zone name="Graze" smin="0" smax="0" dmin="0" dmax="0" x="11119.6" z="501.786" r="100"/>
    </territory>
    <territory color="864420070">
        <zone name="Water" smin="0" smax="0" dmin="0" dmax="0" x="778.125" z="8487.5" r="80"/>
        <zone name="Graze" smin="0" smax="0" dmin="0" dmax="0" x="270.313" z="8867.19" r="140"/>
        <zone name="Rest" smin="0" smax="0" dmin="0" dmax="0" x="1356.03" z="9323.66" r="80"/>
        <zone name="Graze" smin="0" smax="0" dmin="0" dmax="0" x="2118.75" z="9260.94" r="160"/>
        <zone name="Graze" smin="0" smax="0" dmin="0" dmax="0" x="1317.86" z="8396.88" r="160"/>
    </territory>
    <territory color="864420070">
        <zone name="Graze" smin="0" smax="0" dmin="0" dmax="0" x="2209.17" z="9639.58" r="160"/>
        <zone name="Graze" smin="0" smax="0" dmin="0" dmax="0" x="2867.19" z="9071.88" r="160"/>
        <zone name="Water" smin="0" smax="0" dmin="0" dmax="0" x="3125" z="8895" r="120"/>
        <zone name="Rest" smin="0" smax="0" dmin="0" dmax="0" x="1520" z="8157.5" r="120"/>
    </territory>
    <territory color="897974502">
        <zone name="Rest" smin="0" smax="0" dmin="0" dmax="0" x="9801.79" z="10644.6" r="100"/>
        <zone name="Rest" smin="0" smax="0" dmin="0" dmax="0" x="9728.57" z="10435.7" r="100"/>
        <zone name="Graze" smin="0" smax="0" dmin="0" dmax="0" x="9469.64" z="10092.9" r="140"/>
        <zone name="Graze" smin="0" smax="0" dmin="0" dmax="0" x="10381.3" z="10737.5" r="180"/>
        <zone name="Water" smin="0" smax="0" dmin="0" dmax="0" x="11225" z="10596.9" r="180"/>
        <zone name="Graze" smin="0" smax="0" dmin="0" dmax="0" x="9945.83" z="9508.33" r="220"/>
    </territory>
    <territory color="864420070">
        <zone name="Rest" smin="0" smax="0" dmin="0" dmax="0" x="11284.4" z="9264.06" r="80"/>
        <zone name="Water" smin="0" smax="0" dmin="0" dmax="0" x="11607.3" z="9020.31" r="140"/>
        <zone name="Graze" smin="0" smax="0" dmin="0" dmax="0" x="11871.9" z="9382.81" r="80"/>
        <zone name="Graze" smin="0" smax="0" dmin="0" dmax="0" x="11139.3" z="8675" r="180"/>
        <zone name="Graze" smin="0" smax="0" dmin="0" dmax="0" x="11837.5" z="10041.7" r="140"/>
    </territory>
    <territory color="864420070">
        <zone name="Water" smin="0" smax="0" dmin="0" dmax="0" x="4430.73" z="8664.58" r="80"/>
        <zone name="Graze" smin="0" smax="0" dmin="0" dmax="0" x="4922.92" z="8220.83" r="120"/>
        <zone name="Graze" smin="0" smax="0" dmin="0" dmax="0" x="4529.17" z="7439.58" r="160"/>
        <zone name="Graze" smin="0" smax="0" dmin="0" dmax="0" x="4606.25" z="7831.25" r="80"/>
        <zone name="Graze" smin="0" smax="0" dmin="0" dmax="0" x="4125" z="7731.25" r="100"/>
    </territory>
    <territory color="864420070">
        <zone name="Rest" smin="0" smax="0" dmin="0" dmax="0" x="6855" z="11352.5" r="100"/>
        <zone name="Graze" smin="0" smax="0" dmin="0" dmax="0" x="7385" z="11945" r="100"/>
        <zone name="Water" smin="0" smax="0" dmin="0" dmax="0" x="7187.5" z="11807.5" r="120"/>
        <zone name="Rest" smin="0" smax="0" dmin="0" dmax="0" x="6875" z="11821.9" r="80"/>
        <zone name="Graze" smin="0" smax="0" dmin="0" dmax="0" x="6471.88" z="12062.5" r="120"/>
    </territory>
    <territory color="864420070">
        <zone name="Water" smin="0" smax="0" dmin="0" dmax="0" x="9815" z="11800" r="120"/>
        <zone name="Graze" smin="0" smax="0" dmin="0" dmax="0" x="10280" z="12010" r="120"/>
        <zone name="Graze" smin="0" smax="0" dmin="0" dmax="0" x="9282.5" z="12057.5" r="120"/>
        <zone name="Rest" smin="0" smax="0" dmin="0" dmax="0" x="8730" z="12207.5" r="120"/>
    </territory>
    <territory color="864420070">
        <zone name="Water" smin="0" smax="0" dmin="0" dmax="0" x="10398.4" z="5903.13" r="100"/>
        <zone name="Graze" smin="0" smax="0" dmin="0" dmax="0" x="12150" z="6162.5" r="150"/>
        <zone name="Graze" smin="0" smax="0" dmin="0" dmax="0" x="12209.4" z="6512.5" r="150"/>
        <zone name="Rest" smin="0" smax="0" dmin="0" dmax="0" x="11543.8" z="5281.25" r="150"/>
        <zone name="Rest" smin="0" smax="0" dmin="0" dmax="0" x="11271.9" z="6425" r="180"/>
    </territory>
    <territory color="864420070">
        <zone name="Water" smin="0" smax="0" dmin="0" dmax="0" x="6275" z="4568.75" r="120"/>
        <zone name="Rest" smin="0" smax="0" dmin="0" dmax="0" x="6501.79" z="4566.07" r="80"/>
        <zone name="Graze" smin="0" smax="0" dmin="0" dmax="0" x="6323.21" z="5562.5" r="160"/>
        <zone name="Graze" smin="0" smax="0" dmin="0" dmax="0" x="6296.43" z="6716.07" r="160"/>
        <zone name="Graze" smin="0" smax="0" dmin="0" dmax="0" x="5803.57" z="5778.57" r="160"/>
    </territory>
</territory-type>
