<?xml version="1.0" encoding="UTF-8"?>
<territory-type>
    <territory color="1426030012">
        <zone name="Rest" smin="0" smax="0" dmin="0" dmax="0" x="1727.68" z="9563.39" r="60"/>
        <zone name="Graze" smin="0" smax="0" dmin="0" dmax="0" x="1270.09" z="9814.58" r="100"/>
        <zone name="Graze" smin="0" smax="0" dmin="0" dmax="0" x="1405.66" z="9379.7" r="80"/>
        <zone name="Graze" smin="0" smax="0" dmin="0" dmax="0" x="2044.23" z="9412.98" r="80"/>
    </territory>
    <territory color="1493138876">
        <zone name="Graze" smin="0" smax="0" dmin="0" dmax="0" x="6412.64" z="3822.78" r="80"/>
        <zone name="Rest" smin="0" smax="0" dmin="0" dmax="0" x="6325.69" z="4025" r="80"/>
        <zone name="Graze" smin="0" smax="0" dmin="0" dmax="0" x="6103.64" z="3940.11" r="100"/>
    </territory>
    <territory color="1543470524">
        <zone name="Graze" smin="0" smax="0" dmin="0" dmax="0" x="3130.83" z="4943.69" r="80"/>
        <zone name="Rest" smin="0" smax="0" dmin="0" dmax="0" x="2490.47" z="5544.49" r="80"/>
        <zone name="Graze" smin="0" smax="0" dmin="0" dmax="0" x="2646.11" z="5388.89" r="80"/>
    </territory>
    <territory color="1056931260">
        <zone name="Graze" smin="0" smax="0" dmin="0" dmax="0" x="5126.14" z="10413.6" r="100"/>
        <zone name="Rest" smin="0" smax="0" dmin="0" dmax="0" x="4956.25" z="10107.5" r="80"/>
        <zone name="Graze" smin="0" smax="0" dmin="0" dmax="0" x="5278.13" z="10040.6" r="80"/>
        <zone name="Graze" smin="0" smax="0" dmin="0" dmax="0" x="4819.64" z="10228.6" r="100"/>
    </territory>
    <territory color="1426030012">
        <zone name="Graze" smin="0" smax="0" dmin="0" dmax="0" x="993.75" z="5462.5" r="80"/>
        <zone name="Rest" smin="0" smax="0" dmin="0" dmax="0" x="975" z="5670.54" r="50"/>
        <zone name="Graze" smin="0" smax="0" dmin="0" dmax="0" x="841.071" z="5573.21" r="80"/>
        <zone name="Graze" smin="0" smax="0" dmin="0" dmax="0" x="1105.36" z="5632.14" r="50"/>
    </territory>
    <territory color="1409252796">
        <zone name="Rest" smin="0" smax="0" dmin="0" dmax="0" x="11626.4" z="9400" r="90"/>
        <zone name="Graze" smin="0" smax="0" dmin="0" dmax="0" x="11371.1" z="9048.89" r="90"/>
        <zone name="Graze" smin="0" smax="0" dmin="0" dmax="0" x="12483.3" z="8948.33" r="90"/>
        <zone name="Graze" smin="0" smax="0" dmin="0" dmax="0" x="11354.9" z="9396.81" r="80"/>
    </territory>
    <territory color="1493138876">
        <zone name="Graze" smin="0" smax="0" dmin="0" dmax="0" x="4032.14" z="8248.81" r="80"/>
        <zone name="Rest" smin="0" smax="0" dmin="0" dmax="0" x="3867.86" z="8009.22" r="80"/>
        <zone name="Graze" smin="0" smax="0" dmin="0" dmax="0" x="3814.17" z="8472.92" r="100"/>
    </territory>
    <territory color="872381884">
        <zone name="Rest" smin="0" smax="0" dmin="0" dmax="0" x="4861.03" z="7979.72" r="80"/>
        <zone name="Graze" smin="0" smax="0" dmin="0" dmax="0" x="4775.2" z="7749.04" r="80"/>
        <zone name="Graze" smin="0" smax="0" dmin="0" dmax="0" x="4911.31" z="7256.47" r="100"/>
    </territory>
    <territory color="1459584444">
        <zone name="Rest" smin="0" smax="0" dmin="0" dmax="0" x="12214.1" z="4551.56" r="70"/>
        <zone name="Graze" smin="0" smax="0" dmin="0" dmax="0" x="12099" z="4405.73" r="70"/>
    </territory>
    <territory color="1459584444">
        <zone name="Rest" smin="0" smax="0" dmin="0" dmax="0" x="3759.72" z="12020.8" r="80"/>
        <zone name="Graze" smin="0" smax="0" dmin="0" dmax="0" x="3161.11" z="11976.4" r="80"/>
        <zone name="Graze" smin="0" smax="0" dmin="0" dmax="0" x="3880.56" z="11818.2" r="100"/>
        <zone name="Graze" smin="0" smax="0" dmin="0" dmax="0" x="3732.74" z="11621.2" r="60"/>
    </territory>
    <territory color="1426030012">
        <zone name="Rest" smin="0" smax="0" dmin="0" dmax="0" x="10753.8" z="10767.5" r="70"/>
        <zone name="Rest" smin="0" smax="0" dmin="0" dmax="0" x="10902.5" z="10907.5" r="50"/>
        <zone name="Graze" smin="0" smax="0" dmin="0" dmax="0" x="10492.5" z="10978.8" r="80"/>
        <zone name="Graze" smin="0" smax="0" dmin="0" dmax="0" x="10336.3" z="11131.3" r="100"/>
    </territory>
    <territory color="1543470524">
        <zone name="Rest" smin="0" smax="0" dmin="0" dmax="0" x="6384.38" z="10353.1" r="80"/>
        <zone name="Graze" smin="0" smax="0" dmin="0" dmax="0" x="6143.75" z="10343.8" r="50"/>
        <zone name="Graze" smin="0" smax="0" dmin="0" dmax="0" x="6375" z="10168.8" r="100"/>
    </territory>
    <territory color="1191148988">
        <zone name="Rest" smin="0" smax="0" dmin="0" dmax="0" x="6583.71" z="11498.7" r="100"/>
        <zone name="Graze" smin="0" smax="0" dmin="0" dmax="0" x="6660.94" z="11271.9" r="100"/>
        <zone name="Graze" smin="0" smax="0" dmin="0" dmax="0" x="6370.31" z="11344.2" r="100"/>
        <zone name="Graze" smin="0" smax="0" dmin="0" dmax="0" x="6358.93" z="11164.3" r="60"/>
    </territory>
    <territory color="1493138876">
        <zone name="Rest" smin="0" smax="0" dmin="0" dmax="0" x="9501.39" z="10830.6" r="80"/>
        <zone name="Graze" smin="0" smax="0" dmin="0" dmax="0" x="9134.72" z="10795.8" r="100"/>
        <zone name="Graze" smin="0" smax="0" dmin="0" dmax="0" x="9526.39" z="10534.7" r="120"/>
        <zone name="Graze" smin="0" smax="0" dmin="0" dmax="0" x="9278.87" z="11028.3" r="50"/>
    </territory>
    <territory color="1291812284">
        <zone name="Rest" smin="0" smax="0" dmin="0" dmax="0" x="11353.8" z="615" r="60"/>
        <zone name="Graze" smin="0" smax="0" dmin="0" dmax="0" x="11140" z="772.5" r="50"/>
    </territory>
    <territory color="1526693308">
        <zone name="Rest" smin="0" smax="0" dmin="0" dmax="0" x="11317" z="4175.83" r="70"/>
        <zone name="Graze" smin="0" smax="0" dmin="0" dmax="0" x="11461.3" z="4271.67" r="100"/>
        <zone name="Graze" smin="0" smax="0" dmin="0" dmax="0" x="11061.3" z="4102.92" r="100"/>
        <zone name="Rest" smin="0" smax="0" dmin="0" dmax="0" x="11364" z="4578.64" r="50"/>
    </territory>
</territory-type>
