<?xml version="1.0" encoding="UTF-8" standalone="yes"?>
<messages>
<!--

Example messages:
    
1) following message will be displayed to every player in countdown manner
    and shuts down server in 10 hours from its start

    <message>
        <deadline>600</deadline>
        <shutdown>1</shutdown>
        <text>This server (#name) will shutdown in #tmin minutes.</text>
    </message>
 
 -->
    <message>
        <repeat>15</repeat>
        <text>Welcome to the World that is Bhaalshad..... May only the best prevail !</text>
    </message>
    <message>
    	<delay>10</delay>
        <repeat>15</repeat>
        <text>Was that a Helicopter or a Plane I just heard?</text>
    </message>    
 <!--
3) following message will be displayed every 50 minutes to every player
	and 10 minutes after player connect
	-->	
    <message>
        <delay>10</delay>
        <repeat>50</repeat>
        <onconnect>1</onconnect>
        <text>Join our Discord to connect with other players and provide feedback.</text>
    </message>
    <message>
        <delay>10</delay>
        <repeat>50</repeat>
        <onconnect>1</onconnect>
        <text>http://bhaalshad.com</text>
    </message>
 
 <!--
4) following message will be displayed once
	and 2 minutes after player connect
    -->
    <message>
        <delay>1</delay>
        <onconnect>1</onconnect>
        <text>Welcome to the world that once was!</text>
    </message>
    <message>
        <delay>2</delay>
        <onconnect>1</onconnect>
        <text>Can you avoid the Zombies, Witches, Pumpkin Men and Wild Beasts that are hunting you?</text>
    </message>
    <message>
        <delay>2</delay>
        <onconnect>1</onconnect>
        <text>Plenty to find here. Enjoy your stay! Explore a little!</text>
    </message>
    <message>
        <delay>2</delay>
        <onconnect>1</onconnect>
        <text>Mod design by, Bhaalshad. 2021. Visit us at https://discord.gg/bhaalshad</text>
    </message>    
</messages>