{
	"version": 116,
	"GeneralData":
	{
		"disableBaseDamage": 0,
		"disableContainerDamage": 0,
		"disableRespawnDialog": 0
	},
    "PlayerData":
	{
		"disablePersonalLight": 0,
		"StaminaData":
		{
			"sprintStaminaModifierErc": 1.0,
			"sprintStaminaModifierCro": 1.0,
			"staminaWeightLimitThreshold": 6000.0,
			"staminaMax": 100.0,
			"staminaKgToStaminaPercentPenalty": 1.75,
			"staminaMinCap": 5.0
		},
		"ShockHandlingData":
		{
			"shockRefillSpeedConscious": 5.0,
			"shockRefillSpeedUnconscious": 1.0,
			"allowRefillSpeedModifier": true
		}
	},
	"WorldsData":
	{
		"lightingConfig": 1,
		"objectSpawnersArr": [],
		"environmentMinTemps": [-3, -2, 0, 4, 9, 14, 18, 17, 12, 7, 4, 0],
		"environmentMaxTemps": [3, 5, 7, 14, 19, 24, 26, 25, 21, 16, 10, 5]
	},
	"BaseBuildingData":
	{
		"HologramData":
		{
			"disableIsCollidingBBoxCheck": 0,
			"disableIsCollidingPlayerCheck": 0,
			"disableIsClippingRoofCheck": 0,
			"disableIsBaseViableCheck": 0,
			"disableIsCollidingGPlotCheck": 0,
			"disableIsCollidingAngleCheck": 0,
			"disableIsPlacementPermittedCheck": 0,
			"disableHeightPlacementCheck": 0,
			"disableIsUnderwaterCheck": 0,
			"disableIsInTerrainCheck": 0
		},
		"ConstructionData":
		{
			"disablePerformRoofCheck": 0,
			"disableIsCollidingCheck": 0,
			"disableDistanceCheck": 0
		}
	},
	"UIData":
	{
		"use3DMap": 0,
		"HitIndicationData":
		{
			"hitDirectionOverrideEnabled": 0,
			"hitDirectionBehaviour": 1,
			"hitDirectionStyle": 0,
			"hitDirectionIndicatorColorStr": "0xffbb0a1e",
			"hitDirectionMaxDuration": 2.0,
			"hitDirectionBreakPointRelative": 0.2,
			"hitDirectionScatter": 10.0,
			"hitIndicationPostProcessEnabled": 1
		}
	}
}