<?xml version="1.0" encoding="UTF-8" standalone="yes" ?>
<playerspawnpoints>
    <fresh>
        <spawn_params>
            <min_dist_infected>30</min_dist_infected>
            <max_dist_infected>70</max_dist_infected>
            <min_dist_player>65</min_dist_player>
            <max_dist_player>150</max_dist_player>
            <min_dist_static>0</min_dist_static>
            <max_dist_static>2</max_dist_static>
        </spawn_params>
        <generator_params>
            <grid_density>4</grid_density>
            <grid_width>200</grid_width>
            <grid_height>200</grid_height>
            <min_dist_static>0</min_dist_static>
            <max_dist_static>2</max_dist_static>
            <min_steepness>-45</min_steepness>
            <max_steepness>45</max_steepness>
        </generator_params>
        <group_params>
            <enablegroups>true</enablegroups>
            <groups_as_regular>true</groups_as_regular>
            <lifetime>360</lifetime>
            <counter>-1</counter>
        </group_params>
        <generator_posbubbles>
            <group name="EastTopolin" lifetime="240" counter="-1">
                <pos x="1136.605957" z="8039.599609" />
                <pos x="1155.781128" z="7771.263184" />
                <pos x="1050.992432" z="7407.925781" />
                <pos x="951.000732" z="7229.882813" />
                <pos x="1170.582764" z="7077.439453" />
                <pos x="1374.374878" z="7116.393066" />
                <pos x="1638.666748" z="7131.799805" />
            </group>
            <group name="WestTopolin" lifetime="240" counter="-1">
                <pos x="2189.3608" z="7677.215332" />
                <pos x="2173.861328" z="7460.745117" />
                <pos x="2167.464844" z="7251.004395" />
                <pos x="2124.796143" z="7048.749512" />
                <pos x="1478.708008" z="8025.588867" />
                <pos x="1365.684814" z="8219.892578" />
            </group>
            <group name="Radacz">
                <pos x="4033.966064" z="8265.712891" />
                <pos x="3868.875732" z="8145.055176" />
                <pos x="3832.824463" z="7953.592285" />
                <pos x="3984.1633" z="7781.235352" />
                <pos x="4184.289551" z="7852.6079" />
                <pos x="4107.457031" z="8051.109863" />
            </group>
            <group name="EastGliniska" lifetime="240" counter="-1">
                <pos x="4984.470703" z="10386.576172" />
                <pos x="4974.511719" z="10172.223633" />
                <pos x="4797.523438" z="10062.836914" />
                <pos x="4853.898438" z="9834.111328" />
                <pos x="5006.519043" z="9627.448242" />
                <pos x="5109.297363" z="9528.849609" />
            </group>
            <group name="WestGliniska" lifetime="240" counter="-1">
                <pos x="5289.757813" z="9886.451172" />
                <pos x="5210.599609" z="10043.5966" />
                <pos x="5246.647949" z="10226.464844" />
                <pos x="5269.916992" z="10449.580078" />
                <pos x="5144.492188" z="10620.958008" />
            </group>
            <group name="Brena">
                <pos x="6833.701172" z="11218.008789" />
                <pos x="6648.474121" z="11373.0908" />
                <pos x="6287.591309" z="11063.177734" />
                <pos x="6278.830566" z="11263.807617" />
                <pos x="6426.564453" z="11494.036133" />
            </group>
            <group name="Kolembrody">
                <pos x="8528.213867" z="11768.814453" />
                <pos x="8352.768555" z="11714.275391" />
                <pos x="8604.712891" z="12051.362305" />
                <pos x="8391.484375" z="12030.444336" />
                <pos x="7965.602051" z="11643.311523" />
                <pos x="8070.306641" z="11694.886719" />
            </group>
            <group name="EastGrabin" lifetime="240" counter="-1">
                <pos x="10563.3437" z="10836.638672" />
                <pos x="10484.527344" z="11028.996094" />
                <pos x="10573.258789" z="11189.707031" />
            </group>
            <group name="WestGrabin" lifetime="240" counter="-1">
                <pos x="11009.897461" z="11174.416992" />
                <pos x="10950.235352" z="10993.746094" />
                <pos x="10908.912109" z="10821.922852" />
                <pos x="10738.176758" z="10713.330078" />
            </group>
            <group name="EastStinik" lifetime="240" counter="-1">
                <pos x="11444.573242" z="9897.868164" />
                <pos x="11288.900391" z="9835.7783" />
                <pos x="11149.783203" z="9630.8720" />
                <pos x="10954.042969" z="9522.310547" />
                <pos x="11376.046875" z="10061.8408" />
            </group>
            <group name="WestStinik" lifetime="240" counter="-1">
                <pos x="11745.474609" z="9440.917969" />
                <pos x="11621.383789" z="9315.645508" />
                <pos x="11432.880859" z="9260.918945" />
                <pos x="11276.212891" z="9213.671875" />
                <pos x="11194.930664" z="9054.277344" />
                <pos x="11088.555664" z="9224.5654" />
            </group>
            <group name="Sobotka">
                <pos x="6396.009277" z="10178.202148" />
                <pos x="6395.188477" z="10409.898438" />
                <pos x="6190.791504" z="10452.539063" />
                <pos x="6194.955078" z="10201.043945" />
            </group>
        </generator_posbubbles>
    </fresh>
    <hop>
        <spawn_params>
            <min_dist_infected>30.0</min_dist_infected>
            <max_dist_infected>70.0</max_dist_infected>
            <min_dist_player>25.0</min_dist_player>
            <max_dist_player>70.0</max_dist_player>
            <min_dist_static>0.5</min_dist_static>
            <max_dist_static>2.0</max_dist_static>
        </spawn_params>
        <generator_params>
            <grid_density>4</grid_density>
            <grid_width>150</grid_width>
            <grid_height>150</grid_height>
            <min_dist_static>0</min_dist_static>
            <max_dist_static>2</max_dist_static>
            <min_steepness>-45</min_steepness>
            <max_steepness>45</max_steepness>
        </generator_params>
        <group_params>
            <enablegroups>false</enablegroups>
            <groups_as_regular>true</groups_as_regular>
            <lifetime>360</lifetime>
            <counter>-1</counter>
        </group_params>
        <generator_posbubbles>
            <group name="Bielawa">
                <pos x="1551.147461" z="9376.832031" />
                <pos x="1316.421631" z="9290.530273" />
                <pos x="1125.401978" z="9406.3779" />
                <pos x="1303.298706" z="9696.295898" />
                <pos x="1046.550293" z="9870.730469" />
                <pos x="1478.784546" z="9896.9062" />
                <pos x="1671.9162" z="9967.6533" />
                <pos x="1730.648682" z="10292.320313" />
                <pos x="1799.053955" z="9702.639648" />
                <pos x="2084.579346" z="9576.885742" />
                <pos x="1137.720215" z="10499.796875" />
            </group>
            <group name="Lukow">
                <pos x="3724.534424" z="11622.162109" />
                <pos x="3866.552734" z="11924.900391" />
                <pos x="3651.272949" z="11959.685547" />
                <pos x="3601.7116" z="12272.011719" />
                <pos x="3234.377197" z="12099.676758" />
                <pos x="3209.530518" z="12435.224609" />
                <pos x="3349.539063" z="11843.341797" />
            </group>
            <group name="Brena">
                <pos x="6953.732422" z="11815.594727" />
                <pos x="7223.584961" z="11759.3466" />
                <pos x="7153.2329" z="12043.008789" />
                <pos x="6865.048828" z="12095.717773" />
                <pos x="7690.549316" z="12160.602539" />
                <pos x="7478.538086" z="12160.478516" />
            </group>
            <group name="Kolembrody">
                <pos x="8264.328125" z="12142.592773" />
                <pos x="8338.135742" z="12261.265625" />
                <pos x="8426.248047" z="12478.8154" />
                <pos x="8522.2812" z="12288.429688" />
                <pos x="8725.990234" z="12425.084961" />
                <pos x="8888.828125" z="12293.662109" />
            </group>
            <group name="Grabin">
                <pos x="10999.291016" z="11847.226563" />
                <pos x="11088.583984" z="12078.369141" />
                <pos x="11255.254883" z="11983.467773" />
                <pos x="11461.070313" z="11946.746094" />
                <pos x="11337.553711" z="11625.295898" />
                <pos x="11542.720703" z="12116.796875" />
                <pos x="11735.972656" z="11646.174805" />
            </group>
            <group name="Stinik">
                <pos x="12194.280273" z="9648.305664" />
                <pos x="12120.241211" z="10174.108398" />
                <pos x="12162.782227" z="9151.776367" />
                <pos x="11886.427734" z="9175.244141" />
                <pos x="11704.419922" z="9030.692383" />
                <pos x="11679.166992" z="8431.100586" />
                <pos x="11344.383789" z="8435.489258" />
            </group>
        </generator_posbubbles>
    </hop>
    <travel>
        <spawn_params>
            <min_dist_infected>30.0</min_dist_infected>
            <max_dist_infected>70.0</max_dist_infected>
            <min_dist_player>25.0</min_dist_player>
            <max_dist_player>70.0</max_dist_player>
            <min_dist_static>0.5</min_dist_static>
            <max_dist_static>2.0</max_dist_static>
        </spawn_params>
        <generator_params>
            <grid_density>4</grid_density>
            <grid_width>150</grid_width>
            <grid_height>150</grid_height>
            <min_dist_static>0</min_dist_static>
            <max_dist_static>2</max_dist_static>
            <min_steepness>-45</min_steepness>
            <max_steepness>45</max_steepness>
        </generator_params>
        <group_params>
            <enablegroups>false</enablegroups>
            <groups_as_regular>true</groups_as_regular>
            <lifetime>360</lifetime>
            <counter>-1</counter>
        </group_params>
        <generator_posbubbles>
            <group name="Bielawa">
                <pos x="1551.147461" z="9376.832031" />
                <pos x="1316.421631" z="9290.530273" />
                <pos x="1125.401978" z="9406.3779" />
                <pos x="1303.298706" z="9696.295898" />
                <pos x="1046.550293" z="9870.730469" />
                <pos x="1478.784546" z="9896.9062" />
                <pos x="1671.9162" z="9967.6533" />
                <pos x="1730.648682" z="10292.320313" />
                <pos x="1799.053955" z="9702.639648" />
                <pos x="2084.579346" z="9576.885742" />
                <pos x="1137.720215" z="10499.796875" />
            </group>
            <group name="Lukow">
                <pos x="3724.534424" z="11622.162109" />
                <pos x="3866.552734" z="11924.900391" />
                <pos x="3651.272949" z="11959.685547" />
                <pos x="3601.7116" z="12272.011719" />
                <pos x="3234.377197" z="12099.676758" />
                <pos x="3209.530518" z="12435.224609" />
                <pos x="3349.539063" z="11843.341797" />
            </group>
            <group name="Brena">
                <pos x="6953.732422" z="11815.594727" />
                <pos x="7223.584961" z="11759.3466" />
                <pos x="7153.2329" z="12043.008789" />
                <pos x="6865.048828" z="12095.717773" />
                <pos x="7690.549316" z="12160.602539" />
                <pos x="7478.538086" z="12160.478516" />
            </group>
            <group name="Kolembrody">
                <pos x="8264.328125" z="12142.592773" />
                <pos x="8338.135742" z="12261.265625" />
                <pos x="8426.248047" z="12478.8154" />
                <pos x="8522.2812" z="12288.429688" />
                <pos x="8725.990234" z="12425.084961" />
                <pos x="8888.828125" z="12293.662109" />
            </group>
            <group name="Grabin">
                <pos x="10999.291016" z="11847.226563" />
                <pos x="11088.583984" z="12078.369141" />
                <pos x="11255.254883" z="11983.467773" />
                <pos x="11461.070313" z="11946.746094" />
                <pos x="11337.553711" z="11625.295898" />
                <pos x="11542.720703" z="12116.796875" />
                <pos x="11735.972656" z="11646.174805" />
            </group>
            <group name="Stinik">
                <pos x="12194.280273" z="9648.305664" />
                <pos x="12120.241211" z="10174.108398" />
                <pos x="12162.782227" z="9151.776367" />
                <pos x="11886.427734" z="9175.244141" />
                <pos x="11704.419922" z="9030.692383" />
                <pos x="11679.166992" z="8431.100586" />
                <pos x="11344.383789" z="8435.489258" />
            </group>
        </generator_posbubbles>
    </travel>
</playerspawnpoints>
