<?xml version="1.0" encoding="UTF-8" standalone="yes" ?>
<economycore>
	<classes>
<!--
These are rootclasses to be used by economy.
Do not forget to add attribute act="character", if root class represents character (player, infected, animal)
Do not forget to add attribute act="car", if root class represents moveable vehicles
-->
		<rootclass name="DefaultWeapon" /> <!-- weapons -->
		<rootclass name="DefaultMagazine" /> <!-- magazines -->
		<rootclass name="Inventory_Base" /> <!-- inventory items -->
		<rootclass name="HouseNoDestruct" reportMemoryLOD="no" /> <!-- houses, wrecks -->
		<rootclass name="SurvivorBase" act="character" reportMemoryLOD="no" /> <!-- player characters -->
		<rootclass name="DZ_LightAI" act="character" reportMemoryLOD="no" /> <!-- infected, animals -->
		<rootclass name="CarScript" act="car" reportMemoryLOD="no" /> <!-- cars (sedan, hatchback, transitBus, V3S, ...) -->
	</classes>
	<defaults>
		<default name="dyn_radius" value="50" />
		<default name="dyn_smin" value="5" />
		<default name="dyn_smax" value="10" />
		<default name="dyn_dmin" value="5" />
		<default name="dyn_dmax" value="10" />
		<default name="log_ce_loop" value="false"/>
		<default name="log_ce_dynamicevent" value="false"/>
		<default name="log_ce_vehicle" value="false"/>
		<default name="log_ce_lootspawn" value="false"/>
		<default name="log_ce_lootcleanup" value="false"/>
		<default name="log_ce_lootrespawn" value="false"/>
		<default name="log_ce_statistics" value="false"/>
		<default name="log_ce_zombie" value="false"/>
		<default name="log_storageinfo" value="false"/>
		<default name="log_hivewarning" value="true"/>
		<default name="log_missionfilewarning" value="true"/>
		<default name="save_events_startup" value="true"/>
		<default name="save_types_startup" value="true"/>
	</defaults>
	<!--
  <ce folder="foldername">
    <file name="weapons.xml" type="types" />
	<file name="ammo.xml" type="types" />
	<file name="equipment.xml" type="types" />
	<file name="xmas.xml" type="types" />
	<file name="clothes.xml" type="types" />
	<file name="tools.xml" type="types" />
	<file name="special.xml" type="types" />
	<file name="containers.xml" type="types" />
	<file name="vehiclesparts.xml" type="types" />
	<file name="food.xml" type="types" />
	<file name="medical.xml" type="types" />
	<file name="explosives.xml" type="types" />
	<file name="dontuse.xml" type="types" />
  </ce>	
  -->
</economycore>