<?xml version="1.0" encoding="UTF-8" standalone="yes"?>
<playerspawnpoints>

    <fresh>
        <!-- runtime parameters used when player is spawning -->
        <spawn_params>
            <!-- used to rate point against infected -->
            <min_dist_infected>30.0</min_dist_infected>
            <max_dist_infected>70.0</max_dist_infected>
            <!-- used to rate point against other players -->
            <min_dist_player>25.0</min_dist_player>
            <max_dist_player>70.0</max_dist_player>
            <!-- used to rate point against buildings -->
            <min_dist_static>0.5</min_dist_static>
            <max_dist_static>2.0</max_dist_static>
        </spawn_params>

        <generator_params>
            <grid_density>2</grid_density><!-- 2 -->
            <!-- total width of grid in metres -->
            <grid_width>2.0</grid_width><!-- 40 -->
            <!-- total height of grid in metres -->
            <grid_height>2.0</grid_height><!-- 40 -->
            <!--  minimum distance from buildings for valid spawn point -->
            <min_dist_static>0.5</min_dist_static>
            <!--  maximum distance from buildings used to rate valid spawn point -->
            <max_dist_static>2.0</max_dist_static>
            <!-- terrain slope limits for valid spawn point -->
            <min_steepness>-45</min_steepness>
            <max_steepness>45</max_steepness>
        </generator_params>

        <!-- centers for grids of spawn points -->
		
<!-- for full map
			<pos x="3224.70" z="13313.58" />
	        <pos x="10000.70" z="13313.58" />
	        <pos x="6274.70" z="10388.58" />
	        <pos x="2198.70" z="6412.58" />
	        <pos x="10350.70" z="6412.58" />		

Krazno Air Field
<pos x="11797.33" z="12461.59" />

Left of Vibor
<pos x="3034.33" z="8836.59" />

The Maze - left of Staty Sobor
<pos x="4994.00" z="7479.00" />		

Right of Polana
<pos x="11183.00" z="7884.00" />		
	
Skalsity Island
<pos x="13462.33" z="2867.59" />

Stone fort
<pos x="2727.33" z="3002.59" />
	
PvP on the Sea
<pos x="13848" z="11697" />	

Tisy Prison
<pos x="1664.77" z="14167.63" />

Stary Sober
<pos x="6369" z="7429" />
-->
        <generator_posbubbles>

			<pos x="3224.70" z="13313.58" />
	        <pos x="10000.70" z="13313.58" />
	        <pos x="6274.70" z="10388.58" />
	        <pos x="2198.70" z="6412.58" />
	        <pos x="10350.70" z="6412.58" />	

		</generator_posbubbles>
    </fresh>
	<hop>
		<generator_posbubbles>

<pos x="13848" z="11697" />	

		</generator_posbubbles>
	</hop>

	<travel>
		<generator_posbubbles>

<pos x="13848" z="11697" />	

		</generator_posbubbles>
	</travel>	
</playerspawnpoints>
