<?xml version="1.0" encoding="UTF-8"?>
<territory-type>
    <territory color="4294945280">
        <zone name="Zone_fox" smin="0" smax="0" dmin="0" dmax="2" x="5996.25" z="11621.3" r="50"/>
        <zone name="Zone_fox" smin="0" smax="0" dmin="0" dmax="2" x="5906.25" z="11797.5" r="50"/>
        <zone name="Zone_fox" smin="0" smax="0" dmin="0" dmax="2" x="5962.5" z="12041.3" r="50"/>
        <zone name="Zone_fox" smin="0" smax="0" dmin="0" dmax="2" x="6172.5" z="12007.5" r="50"/>
        <zone name="Zone_fox" smin="0" smax="0" dmin="0" dmax="2" x="6172.5" z="12281.3" r="50"/>
        <zone name="Zone_fox" smin="0" smax="0" dmin="0" dmax="2" x="6217.5" z="12502.5" r="50"/>
        <zone name="Zone_fox" smin="0" smax="0" dmin="0" dmax="2" x="6791.25" z="12678.8" r="50"/>
        <zone name="Zone_fox" smin="0" smax="0" dmin="0" dmax="2" x="7035" z="12427.5" r="50"/>
        <zone name="Zone_fox" smin="0" smax="0" dmin="0" dmax="2" x="6776.25" z="12390" r="50"/>
        <zone name="Zone_fox" smin="0" smax="0" dmin="0" dmax="2" x="6746.25" z="12018.8" r="50"/>
        <zone name="Zone_fox" smin="0" smax="0" dmin="0" dmax="2" x="6900" z="11782.5" r="50"/>
        <zone name="Zone_fox" smin="0" smax="0" dmin="0" dmax="2" x="7095" z="11850" r="50"/>
        <zone name="Zone_fox" smin="0" smax="0" dmin="0" dmax="2" x="7113.75" z="12082.5" r="50"/>
        <zone name="Zone_fox" smin="0" smax="0" dmin="0" dmax="2" x="7305" z="12491.3" r="50"/>
        <zone name="Zone_fox" smin="0" smax="0" dmin="0" dmax="2" x="7560" z="12588.8" r="50"/>
        <zone name="Zone_fox" smin="0" smax="0" dmin="0" dmax="2" x="7856.25" z="12588.8" r="50"/>
        <zone name="Zone_fox" smin="0" smax="0" dmin="0" dmax="2" x="7725" z="13020" r="50"/>
        <zone name="Zone_fox" smin="0" smax="0" dmin="0" dmax="2" x="7995" z="13095" r="50"/>
        <zone name="Zone_fox" smin="0" smax="0" dmin="0" dmax="2" x="8197.5" z="12900" r="50"/>
        <zone name="Zone_fox" smin="0" smax="0" dmin="0" dmax="2" x="8400" z="13065" r="50"/>
        <zone name="Zone_fox" smin="0" smax="0" dmin="0" dmax="2" x="8508.75" z="13278.8" r="50"/>
        <zone name="Zone_fox" smin="0" smax="0" dmin="0" dmax="2" x="8801.25" z="13342.5" r="50"/>
        <zone name="Zone_fox" smin="0" smax="0" dmin="0" dmax="2" x="9390" z="13035" r="50"/>
        <zone name="Zone_fox" smin="0" smax="0" dmin="0" dmax="2" x="9915" z="12922.5" r="50"/>
        <zone name="Zone_fox" smin="0" smax="0" dmin="0" dmax="2" x="10132.5" z="12866.3" r="50"/>
        <zone name="Zone_fox" smin="0" smax="0" dmin="0" dmax="2" x="10451.3" z="12892.5" r="50"/>
        <zone name="Zone_fox" smin="0" smax="0" dmin="0" dmax="2" x="10901.3" z="12742.5" r="50"/>
        <zone name="Zone_fox" smin="0" smax="0" dmin="0" dmax="2" x="10822.5" z="12502.5" r="50"/>
        <zone name="Zone_fox" smin="0" smax="0" dmin="0" dmax="2" x="11403.8" z="12461.3" r="50"/>
        <zone name="Zone_fox" smin="0" smax="0" dmin="0" dmax="2" x="11246.3" z="12731.3" r="50"/>
        <zone name="Zone_fox" smin="0" smax="0" dmin="0" dmax="2" x="11741.3" z="12427.5" r="50"/>
        <zone name="Zone_fox" smin="0" smax="0" dmin="0" dmax="2" x="11951.3" z="12165" r="50"/>
        <zone name="Zone_fox" smin="0" smax="0" dmin="0" dmax="2" x="12521.3" z="12101.3" r="50"/>
        <zone name="Zone_fox" smin="0" smax="0" dmin="0" dmax="2" x="12641.3" z="11846.3" r="50"/>
        <zone name="Zone_fox" smin="0" smax="0" dmin="0" dmax="2" x="12708.8" z="11542.5" r="50"/>
        <zone name="Zone_fox" smin="0" smax="0" dmin="0" dmax="2" x="12697.5" z="11280" r="50"/>
        <zone name="Zone_fox" smin="0" smax="0" dmin="0" dmax="2" x="12915" z="11137.5" r="50"/>
        <zone name="Zone_fox" smin="0" smax="0" dmin="0" dmax="2" x="13260" z="11362.5" r="50"/>
        <zone name="Zone_fox" smin="0" smax="0" dmin="0" dmax="2" x="12948.8" z="11478.8" r="50"/>
        <zone name="Zone_fox" smin="0" smax="0" dmin="0" dmax="2" x="13147.5" z="10605" r="50"/>
        <zone name="Zone_fox" smin="0" smax="0" dmin="0" dmax="2" x="13226.3" z="11021.3" r="50"/>
        <zone name="Zone_fox" smin="0" smax="0" dmin="0" dmax="2" x="13721.3" z="11362.5" r="50"/>
        <zone name="Zone_fox" smin="0" smax="0" dmin="0" dmax="2" x="14163.8" z="11227.5" r="50"/>
        <zone name="Zone_fox" smin="0" smax="0" dmin="0" dmax="2" x="14043.8" z="10938.8" r="50"/>
        <zone name="Zone_fox" smin="0" smax="0" dmin="0" dmax="2" x="14302.5" z="10755" r="50"/>
        <zone name="Zone_fox" smin="0" smax="0" dmin="0" dmax="2" x="14062.5" z="10683.8" r="50"/>
        <zone name="Zone_fox" smin="0" smax="0" dmin="0" dmax="2" x="13987.5" z="10117.5" r="50"/>
        <zone name="Zone_fox" smin="0" smax="0" dmin="0" dmax="2" x="14205" z="10226.3" r="50"/>
        <zone name="Zone_fox" smin="0" smax="0" dmin="0" dmax="2" x="13920" z="9652.5" r="50"/>
        <zone name="Zone_fox" smin="0" smax="0" dmin="0" dmax="2" x="13758.8" z="9611.25" r="50"/>
        <zone name="Zone_fox" smin="0" smax="0" dmin="0" dmax="2" x="13702.5" z="8756.25" r="50"/>
        <zone name="Zone_fox" smin="0" smax="0" dmin="0" dmax="2" x="13833.8" z="8572.5" r="50"/>
        <zone name="Zone_fox" smin="0" smax="0" dmin="0" dmax="2" x="13995" z="8681.25" r="50"/>
        <zone name="Zone_fox" smin="0" smax="0" dmin="0" dmax="2" x="13485" z="8703.75" r="50"/>
        <zone name="Zone_fox" smin="0" smax="0" dmin="0" dmax="2" x="13455" z="8351.25" r="50"/>
        <zone name="Zone_fox" smin="0" smax="0" dmin="0" dmax="2" x="13170" z="7972.5" r="50"/>
        <zone name="Zone_fox" smin="0" smax="0" dmin="0" dmax="2" x="12663.8" z="7953.75" r="50"/>
        <zone name="Zone_fox" smin="0" smax="0" dmin="0" dmax="2" x="12570" z="8171.25" r="50"/>
        <zone name="Zone_fox" smin="0" smax="0" dmin="0" dmax="2" x="12570" z="8512.5" r="50"/>
        <zone name="Zone_fox" smin="0" smax="0" dmin="0" dmax="2" x="11898.8" z="8272.5" r="50"/>
        <zone name="Zone_fox" smin="0" smax="0" dmin="0" dmax="2" x="11958.8" z="8051.25" r="50"/>
        <zone name="Zone_fox" smin="0" smax="0" dmin="0" dmax="2" x="12378.8" z="7875" r="50"/>
        <zone name="Zone_fox" smin="0" smax="0" dmin="0" dmax="2" x="11392.5" z="8017.5" r="50"/>
        <zone name="Zone_fox" smin="0" smax="0" dmin="0" dmax="2" x="11201.3" z="7785" r="50"/>
        <zone name="Zone_fox" smin="0" smax="0" dmin="0" dmax="2" x="11032.5" z="7398.75" r="50"/>
        <zone name="Zone_fox" smin="0" smax="0" dmin="0" dmax="2" x="11070" z="6960" r="50"/>
        <zone name="Zone_fox" smin="0" smax="0" dmin="0" dmax="2" x="10488.8" z="7342.5" r="50"/>
        <zone name="Zone_fox" smin="0" smax="0" dmin="0" dmax="2" x="10507.5" z="6982.5" r="50"/>
        <zone name="Zone_fox" smin="0" smax="0" dmin="0" dmax="2" x="10267.5" z="7380" r="50"/>
        <zone name="Zone_fox" smin="0" smax="0" dmin="0" dmax="2" x="10237.5" z="7065" r="50"/>
        <zone name="Zone_fox" smin="0" smax="0" dmin="0" dmax="2" x="10342.5" z="6693.75" r="50"/>
        <zone name="Zone_fox" smin="0" smax="0" dmin="0" dmax="2" x="9907.5" z="7046.25" r="50"/>
        <zone name="Zone_fox" smin="0" smax="0" dmin="0" dmax="2" x="9648.75" z="6986.25" r="50"/>
        <zone name="Zone_fox" smin="0" smax="0" dmin="0" dmax="2" x="9626.25" z="6791.25" r="50"/>
        <zone name="Zone_fox" smin="0" smax="0" dmin="0" dmax="2" x="9266.25" z="7395" r="50"/>
        <zone name="Zone_fox" smin="0" smax="0" dmin="0" dmax="2" x="9003.75" z="7342.5" r="50"/>
        <zone name="Zone_fox" smin="0" smax="0" dmin="0" dmax="2" x="9075" z="7087.5" r="50"/>
        <zone name="Zone_fox" smin="0" smax="0" dmin="0" dmax="2" x="9607.5" z="7545" r="50"/>
        <zone name="Zone_fox" smin="0" smax="0" dmin="0" dmax="2" x="9180" z="7672.5" r="50"/>
        <zone name="Zone_fox" smin="0" smax="0" dmin="0" dmax="2" x="9483.75" z="7931.25" r="50"/>
        <zone name="Zone_fox" smin="0" smax="0" dmin="0" dmax="2" x="8542.5" z="7462.5" r="50"/>
        <zone name="Zone_fox" smin="0" smax="0" dmin="0" dmax="2" x="8336.25" z="7256.25" r="50"/>
        <zone name="Zone_fox" smin="0" smax="0" dmin="0" dmax="2" x="8786.25" z="7668.75" r="50"/>
        <zone name="Zone_fox" smin="0" smax="0" dmin="0" dmax="2" x="9007.5" z="8088.75" r="50"/>
        <zone name="Zone_fox" smin="0" smax="0" dmin="0" dmax="2" x="8782.5" z="8096.25" r="50"/>
        <zone name="Zone_fox" smin="0" smax="0" dmin="0" dmax="2" x="8340" z="8231.25" r="50"/>
        <zone name="Zone_fox" smin="0" smax="0" dmin="0" dmax="2" x="7920" z="8572.5" r="50"/>
        <zone name="Zone_fox" smin="0" smax="0" dmin="0" dmax="2" x="8126.25" z="8565" r="50"/>
        <zone name="Zone_fox" smin="0" smax="0" dmin="0" dmax="2" x="8306.25" z="8865" r="50"/>
        <zone name="Zone_fox" smin="0" smax="0" dmin="0" dmax="2" x="8595" z="8850" r="50"/>
        <zone name="Zone_fox" smin="0" smax="0" dmin="0" dmax="2" x="8696.25" z="9105" r="50"/>
        <zone name="Zone_fox" smin="0" smax="0" dmin="0" dmax="2" x="9187.5" z="9731.25" r="50"/>
        <zone name="Zone_fox" smin="0" smax="0" dmin="0" dmax="2" x="9611.25" z="9570" r="50"/>
        <zone name="Zone_fox" smin="0" smax="0" dmin="0" dmax="2" x="7740" z="8092.5" r="50"/>
        <zone name="Zone_fox" smin="0" smax="0" dmin="0" dmax="2" x="8100" z="7961.25" r="50"/>
        <zone name="Zone_fox" smin="0" smax="0" dmin="0" dmax="2" x="5756.25" z="7867.5" r="50"/>
        <zone name="Zone_fox" smin="0" smax="0" dmin="0" dmax="2" x="5853.75" z="8040" r="50"/>
        <zone name="Zone_fox" smin="0" smax="0" dmin="0" dmax="2" x="6078.75" z="8178.75" r="50"/>
        <zone name="Zone_fox" smin="0" smax="0" dmin="0" dmax="2" x="6300" z="7983.75" r="50"/>
        <zone name="Zone_fox" smin="0" smax="0" dmin="0" dmax="2" x="6120" z="7762.5" r="50"/>
        <zone name="Zone_fox" smin="0" smax="0" dmin="0" dmax="2" x="7020" z="7845" r="50"/>
        <zone name="Zone_fox" smin="0" smax="0" dmin="0" dmax="2" x="6840" z="8167.5" r="50"/>
        <zone name="Zone_fox" smin="0" smax="0" dmin="0" dmax="2" x="6877.5" z="8587.5" r="50"/>
        <zone name="Zone_fox" smin="0" smax="0" dmin="0" dmax="2" x="7083.75" z="8767.5" r="50"/>
        <zone name="Zone_fox" smin="0" smax="0" dmin="0" dmax="2" x="6513.75" z="8542.5" r="50"/>
        <zone name="Zone_fox" smin="0" smax="0" dmin="0" dmax="2" x="6510" z="8808.75" r="50"/>
        <zone name="Zone_fox" smin="0" smax="0" dmin="0" dmax="2" x="6243.75" z="8861.25" r="50"/>
        <zone name="Zone_fox" smin="0" smax="0" dmin="0" dmax="2" x="6003.75" z="8673.75" r="50"/>
        <zone name="Zone_fox" smin="0" smax="0" dmin="0" dmax="2" x="5437.5" z="8666.25" r="50"/>
        <zone name="Zone_fox" smin="0" smax="0" dmin="0" dmax="2" x="5790" z="9000" r="50"/>
        <zone name="Zone_fox" smin="0" smax="0" dmin="0" dmax="2" x="6142.5" z="9165" r="50"/>
        <zone name="Zone_fox" smin="0" smax="0" dmin="0" dmax="2" x="6315" z="9465" r="50"/>
        <zone name="Zone_fox" smin="0" smax="0" dmin="0" dmax="2" x="6341.25" z="9735" r="50"/>
        <zone name="Zone_fox" smin="0" smax="0" dmin="0" dmax="2" x="6071.25" z="9941.25" r="50"/>
        <zone name="Zone_fox" smin="0" smax="0" dmin="0" dmax="2" x="6300" z="11370" r="50"/>
        <zone name="Zone_fox" smin="0" smax="0" dmin="0" dmax="2" x="6513.75" z="11306.3" r="50"/>
        <zone name="Zone_fox" smin="0" smax="0" dmin="0" dmax="2" x="6900" z="11347.5" r="50"/>
        <zone name="Zone_fox" smin="0" smax="0" dmin="0" dmax="2" x="7406.25" z="11257.5" r="50"/>
        <zone name="Zone_fox" smin="0" smax="0" dmin="0" dmax="2" x="7338.75" z="11051.3" r="50"/>
        <zone name="Zone_fox" smin="0" smax="0" dmin="0" dmax="2" x="7252.5" z="10852.5" r="50"/>
        <zone name="Zone_fox" smin="0" smax="0" dmin="0" dmax="2" x="7128.75" z="10406.3" r="50"/>
        <zone name="Zone_fox" smin="0" smax="0" dmin="0" dmax="2" x="6765" z="10342.5" r="50"/>
        <zone name="Zone_fox" smin="0" smax="0" dmin="0" dmax="2" x="7425" z="10432.5" r="50"/>
        <zone name="Zone_fox" smin="0" smax="0" dmin="0" dmax="2" x="7653.75" z="10361.3" r="50"/>
        <zone name="Zone_fox" smin="0" smax="0" dmin="0" dmax="2" x="7635" z="10732.5" r="50"/>
        <zone name="Zone_fox" smin="0" smax="0" dmin="0" dmax="2" x="8010" z="10796.3" r="50"/>
        <zone name="Zone_fox" smin="0" smax="0" dmin="0" dmax="2" x="8175" z="10608.8" r="50"/>
        <zone name="Zone_fox" smin="0" smax="0" dmin="0" dmax="2" x="8531.25" z="10965" r="50"/>
        <zone name="Zone_fox" smin="0" smax="0" dmin="0" dmax="2" x="8887.5" z="11156.3" r="50"/>
        <zone name="Zone_fox" smin="0" smax="0" dmin="0" dmax="2" x="8940" z="11358.8" r="50"/>
        <zone name="Zone_fox" smin="0" smax="0" dmin="0" dmax="2" x="9375" z="11272.5" r="50"/>
        <zone name="Zone_fox" smin="0" smax="0" dmin="0" dmax="2" x="9570" z="10897.5" r="50"/>
        <zone name="Zone_fox" smin="0" smax="0" dmin="0" dmax="2" x="9450" z="10537.5" r="50"/>
        <zone name="Zone_fox" smin="0" smax="0" dmin="0" dmax="2" x="9202.5" z="10076.3" r="50"/>
        <zone name="Zone_fox" smin="0" smax="0" dmin="0" dmax="2" x="9532.5" z="9956.25" r="50"/>
        <zone name="Zone_fox" smin="0" smax="0" dmin="0" dmax="2" x="9911.25" z="9885" r="50"/>
        <zone name="Zone_fox" smin="0" smax="0" dmin="0" dmax="2" x="10323.8" z="9832.5" r="50"/>
        <zone name="Zone_fox" smin="0" smax="0" dmin="0" dmax="2" x="10657.5" z="9648.75" r="50"/>
        <zone name="Zone_fox" smin="0" smax="0" dmin="0" dmax="2" x="10807.5" z="9990" r="50"/>
        <zone name="Zone_fox" smin="0" smax="0" dmin="0" dmax="2" x="10961.3" z="10196.3" r="50"/>
        <zone name="Zone_fox" smin="0" smax="0" dmin="0" dmax="2" x="12243.8" z="8613.75" r="50"/>
        <zone name="Zone_fox" smin="0" smax="0" dmin="0" dmax="2" x="12187.5" z="9045" r="50"/>
        <zone name="Zone_fox" smin="0" smax="0" dmin="0" dmax="2" x="12545" z="9670" r="50"/>
        <zone name="Zone_fox" smin="0" smax="0" dmin="0" dmax="2" x="11265" z="8360" r="50"/>
        <zone name="Zone_fox" smin="0" smax="0" dmin="0" dmax="2" x="10395" z="8280" r="50"/>
        <zone name="Zone_fox" smin="0" smax="0" dmin="0" dmax="2" x="9985" z="8370" r="50"/>
        <zone name="Zone_fox" smin="0" smax="0" dmin="0" dmax="2" x="9010" z="8365" r="50"/>
        <zone name="Zone_fox" smin="0" smax="0" dmin="0" dmax="2" x="8925" z="8765" r="50"/>
        <zone name="Zone_fox" smin="0" smax="0" dmin="0" dmax="2" x="8920" z="9420" r="50"/>
        <zone name="Zone_fox" smin="0" smax="0" dmin="0" dmax="2" x="12030" z="7190" r="50"/>
        <zone name="Zone_fox" smin="0" smax="0" dmin="0" dmax="2" x="12135" z="6995" r="50"/>
        <zone name="Zone_fox" smin="0" smax="0" dmin="0" dmax="2" x="11940" z="9460" r="50"/>
        <zone name="Zone_fox" smin="0" smax="0" dmin="0" dmax="2" x="11675" z="9510" r="50"/>
        <zone name="Zone_fox" smin="0" smax="0" dmin="0" dmax="2" x="12235" z="11255" r="50"/>
        <zone name="Zone_fox" smin="0" smax="0" dmin="0" dmax="2" x="11780" z="11730" r="50"/>
        <zone name="Zone_fox" smin="0" smax="0" dmin="0" dmax="2" x="9085" z="12215" r="50"/>
        <zone name="Zone_fox" smin="0" smax="0" dmin="0" dmax="2" x="8895" z="12735" r="50"/>
        <zone name="Zone_fox" smin="0" smax="0" dmin="0" dmax="2" x="10590" z="9890" r="50"/>
        <zone name="Zone_fox" smin="0" smax="0" dmin="0" dmax="2" x="8355" z="11510" r="50"/>
        <zone name="Zone_fox" smin="0" smax="0" dmin="0" dmax="2" x="8005" z="11505" r="50"/>
        <zone name="Zone_fox" smin="0" smax="0" dmin="0" dmax="2" x="7795" z="12240" r="50"/>
        <zone name="Zone_fox" smin="0" smax="0" dmin="0" dmax="2" x="6940" z="9755" r="50"/>
        <zone name="Zone_fox" smin="0" smax="0" dmin="0" dmax="2" x="6980" z="10030" r="50"/>
    </territory>
</territory-type>
