<?xml version="1.0" encoding="UTF-8"?>
<territory-type>
    <territory color="1291845632">
        <zone name="InfectedReligious" smin="0" smax="0" dmin="1" dmax="3" x="11144.1" z="4356.73" r="60"/>
        <zone name="InfectedReligious" smin="0" smax="0" dmin="1" dmax="3" x="3165.5" z="6883.08" r="60"/>
        <zone name="InfectedReligious" smin="0" smax="0" dmin="1" dmax="3" x="1769.99" z="7199.77" r="60"/>
        <zone name="InfectedReligious" smin="0" smax="0" dmin="1" dmax="3" x="4780.64" z="7488.57" r="60"/>
        <zone name="InfectedReligious" smin="0" smax="0" dmin="1" dmax="3" x="1412.5" z="9789.29" r="60"/>
        <zone name="InfectedReligious" smin="0" smax="0" dmin="1" dmax="3" x="3605.68" z="11836.4" r="60"/>
        <zone name="InfectedReligious" smin="0" smax="0" dmin="1" dmax="3" x="6500" z="11300" r="120"/>
        <zone name="InfectedReligious" smin="0" smax="0" dmin="1" dmax="3" x="5184.72" z="9916.67" r="60"/>
        <zone name="InfectedReligious" smin="0" smax="0" dmin="1" dmax="3" x="10925" z="11248.6" r="60"/>
        <zone name="InfectedReligious" smin="0" smax="0" dmin="1" dmax="3" x="11634.6" z="9527.71" r="60"/>
        <zone name="InfectedReligious" smin="0" smax="0" dmin="1" dmax="3" x="12262.5" z="9154.64" r="60"/>
        <zone name="InfectedReligious" smin="0" smax="0" dmin="1" dmax="2" x="2067.92" z="10475" r="60"/>
        <zone name="InfectedReligious" smin="0" smax="0" dmin="1" dmax="3" x="10877.5" z="10600.7" r="60"/>
        <zone name="InfectedReligious" smin="0" smax="0" dmin="1" dmax="3" x="6004.17" z="4073.33" r="50"/>
        <zone name="InfectedReligious" smin="0" smax="0" dmin="2" dmax="4" x="9772.5" z="10092.5" r="60"/>
    </territory>
    <territory color="3014746644">
        <zone name="InfectedFirefighter" smin="0" smax="0" dmin="2" dmax="6" x="6201.39" z="3997.92" r="50"/>
        <zone name="InfectedFirefighter" smin="0" smax="0" dmin="2" dmax="6" x="1716.96" z="7437.5" r="60"/>
        <zone name="InfectedFirefighter" smin="0" smax="0" dmin="2" dmax="6" x="9378.13" z="10990.6" r="60"/>
    </territory>
    <territory color="1124502272">
        <zone name="InfectedArmy" smin="4" smax="8" dmin="10" dmax="15" x="6424.6" z="8152.22" r="100"/>
        <zone name="InfectedArmy" smin="4" smax="8" dmin="4" dmax="8" x="7841.11" z="5863.65" r="100"/>
        <zone name="InfectedArmy" smin="4" smax="8" dmin="10" dmax="15" x="5001.79" z="2122.94" r="150"/>
        <zone name="InfectedArmy" smin="4" smax="8" dmin="10" dmax="15" x="4432.25" z="6703.5" r="80"/>
        <zone name="InfectedArmy" smin="4" smax="8" dmin="10" dmax="15" x="9058.25" z="6628.59" r="160"/>
        <zone name="InfectedArmy" smin="4" smax="6" dmin="6" dmax="8" x="7671.73" z="5975.71" r="80"/>
        <zone name="InfectedArmy" smin="4" smax="8" dmin="4" dmax="8" x="5601.41" z="3781.37" r="120"/>
        <zone name="InfectedArmy" smin="4" smax="8" dmin="4" dmax="8" x="4466.79" z="4805.45" r="100"/>
        <zone name="InfectedArmy" smin="0" smax="0" dmin="6" dmax="8" x="8343.42" z="11199.8" r="100"/>
        <zone name="InfectedArmy" smin="4" smax="8" dmin="10" dmax="14" x="7888.33" z="9794.5" r="160"/>
        <zone name="InfectedArmy" smin="4" smax="8" dmin="10" dmax="14" x="8157.73" z="10876.4" r="95"/>
        <zone name="InfectedArmy" smin="0" smax="0" dmin="3" dmax="7" x="4632.5" z="6296.83" r="80"/>
        <zone name="InfectedArmy" smin="0" smax="0" dmin="4" dmax="7" x="6438" z="11047.1" r="90"/>
        <zone name="InfectedArmy" smin="0" smax="0" dmin="3" dmax="7" x="5898.17" z="6684.5" r="80"/>
        <zone name="InfectedArmy" smin="0" smax="0" dmin="3" dmax="7" x="9155.43" z="11116.2" r="80"/>
        <zone name="InfectedArmy" smin="0" smax="0" dmin="3" dmax="7" x="7832" z="10055.3" r="80"/>
        <zone name="InfectedArmy" smin="0" smax="0" dmin="10" dmax="15" x="4981.77" z="5296.36" r="180"/>
        <zone name="InfectedArmy" smin="0" smax="0" dmin="3" dmax="7" x="7657.1" z="5212.92" r="80"/>
        <zone name="InfectedArmy" smin="0" smax="0" dmin="7" dmax="10" x="9904.31" z="3789.46" r="120"/>
        <zone name="InfectedArmy" smin="0" smax="0" dmin="8" dmax="12" x="8135.83" z="11098.8" r="120"/>
        <zone name="InfectedArmy" smin="1" smax="3" dmin="5" dmax="8" x="8921.9" z="2077.03" r="100"/>
        <zone name="InfectedArmy" smin="0" smax="0" dmin="3" dmax="7" x="7830" z="9554.17" r="80"/>
        <zone name="InfectedArmy" smin="4" smax="8" dmin="10" dmax="15" x="7395.56" z="2588.3" r="180"/>
        <zone name="InfectedArmy" smin="5" smax="10" dmin="10" dmax="15" x="9850" z="8459.2" r="200"/>
        <zone name="InfectedArmy" smin="0" smax="0" dmin="3" dmax="7" x="11299.6" z="2471.1" r="120"/>
        <zone name="InfectedArmy" smin="0" smax="0" dmin="8" dmax="12" x="11095" z="2104.17" r="140"/>
        <zone name="InfectedArmy" smin="0" smax="0" dmin="3" dmax="7" x="4841.67" z="879.166" r="80"/>
        <zone name="InfectedArmy" smin="4" smax="8" dmin="10" dmax="15" x="4291.67" z="10406.3" r="140"/>
        <zone name="InfectedArmy" smin="4" smax="8" dmin="8" dmax="12" x="2100" z="11192.5" r="120"/>
        <zone name="InfectedArmy" smin="4" smax="8" dmin="10" dmax="15" x="5520" z="8730" r="60"/>
        <zone name="InfectedArmy" smin="4" smax="8" dmin="10" dmax="15" x="4029.17" z="10200" r="140"/>
        <zone name="InfectedArmy" smin="0" smax="0" dmin="4" dmax="6" x="4491.66" z="10458.4" r="60"/>
        <zone name="InfectedArmy" smin="0" smax="0" dmin="3" dmax="7" x="10243.1" z="2150" r="100"/>
        <zone name="InfectedArmy" smin="0" smax="0" dmin="4" dmax="6" x="10097.2" z="4198.61" r="80"/>
        <zone name="InfectedArmy" smin="0" smax="0" dmin="4" dmax="6" x="556.25" z="1120.83" r="80"/>
        <zone name="InfectedArmy" smin="0" smax="0" dmin="4" dmax="7" x="6560.42" z="6218.75" r="100"/>
        <zone name="InfectedArmy" smin="0" smax="0" dmin="3" dmax="7" x="8580" z="8682.5" r="80"/>
        <zone name="InfectedArmy" smin="0" smax="0" dmin="3" dmax="7" x="8550" z="9687.5" r="80"/>
        <zone name="InfectedArmy" smin="0" smax="0" dmin="3" dmax="7" x="6190" z="9245" r="80"/>
        <zone name="InfectedArmy" smin="0" smax="0" dmin="3" dmax="6" x="3355" z="2057.5" r="80"/>
        <zone name="InfectedArmy" smin="0" smax="0" dmin="3" dmax="6" x="2235" z="10772.5" r="80"/>
        <zone name="InfectedArmy" smin="0" smax="0" dmin="4" dmax="6" x="3827.5" z="10340" r="60"/>
        <zone name="InfectedArmy" smin="0" smax="0" dmin="3" dmax="7" x="8135" z="7747.5" r="80"/>
        <zone name="InfectedArmy" smin="0" smax="0" dmin="3" dmax="7" x="8493.75" z="10103.1" r="80"/>
        <zone name="InfectedArmy" smin="0" smax="0" dmin="3" dmax="7" x="9783.75" z="8123.75" r="80"/>
        <zone name="InfectedArmy" smin="4" smax="8" dmin="8" dmax="12" x="2172.5" z="10965" r="110"/>
    </territory>
    <territory color="1794965508">
        <zone name="InfectedPolice" smin="0" smax="0" dmin="7" dmax="10" x="5601.04" z="8786.46" r="60"/>
        <zone name="InfectedPolice" smin="0" smax="0" dmin="7" dmax="10" x="1479.66" z="7374.8" r="60"/>
        <zone name="InfectedPolice" smin="0" smax="0" dmin="4" dmax="6" x="5942.71" z="4160.41" r="50"/>
        <zone name="InfectedPolice" smin="0" smax="0" dmin="2" dmax="6" x="6485.42" z="11368.8" r="60"/>
        <zone name="InfectedPolice" smin="0" smax="0" dmin="2" dmax="6" x="9297.62" z="10859.6" r="60"/>
        <zone name="InfectedPolice" smin="0" smax="0" dmin="2" dmax="6" x="10541.7" z="11136.8" r="60"/>
        <zone name="InfectedPolice" smin="0" smax="0" dmin="4" dmax="8" x="11547" z="487.917" r="60"/>
        <zone name="InfectedPolice" smin="0" smax="0" dmin="4" dmax="6" x="11459.1" z="4551.3" r="50"/>
        <zone name="InfectedPolice" smin="0" smax="0" dmin="2" dmax="6" x="11653.1" z="9650" r="60"/>
        <zone name="InfectedPolice" smin="0" smax="0" dmin="4" dmax="7" x="527.5" z="7097.5" r="80"/>
        <zone name="InfectedPolice" smin="0" smax="0" dmin="5" dmax="8" x="3793.75" z="8747.81" r="80"/>
        <zone name="InfectedPolice" smin="0" smax="0" dmin="3" dmax="6" x="7850" z="12010" r="80"/>
        <zone name="InfectedPolice" smin="0" smax="0" dmin="8" dmax="12" x="8465" z="11770" r="100"/>
        <zone name="InfectedPolice" smin="0" smax="0" dmin="8" dmax="12" x="11152.9" z="11444.6" r="100"/>
        <zone name="InfectedPolice" smin="0" smax="0" dmin="3" dmax="6" x="9080" z="4412.92" r="80"/>
        <zone name="InfectedPolice" smin="0" smax="0" dmin="3" dmax="6" x="3677.95" z="11746.9" r="50"/>
    </territory>
    <territory color="1910952871">
        <zone name="InfectedSolitude" smin="0" smax="0" dmin="1" dmax="4" x="571.67" z="12027.1" r="60"/>
        <zone name="InfectedSolitude" smin="0" smax="0" dmin="1" dmax="4" x="1121.13" z="12021.1" r="60"/>
        <zone name="InfectedSolitude" smin="0" smax="0" dmin="1" dmax="4" x="352.5" z="11290" r="80"/>
        <zone name="InfectedSolitude" smin="0" smax="0" dmin="1" dmax="4" x="3115.42" z="11358.7" r="60"/>
        <zone name="InfectedSolitude" smin="0" smax="0" dmin="1" dmax="4" x="997.5" z="8985" r="80"/>
        <zone name="InfectedSolitude" smin="0" smax="0" dmin="1" dmax="4" x="990.357" z="9539.64" r="80"/>
        <zone name="InfectedSolitude" smin="0" smax="0" dmin="1" dmax="4" x="1080.94" z="5744.06" r="60"/>
        <zone name="InfectedSolitude" smin="0" smax="0" dmin="1" dmax="4" x="690" z="4352.5" r="80"/>
        <zone name="InfectedSolitude" smin="0" smax="0" dmin="1" dmax="4" x="2435.83" z="3804.17" r="80"/>
        <zone name="InfectedSolitude" smin="0" smax="0" dmin="1" dmax="4" x="2102.5" z="2340" r="80"/>
        <zone name="InfectedSolitude" smin="0" smax="0" dmin="3" dmax="6" x="1450" z="2727.5" r="80"/>
        <zone name="InfectedSolitude" smin="0" smax="0" dmin="1" dmax="4" x="1342.5" z="1717.5" r="80"/>
        <zone name="InfectedSolitude" smin="0" smax="0" dmin="1" dmax="4" x="290" z="2047.5" r="80"/>
        <zone name="InfectedSolitude" smin="0" smax="0" dmin="3" dmax="6" x="2986.67" z="1140" r="80"/>
        <zone name="InfectedSolitude" smin="0" smax="0" dmin="1" dmax="4" x="1130" z="942.5" r="80"/>
        <zone name="InfectedSolitude" smin="0" smax="0" dmin="1" dmax="4" x="4592.5" z="835" r="80"/>
        <zone name="InfectedSolitude" smin="0" smax="0" dmin="1" dmax="4" x="3896.67" z="1218.75" r="80"/>
        <zone name="InfectedSolitude" smin="0" smax="0" dmin="1" dmax="4" x="4700" z="3077.5" r="80"/>
        <zone name="InfectedSolitude" smin="0" smax="0" dmin="1" dmax="4" x="5332.5" z="3762.5" r="80"/>
        <zone name="InfectedSolitude" smin="0" smax="0" dmin="1" dmax="4" x="6260" z="11897.5" r="80"/>
        <zone name="InfectedSolitude" smin="0" smax="0" dmin="1" dmax="4" x="7345.42" z="5835" r="80"/>
        <zone name="InfectedSolitude" smin="0" smax="0" dmin="1" dmax="4" x="6855" z="4677.5" r="80"/>
        <zone name="InfectedSolitude" smin="0" smax="0" dmin="2" dmax="4" x="6032.5" z="4984.29" r="60"/>
        <zone name="InfectedSolitude" smin="0" smax="0" dmin="2" dmax="4" x="6749.64" z="3762.14" r="80"/>
        <zone name="InfectedSolitude" smin="0" smax="0" dmin="1" dmax="4" x="6045" z="1250" r="80"/>
        <zone name="InfectedSolitude" smin="0" smax="0" dmin="1" dmax="4" x="7670" z="2317.5" r="80"/>
        <zone name="InfectedSolitude" smin="0" smax="0" dmin="1" dmax="4" x="8412.5" z="2272.5" r="80"/>
        <zone name="InfectedSolitude" smin="0" smax="0" dmin="1" dmax="4" x="8530.83" z="4119.58" r="80"/>
        <zone name="InfectedSolitude" smin="0" smax="0" dmin="1" dmax="4" x="9007.5" z="12602.5" r="80"/>
        <zone name="InfectedSolitude" smin="0" smax="0" dmin="1" dmax="4" x="10830.4" z="12563.8" r="120"/>
        <zone name="InfectedSolitude" smin="0" smax="0" dmin="1" dmax="4" x="11040" z="11812.5" r="80"/>
        <zone name="InfectedSolitude" smin="0" smax="0" dmin="1" dmax="4" x="10582.5" z="11902.5" r="60"/>
        <zone name="InfectedSolitude" smin="0" smax="0" dmin="1" dmax="4" x="9525" z="11797.5" r="80"/>
        <zone name="InfectedSolitude" smin="0" smax="0" dmin="1" dmax="4" x="9102.86" z="10790.7" r="80"/>
        <zone name="InfectedSolitude" smin="0" smax="0" dmin="1" dmax="4" x="9712.5" z="7023.12" r="80"/>
        <zone name="InfectedSolitude" smin="0" smax="0" dmin="1" dmax="4" x="10411.9" z="6754.37" r="80"/>
        <zone name="InfectedSolitude" smin="0" smax="0" dmin="1" dmax="4" x="10058.5" z="6936.25" r="80"/>
        <zone name="InfectedSolitude" smin="0" smax="0" dmin="1" dmax="4" x="10254.4" z="6847.5" r="80"/>
        <zone name="InfectedSolitude" smin="0" smax="0" dmin="2" dmax="4" x="10491.1" z="3100.83" r="80"/>
        <zone name="InfectedSolitude" smin="0" smax="0" dmin="1" dmax="4" x="10979.3" z="1798.89" r="80"/>
        <zone name="InfectedSolitude" smin="0" smax="0" dmin="1" dmax="4" x="11132.5" z="1190" r="80"/>
        <zone name="InfectedSolitude" smin="0" smax="0" dmin="4" dmax="6" x="10645" z="1245" r="120"/>
        <zone name="InfectedSolitude" smin="0" smax="0" dmin="1" dmax="4" x="10615" z="1522.5" r="80"/>
        <zone name="InfectedSolitude" smin="0" smax="0" dmin="1" dmax="4" x="10245" z="517.857" r="80"/>
        <zone name="InfectedSolitude" smin="0" smax="0" dmin="1" dmax="4" x="9110" z="367.5" r="80"/>
        <zone name="InfectedSolitude" smin="0" smax="0" dmin="1" dmax="4" x="8652.92" z="858.75" r="80"/>
        <zone name="InfectedSolitude" smin="0" smax="0" dmin="1" dmax="4" x="11962.5" z="470" r="80"/>
        <zone name="InfectedSolitude" smin="0" smax="0" dmin="1" dmax="4" x="11492.5" z="1255" r="80"/>
        <zone name="InfectedSolitude" smin="0" smax="0" dmin="1" dmax="4" x="11860" z="4835" r="80"/>
        <zone name="InfectedSolitude" smin="0" smax="0" dmin="2" dmax="4" x="11353.8" z="10049.2" r="60"/>
        <zone name="InfectedSolitude" smin="0" smax="0" dmin="1" dmax="4" x="12402.5" z="11945" r="80"/>
        <zone name="InfectedSolitude" smin="0" smax="0" dmin="1" dmax="4" x="12702.5" z="12427.5" r="80"/>
        <zone name="InfectedSolitude" smin="0" smax="0" dmin="2" dmax="4" x="1046.67" z="11392.1" r="60"/>
        <zone name="InfectedSolitude" smin="0" smax="0" dmin="1" dmax="4" x="4295.83" z="4250" r="80"/>
        <zone name="InfectedSolitude" smin="0" smax="0" dmin="8" dmax="10" x="7364.37" z="6548.75" r="100"/>
        <zone name="InfectedSolitude" smin="0" smax="0" dmin="4" dmax="8" x="9380.83" z="6410.56" r="160"/>
        <zone name="InfectedSolitude" smin="0" smax="0" dmin="1" dmax="4" x="8727.5" z="8142.5" r="80"/>
        <zone name="InfectedSolitude" smin="0" smax="0" dmin="1" dmax="4" x="3640" z="11132.5" r="60"/>
        <zone name="InfectedSolitude" smin="0" smax="0" dmin="1" dmax="4" x="7589.24" z="5690.97" r="120"/>
        <zone name="InfectedSolitude" smin="0" smax="0" dmin="1" dmax="4" x="7635" z="12037.5" r="80"/>
        <zone name="InfectedSolitude" smin="0" smax="0" dmin="1" dmax="4" x="10402.8" z="11094.4" r="80"/>
    </territory>
    <territory color="1289674462">
        <zone name="InfectedPrisoner" smin="0" smax="0" dmin="7" dmax="10" x="5545" z="8745" r="60"/>
    </territory>
    <territory color="1102461653">
        <zone name="InfectedIndustrial" smin="0" smax="0" dmin="5" dmax="10" x="7688.05" z="2693.75" r="120"/>
        <zone name="InfectedIndustrial" smin="0" smax="0" dmin="5" dmax="10" x="7311.81" z="2888.19" r="120"/>
        <zone name="InfectedIndustrial" smin="0" smax="0" dmin="2" dmax="5" x="6812.5" z="11215.6" r="100"/>
        <zone name="InfectedIndustrial" smin="0" smax="0" dmin="8" dmax="12" x="7997.5" z="11680.6" r="140"/>
        <zone name="InfectedIndustrial" smin="0" smax="0" dmin="5" dmax="10" x="9387.5" z="11075.9" r="150"/>
        <zone name="InfectedIndustrial" smin="0" smax="0" dmin="5" dmax="10" x="9618.31" z="10776.4" r="140"/>
        <zone name="InfectedIndustrial" smin="0" smax="0" dmin="2" dmax="5" x="7658.75" z="11505" r="100"/>
        <zone name="InfectedIndustrial" smin="0" smax="0" dmin="5" dmax="10" x="10733.4" z="11130.2" r="120"/>
        <zone name="InfectedIndustrial" smin="0" smax="0" dmin="2" dmax="5" x="9409.38" z="10389.8" r="100"/>
        <zone name="InfectedIndustrial" smin="0" smax="0" dmin="15" dmax="20" x="11014.4" z="9028.75" r="150"/>
        <zone name="InfectedIndustrial" smin="0" smax="0" dmin="2" dmax="5" x="10596.9" z="10759.4" r="100"/>
        <zone name="InfectedIndustrial" smin="0" smax="0" dmin="25" dmax="30" x="11322.7" z="9505.97" r="200"/>
        <zone name="InfectedIndustrial" smin="0" smax="0" dmin="10" dmax="15" x="11538.2" z="7082.92" r="150"/>
        <zone name="InfectedIndustrial" smin="0" smax="0" dmin="5" dmax="10" x="10662.5" z="6956.25" r="150"/>
        <zone name="InfectedIndustrial" smin="0" smax="0" dmin="5" dmax="10" x="11337.9" z="4196.88" r="120"/>
        <zone name="InfectedIndustrial" smin="0" smax="0" dmin="6" dmax="10" x="11585.9" z="426.042" r="140"/>
        <zone name="InfectedIndustrial" smin="0" smax="0" dmin="2" dmax="5" x="1675" z="3703.13" r="80"/>
        <zone name="InfectedIndustrial" smin="0" smax="0" dmin="8" dmax="12" x="2522.5" z="5559.17" r="120"/>
        <zone name="InfectedIndustrial" smin="0" smax="0" dmin="2" dmax="5" x="678.125" z="5684.38" r="80"/>
        <zone name="InfectedIndustrial" smin="0" smax="0" dmin="2" dmax="5" x="1980.21" z="6929.86" r="80"/>
        <zone name="InfectedIndustrial" smin="0" smax="0" dmin="2" dmax="5" x="3046.31" z="6794.04" r="80"/>
        <zone name="InfectedIndustrial" smin="0" smax="0" dmin="5" dmax="8" x="3089.38" z="7056.25" r="120"/>
        <zone name="InfectedIndustrial" smin="0" smax="0" dmin="2" dmax="5" x="1118.75" z="7231.25" r="80"/>
        <zone name="InfectedIndustrial" smin="0" smax="0" dmin="15" dmax="20" x="1312.51" z="8096.88" r="150"/>
        <zone name="InfectedIndustrial" smin="0" smax="0" dmin="2" dmax="5" x="1296.88" z="7821.88" r="80"/>
        <zone name="InfectedIndustrial" smin="0" smax="0" dmin="15" dmax="20" x="2022.92" z="7628.87" r="160"/>
        <zone name="InfectedIndustrial" smin="0" smax="0" dmin="10" dmax="20" x="1569.54" z="7514.12" r="100"/>
        <zone name="InfectedIndustrial" smin="0" smax="0" dmin="2" dmax="5" x="1398.21" z="7483.49" r="60"/>
        <zone name="InfectedIndustrial" smin="0" smax="0" dmin="10" dmax="15" x="1762.6" z="7617.12" r="100"/>
        <zone name="InfectedIndustrial" smin="0" smax="0" dmin="10" dmax="15" x="1248.86" z="8909.95" r="120"/>
        <zone name="InfectedIndustrial" smin="0" smax="0" dmin="12" dmax="16" x="1645.09" z="9570.99" r="120"/>
        <zone name="InfectedIndustrial" smin="0" smax="0" dmin="10" dmax="15" x="2035.71" z="9461.61" r="120"/>
        <zone name="InfectedIndustrial" smin="0" smax="0" dmin="2" dmax="5" x="4890.63" z="7873.21" r="140"/>
        <zone name="InfectedIndustrial" smin="0" smax="0" dmin="2" dmax="5" x="4048.75" z="7864.69" r="80"/>
        <zone name="InfectedIndustrial" smin="0" smax="0" dmin="20" dmax="30" x="5150" z="10423.9" r="160"/>
        <zone name="InfectedIndustrial" smin="0" smax="0" dmin="2" dmax="5" x="4062.5" z="10146.9" r="80"/>
        <zone name="InfectedIndustrial" smin="0" smax="0" dmin="2" dmax="5" x="4271.88" z="10375" r="80"/>
        <zone name="InfectedIndustrial" smin="0" smax="0" dmin="2" dmax="5" x="8188.55" z="10695.8" r="80"/>
        <zone name="InfectedIndustrial" smin="0" smax="0" dmin="5" dmax="10" x="6434.82" z="3809.38" r="120"/>
        <zone name="InfectedIndustrial" smin="0" smax="0" dmin="5" dmax="10" x="5055.21" z="2126.05" r="160"/>
        <zone name="InfectedIndustrial" smin="0" smax="0" dmin="7" dmax="12" x="6385" z="4782.5" r="100"/>
        <zone name="InfectedIndustrial" smin="0" smax="0" dmin="10" dmax="15" x="3867.5" z="8465" r="120"/>
    </territory>
    <territory color="2387830984">
        <zone name="InfectedMedic" smin="0" smax="0" dmin="2" dmax="6" x="3781.91" z="11779.2" r="50"/>
        <zone name="InfectedMedic" smin="0" smax="0" dmin="2" dmax="6" x="1929.17" z="7343.75" r="60"/>
        <zone name="InfectedMedic" smin="0" smax="0" dmin="2" dmax="6" x="841.667" z="5583.33" r="60"/>
        <zone name="InfectedMedic" smin="0" smax="0" dmin="2" dmax="6" x="5064.58" z="9766.67" r="60"/>
        <zone name="InfectedMedic" smin="0" smax="0" dmin="2" dmax="6" x="6060.42" z="4185.42" r="60"/>
        <zone name="InfectedMedic" smin="0" smax="0" dmin="6" dmax="8" x="7539.59" z="6083.33" r="80"/>
        <zone name="InfectedMedic" smin="0" smax="0" dmin="2" dmax="6" x="9537.5" z="10279.2" r="60"/>
        <zone name="InfectedMedic" smin="0" smax="0" dmin="2" dmax="6" x="11622" z="380.417" r="60"/>
        <zone name="InfectedMedic" smin="0" smax="0" dmin="2" dmax="6" x="11504.7" z="4655.73" r="50"/>
        <zone name="InfectedMedic" smin="0" smax="0" dmin="2" dmax="6" x="11302.1" z="9562.5" r="60"/>
        <zone name="InfectedMedic" smin="0" smax="0" dmin="2" dmax="6" x="10885.5" z="11008.3" r="60"/>
    </territory>
    <territory color="2575065676">
        <zone name="InfectedVillage" smin="0" smax="0" dmin="30" dmax="40" x="1320.99" z="9525.63" r="200"/>
        <zone name="InfectedVillage" smin="0" smax="0" dmin="2" dmax="5" x="5177.59" z="3617.5" r="80"/>
        <zone name="InfectedVillage" smin="0" smax="0" dmin="3" dmax="7" x="3959.07" z="8187.18" r="80"/>
        <zone name="InfectedVillage" smin="0" smax="0" dmin="5" dmax="10" x="3139.58" z="11990.7" r="130"/>
        <zone name="InfectedVillage" smin="0" smax="0" dmin="3" dmax="7" x="1512.5" z="9712.5" r="60"/>
        <zone name="InfectedVillage" smin="0" smax="0" dmin="8" dmax="12" x="2010.42" z="6722.92" r="120"/>
        <zone name="InfectedVillage" smin="0" smax="0" dmin="4" dmax="7" x="1616.82" z="7322.18" r="80"/>
        <zone name="InfectedVillage" smin="0" smax="0" dmin="30" dmax="35" x="1199.16" z="7220.99" r="240"/>
        <zone name="InfectedVillage" smin="0" smax="0" dmin="4" dmax="7" x="2470.63" z="7490.63" r="110"/>
        <zone name="InfectedVillage" smin="0" smax="0" dmin="15" dmax="20" x="2978.85" z="6710.65" r="160"/>
        <zone name="InfectedVillage" smin="0" smax="0" dmin="5" dmax="10" x="4729.02" z="7667.42" r="110"/>
        <zone name="InfectedVillage" smin="0" smax="0" dmin="15" dmax="20" x="4919.64" z="7497.77" r="120"/>
        <zone name="InfectedVillage" smin="0" smax="0" dmin="2" dmax="5" x="4885.71" z="7267.86" r="100"/>
        <zone name="InfectedVillage" smin="0" smax="0" dmin="4" dmax="8" x="2670.21" z="5379.38" r="100"/>
        <zone name="InfectedVillage" smin="0" smax="0" dmin="8" dmax="12" x="3205.21" z="4944.8" r="110"/>
        <zone name="InfectedVillage" smin="0" smax="0" dmin="2" dmax="5" x="1087.5" z="5260.94" r="100"/>
        <zone name="InfectedVillage" smin="0" smax="0" dmin="2" dmax="5" x="6500" z="4615.63" r="80"/>
        <zone name="InfectedVillage" smin="0" smax="0" dmin="2" dmax="5" x="7056.25" z="3940.63" r="80"/>
        <zone name="InfectedVillage" smin="0" smax="0" dmin="10" dmax="15" x="4267.5" z="8990.83" r="130"/>
        <zone name="InfectedVillage" smin="0" smax="0" dmin="20" dmax="25" x="4775" z="10084.7" r="180"/>
        <zone name="InfectedVillage" smin="0" smax="0" dmin="2" dmax="4" x="6645" z="11604.2" r="90"/>
        <zone name="InfectedVillage" smin="0" smax="0" dmin="2" dmax="5" x="6995.83" z="11858.3" r="80"/>
        <zone name="InfectedVillage" smin="0" smax="0" dmin="4" dmax="6" x="6584.17" z="10830" r="100"/>
        <zone name="InfectedVillage" smin="0" smax="0" dmin="12" dmax="15" x="8440" z="12051.7" r="140"/>
        <zone name="InfectedVillage" smin="0" smax="0" dmin="8" dmax="12" x="8964.88" z="11195.8" r="120"/>
        <zone name="InfectedVillage" smin="0" smax="0" dmin="2" dmax="5" x="9245.83" z="10719" r="80"/>
        <zone name="InfectedVillage" smin="0" smax="0" dmin="7" dmax="10" x="9731.54" z="10550" r="100"/>
        <zone name="InfectedVillage" smin="0" smax="0" dmin="2" dmax="5" x="11623.1" z="9836.64" r="70"/>
        <zone name="InfectedVillage" smin="0" smax="0" dmin="2" dmax="5" x="9629.58" z="8195.83" r="80"/>
        <zone name="InfectedVillage" smin="0" smax="0" dmin="2" dmax="5" x="11285.1" z="7927.38" r="120"/>
        <zone name="InfectedVillage" smin="0" smax="0" dmin="2" dmax="5" x="11883.3" z="7387.5" r="80"/>
        <zone name="InfectedVillage" smin="0" smax="0" dmin="2" dmax="5" x="11412.5" z="9062.5" r="80"/>
        <zone name="InfectedVillage" smin="0" smax="0" dmin="4" dmax="6" x="12164.2" z="8588.33" r="80"/>
        <zone name="InfectedVillage" smin="0" smax="0" dmin="8" dmax="12" x="8429.17" z="6873.61" r="140"/>
        <zone name="InfectedVillage" smin="0" smax="0" dmin="2" dmax="5" x="9186.31" z="10955.4" r="80"/>
        <zone name="InfectedVillage" smin="0" smax="0" dmin="4" dmax="8" x="10901.7" z="924.167" r="120"/>
        <zone name="InfectedVillage" smin="0" smax="0" dmin="8" dmax="12" x="12010.2" z="5022.73" r="100"/>
        <zone name="InfectedVillage" smin="0" smax="0" dmin="8" dmax="12" x="12176.1" z="4567.71" r="160"/>
        <zone name="InfectedVillage" smin="0" smax="0" dmin="1" dmax="3" x="11912.5" z="5316.67" r="80"/>
        <zone name="InfectedVillage" smin="0" smax="0" dmin="1" dmax="3" x="6294.79" z="6842.7" r="80"/>
        <zone name="InfectedVillage" smin="0" smax="0" dmin="5" dmax="10" x="9097.92" z="4414.58" r="120"/>
        <zone name="InfectedVillage" smin="0" smax="0" dmin="5" dmax="10" x="8770.28" z="6650.56" r="120"/>
        <zone name="InfectedVillage" smin="0" smax="0" dmin="15" dmax="20" x="6106.25" z="8126.05" r="180"/>
        <zone name="InfectedVillage" smin="0" smax="0" dmin="10" dmax="15" x="8150" z="8712.5" r="200"/>
        <zone name="InfectedVillage" smin="0" smax="0" dmin="7" dmax="10" x="7336.46" z="6264.58" r="160"/>
        <zone name="InfectedVillage" smin="0" smax="0" dmin="12" dmax="15" x="7727.78" z="5430.56" r="140"/>
        <zone name="InfectedVillage" smin="0" smax="0" dmin="8" dmax="12" x="6005.81" z="6873.67" r="130"/>
        <zone name="InfectedVillage" smin="0" smax="0" dmin="10" dmax="15" x="5260.94" z="5553.13" r="180"/>
        <zone name="InfectedVillage" smin="0" smax="0" dmin="7" dmax="10" x="4582.5" z="6518.75" r="140"/>
        <zone name="InfectedVillage" smin="0" smax="0" dmin="4" dmax="6" x="6205.36" z="9980.36" r="80"/>
        <zone name="InfectedVillage" smin="0" smax="0" dmin="3" dmax="7" x="3892.19" z="7984.38" r="80"/>
        <zone name="InfectedVillage" smin="0" smax="0" dmin="3" dmax="7" x="4051.56" z="8040.63" r="80"/>
        <zone name="InfectedVillage" smin="0" smax="0" dmin="2" dmax="5" x="9427.68" z="10859.8" r="60"/>
        <zone name="InfectedVillage" smin="0" smax="0" dmin="2" dmax="5" x="11485.2" z="9742.61" r="80"/>
        <zone name="InfectedVillage" smin="0" smax="0" dmin="10" dmax="15" x="5875" z="5133.93" r="140"/>
        <zone name="InfectedVillage" smin="0" smax="0" dmin="5" dmax="10" x="6382.14" z="4441.07" r="120"/>
        <zone name="InfectedVillage" smin="0" smax="0" dmin="8" dmax="12" x="3263.54" z="2097.92" r="140"/>
        <zone name="InfectedVillage" smin="0" smax="0" dmin="15" dmax="20" x="3294.13" z="6807.95" r="160"/>
    </territory>
    <territory color="1136576269">
        <zone name="InfectedCity" smin="0" smax="0" dmin="15" dmax="20" x="3496.34" z="12159.8" r="210"/>
        <zone name="InfectedCity" smin="0" smax="0" dmin="20" dmax="25" x="3762.5" z="11735.4" r="280"/>
        <zone name="InfectedCity" smin="0" smax="0" dmin="20" dmax="25" x="1663.84" z="9818.75" r="120"/>
        <zone name="InfectedCity" smin="0" smax="0" dmin="15" dmax="25" x="1917.71" z="7229.58" r="220"/>
        <zone name="InfectedCity" smin="0" smax="0" dmin="10" dmax="20" x="1359.38" z="7768.75" r="170"/>
        <zone name="InfectedCity" smin="0" smax="0" dmin="30" dmax="35" x="918.75" z="5521.88" r="200"/>
        <zone name="InfectedCity" smin="0" smax="0" dmin="25" dmax="30" x="6110.42" z="4162.5" r="240"/>
        <zone name="InfectedCity" smin="0" smax="0" dmin="10" dmax="15" x="5762.14" z="3998.67" r="140"/>
        <zone name="InfectedCity" smin="0" smax="0" dmin="25" dmax="30" x="5084.38" z="9742.71" r="250"/>
        <zone name="InfectedCity" smin="0" smax="0" dmin="8" dmax="12" x="5093.75" z="10131.6" r="130"/>
        <zone name="InfectedCity" smin="0" smax="0" dmin="5" dmax="10" x="5643.75" z="10388.9" r="120"/>
        <zone name="InfectedCity" smin="0" smax="0" dmin="25" dmax="30" x="6300" z="10317.5" r="260"/>
        <zone name="InfectedCity" smin="0" smax="0" dmin="15" dmax="25" x="6436.25" z="11296.9" r="280"/>
        <zone name="InfectedCity" smin="0" smax="0" dmin="15" dmax="25" x="9407.74" z="10423.8" r="240"/>
        <zone name="InfectedCity" smin="0" smax="0" dmin="12" dmax="15" x="10798" z="10839.6" r="120"/>
        <zone name="InfectedCity" smin="0" smax="0" dmin="5" dmax="10" x="11684.6" z="9565.53" r="160"/>
        <zone name="InfectedCity" smin="0" smax="0" dmin="15" dmax="25" x="11031.3" z="4314.58" r="200"/>
        <zone name="InfectedCity" smin="0" smax="0" dmin="15" dmax="25" x="11484.9" z="4537.5" r="240"/>
        <zone name="InfectedCity" smin="0" smax="0" dmin="5" dmax="10" x="11629.2" z="4875" r="120"/>
        <zone name="InfectedCity" smin="0" smax="0" dmin="8" dmax="12" x="11198.8" z="760.417" r="120"/>
        <zone name="InfectedCity" smin="0" smax="0" dmin="5" dmax="10" x="12102.1" z="941.667" r="120"/>
        <zone name="InfectedCity" smin="0" smax="0" dmin="12" dmax="15" x="10570.8" z="10970.8" r="100"/>
        <zone name="InfectedCity" smin="0" smax="0" dmin="12" dmax="15" x="10960.4" z="11175" r="120"/>
        <zone name="InfectedCity" smin="0" smax="0" dmin="8" dmax="12" x="11376" z="589.583" r="120"/>
    </territory>
</territory-type>
