{
    "Objects": [
        {
            "name": "WoodenPlank",
            "pos": [
                11841.904296875,
                140.5071258544922,
                12406.4794921875
            ],
            "ypr": [
                26.999954223632814,
                -1.2953284978866578,
                -0.3171781003475189
            ]
        },
        {
            "name": "NailBox",
            "pos": [
                11843.3212890625,
                141.23623657226563,
                12405.2763671875
            ],
            "ypr": [
                0.0,
                -1.2981160879135132,
                0.305561363697052
            ]
        },
        {
            "name": "MetalWire",
            "pos": [
                11843.0986328125,
                141.3000030517578,
                12404.8037109375
            ],
            "ypr": [
                -180.0,
                90.0,
                -180.0
            ]
        },
        {
            "name": "WoodenLog",
            "pos": [
                11844.1005859375,
                140.43670654296876,
                12405.36328125
            ],
            "ypr": [
                -63.00004196166992,
                -0.45329973101615908,
                1.2262955904006959
            ]
        },
        {
            "name": "Hatchet",
            "pos": [
                11844.587890625,
                141.3000030517578,
                12404.505859375
            ],
            "ypr": [
                116.99998474121094,
                90.0,
                -180.0
            ]
        },
        {
            "name": "MetalPlate",
            "pos": [
                11841.5185546875,
                140.4445343017578,
                12405.685546875
            ],
            "ypr": [
                26.999988555908204,
                -1.3978828191757203,
                -0.28380900621414187
            ]
        },
        {
            "name": "Rope",
            "pos": [
                11844.0947265625,
                141.3000030517578,
                12404.3056640625
            ],
            "ypr": [
                -180.0,
                90.0,
                -180.0
            ]
        },
        {
            "name": "Stone",
            "pos": [
                11843.99609375,
                141.3000030517578,
                12404.908203125
            ],
            "ypr": [
                0.0,
                -1.2980200052261353,
                0.15278197824954987
            ]
        },
        {
            "name": "WoodenPlank",
            "pos": [
                11841.904296875,
                140.5071258544922,
                12406.4794921875
            ],
            "ypr": [
                26.999954223632814,
                -1.2953284978866578,
                -0.3171781003475189
            ]
        },
        {
            "name": "NailBox",
            "pos": [
                11843.3212890625,
                141.23623657226563,
                12405.2763671875
            ],
            "ypr": [
                0.0,
                -1.2981160879135132,
                0.305561363697052
            ]
        },
        {
            "name": "MetalWire",
            "pos": [
                11843.0986328125,
                141.3000030517578,
                12404.8037109375
            ],
            "ypr": [
                -180.0,
                90.0,
                -180.0
            ]
        },
        {
            "name": "WoodenLog",
            "pos": [
                11844.1005859375,
                140.43670654296876,
                12405.36328125
            ],
            "ypr": [
                -63.00004196166992,
                -0.45329973101615908,
                1.2262955904006959
            ]
        },
        {
            "name": "Hatchet",
            "pos": [
                11844.587890625,
                141.3000030517578,
                12404.505859375
            ],
            "ypr": [
                116.99998474121094,
                90.0,
                -180.0
            ]
        },
        {
            "name": "MetalPlate",
            "pos": [
                11841.5185546875,
                140.4445343017578,
                12405.685546875
            ],
            "ypr": [
                26.999988555908204,
                -1.3978828191757203,
                -0.28380900621414187
            ]
        },
        {
            "name": "Rope",
            "pos": [
                11844.0947265625,
                141.3000030517578,
                12404.3056640625
            ],
            "ypr": [
                -180.0,
                90.0,
                -180.0
            ]
        },
        {
            "name": "Stone",
            "pos": [
                11843.99609375,
                141.3000030517578,
                12404.908203125
            ],
            "ypr": [
                0.0,
                -1.2980200052261353,
                0.15278197824954987
            ]
        },
        {
            "name": "WoodenPlank",
            "pos": [
                11841.904296875,
                140.5071258544922,
                12406.4794921875
            ],
            "ypr": [
                26.999954223632814,
                -1.2953284978866578,
                -0.3171781003475189
            ]
        },
        {
            "name": "NailBox",
            "pos": [
                11843.3212890625,
                141.23623657226563,
                12405.2763671875
            ],
            "ypr": [
                0.0,
                -1.2981160879135132,
                0.305561363697052
            ]
        },
        {
            "name": "MetalWire",
            "pos": [
                11843.0986328125,
                141.3000030517578,
                12404.8037109375
            ],
            "ypr": [
                -180.0,
                90.0,
                -180.0
            ]
        },
        {
            "name": "WoodenLog",
            "pos": [
                11844.1005859375,
                140.43670654296876,
                12405.36328125
            ],
            "ypr": [
                -63.00004196166992,
                -0.45329973101615908,
                1.2262955904006959
            ]
        },
        {
            "name": "Hatchet",
            "pos": [
                11844.587890625,
                141.3000030517578,
                12404.505859375
            ],
            "ypr": [
                116.99998474121094,
                90.0,
                -180.0
            ]
        },
        {
            "name": "MetalPlate",
            "pos": [
                11841.5185546875,
                140.4445343017578,
                12405.685546875
            ],
            "ypr": [
                26.999988555908204,
                -1.3978828191757203,
                -0.28380900621414187
            ]
        },
        {
            "name": "Rope",
            "pos": [
                11844.0947265625,
                141.3000030517578,
                12404.3056640625
            ],
            "ypr": [
                -180.0,
                90.0,
                -180.0
            ]
        },
        {
            "name": "Stone",
            "pos": [
                11843.99609375,
                141.3000030517578,
                12404.908203125
            ],
            "ypr": [
                0.0,
                -1.2980200052261353,
                0.15278197824954987
            ]
        },
        {
            "name": "WoodenPlank",
            "pos": [
                11841.904296875,
                140.5071258544922,
                12406.4794921875
            ],
            "ypr": [
                26.999954223632814,
                -1.2953284978866578,
                -0.3171781003475189
            ]
        },
        {
            "name": "NailBox",
            "pos": [
                11843.3212890625,
                141.23623657226563,
                12405.2763671875
            ],
            "ypr": [
                0.0,
                -1.2981160879135132,
                0.305561363697052
            ]
        },
        {
            "name": "MetalWire",
            "pos": [
                11843.0986328125,
                141.3000030517578,
                12404.8037109375
            ],
            "ypr": [
                -180.0,
                90.0,
                -180.0
            ]
        },
        {
            "name": "WoodenLog",
            "pos": [
                11844.1005859375,
                140.43670654296876,
                12405.36328125
            ],
            "ypr": [
                -63.00004196166992,
                -0.45329973101615908,
                1.2262955904006959
            ]
        },
        {
            "name": "Hatchet",
            "pos": [
                11844.587890625,
                141.3000030517578,
                12404.505859375
            ],
            "ypr": [
                116.99998474121094,
                90.0,
                -180.0
            ]
        },
        {
            "name": "MetalPlate",
            "pos": [
                11841.5185546875,
                140.4445343017578,
                12405.685546875
            ],
            "ypr": [
                26.999988555908204,
                -1.3978828191757203,
                -0.28380900621414187
            ]
        },
        {
            "name": "Rope",
            "pos": [
                11844.0947265625,
                141.3000030517578,
                12404.3056640625
            ],
            "ypr": [
                -180.0,
                90.0,
                -180.0
            ]
        },
        {
            "name": "Stone",
            "pos": [
                11843.99609375,
                141.3000030517578,
                12404.908203125
            ],
            "ypr": [
                0.0,
                -1.2980200052261353,
                0.15278197824954987
            ]
        },		
        {
            "name": "WoodenPlank",
            "pos": [
                11841.904296875,
                140.5071258544922,
                12406.4794921875
            ],
            "ypr": [
                26.999954223632814,
                -1.2953284978866578,
                -0.3171781003475189
            ]
        },
        {
            "name": "NailBox",
            "pos": [
                11843.3212890625,
                141.23623657226563,
                12405.2763671875
            ],
            "ypr": [
                0.0,
                -1.2981160879135132,
                0.305561363697052
            ]
        },
        {
            "name": "MetalWire",
            "pos": [
                11843.0986328125,
                141.3000030517578,
                12404.8037109375
            ],
            "ypr": [
                -180.0,
                90.0,
                -180.0
            ]
        },
        {
            "name": "WoodenLog",
            "pos": [
                11844.1005859375,
                140.43670654296876,
                12405.36328125
            ],
            "ypr": [
                -63.00004196166992,
                -0.45329973101615908,
                1.2262955904006959
            ]
        },
        {
            "name": "Hatchet",
            "pos": [
                11844.587890625,
                141.3000030517578,
                12404.505859375
            ],
            "ypr": [
                116.99998474121094,
                90.0,
                -180.0
            ]
        },
        {
            "name": "MetalPlate",
            "pos": [
                11841.5185546875,
                140.4445343017578,
                12405.685546875
            ],
            "ypr": [
                26.999988555908204,
                -1.3978828191757203,
                -0.28380900621414187
            ]
        },
        {
            "name": "Rope",
            "pos": [
                11844.0947265625,
                141.3000030517578,
                12404.3056640625
            ],
            "ypr": [
                -180.0,
                90.0,
                -180.0
            ]
        },
        {
            "name": "Stone",
            "pos": [
                11843.99609375,
                141.3000030517578,
                12404.908203125
            ],
            "ypr": [
                0.0,
                -1.2980200052261353,
                0.15278197824954987
            ]
        },
        {
            "name": "WoodenPlank",
            "pos": [
                11841.904296875,
                140.5071258544922,
                12406.4794921875
            ],
            "ypr": [
                26.999954223632814,
                -1.2953284978866578,
                -0.3171781003475189
            ]
        },
        {
            "name": "NailBox",
            "pos": [
                11843.3212890625,
                141.23623657226563,
                12405.2763671875
            ],
            "ypr": [
                0.0,
                -1.2981160879135132,
                0.305561363697052
            ]
        },
        {
            "name": "MetalWire",
            "pos": [
                11843.0986328125,
                141.3000030517578,
                12404.8037109375
            ],
            "ypr": [
                -180.0,
                90.0,
                -180.0
            ]
        },
        {
            "name": "WoodenLog",
            "pos": [
                11844.1005859375,
                140.43670654296876,
                12405.36328125
            ],
            "ypr": [
                -63.00004196166992,
                -0.45329973101615908,
                1.2262955904006959
            ]
        },
        {
            "name": "Hatchet",
            "pos": [
                11844.587890625,
                141.3000030517578,
                12404.505859375
            ],
            "ypr": [
                116.99998474121094,
                90.0,
                -180.0
            ]
        },
        {
            "name": "MetalPlate",
            "pos": [
                11841.5185546875,
                140.4445343017578,
                12405.685546875
            ],
            "ypr": [
                26.999988555908204,
                -1.3978828191757203,
                -0.28380900621414187
            ]
        },
        {
            "name": "Rope",
            "pos": [
                11844.0947265625,
                141.3000030517578,
                12404.3056640625
            ],
            "ypr": [
                -180.0,
                90.0,
                -180.0
            ]
        },
        {
            "name": "Stone",
            "pos": [
                11843.99609375,
                141.3000030517578,
                12404.908203125
            ],
            "ypr": [
                0.0,
                -1.2980200052261353,
                0.15278197824954987
            ]
        },
        {
            "name": "WoodenPlank",
            "pos": [
                11841.904296875,
                140.5071258544922,
                12406.4794921875
            ],
            "ypr": [
                26.999954223632814,
                -1.2953284978866578,
                -0.3171781003475189
            ]
        },
        {
            "name": "NailBox",
            "pos": [
                11843.3212890625,
                141.23623657226563,
                12405.2763671875
            ],
            "ypr": [
                0.0,
                -1.2981160879135132,
                0.305561363697052
            ]
        },
        {
            "name": "MetalWire",
            "pos": [
                11843.0986328125,
                141.3000030517578,
                12404.8037109375
            ],
            "ypr": [
                -180.0,
                90.0,
                -180.0
            ]
        },
        {
            "name": "WoodenLog",
            "pos": [
                11844.1005859375,
                140.43670654296876,
                12405.36328125
            ],
            "ypr": [
                -63.00004196166992,
                -0.45329973101615908,
                1.2262955904006959
            ]
        },
        {
            "name": "Hatchet",
            "pos": [
                11844.587890625,
                141.3000030517578,
                12404.505859375
            ],
            "ypr": [
                116.99998474121094,
                90.0,
                -180.0
            ]
        },
        {
            "name": "MetalPlate",
            "pos": [
                11841.5185546875,
                140.4445343017578,
                12405.685546875
            ],
            "ypr": [
                26.999988555908204,
                -1.3978828191757203,
                -0.28380900621414187
            ]
        },
        {
            "name": "Rope",
            "pos": [
                11844.0947265625,
                141.3000030517578,
                12404.3056640625
            ],
            "ypr": [
                -180.0,
                90.0,
                -180.0
            ]
        },
        {
            "name": "Stone",
            "pos": [
                11843.99609375,
                141.3000030517578,
                12404.908203125
            ],
            "ypr": [
                0.0,
                -1.2980200052261353,
                0.15278197824954987
            ]
        },
        {
            "name": "WoodenPlank",
            "pos": [
                11841.904296875,
                140.5071258544922,
                12406.4794921875
            ],
            "ypr": [
                26.999954223632814,
                -1.2953284978866578,
                -0.3171781003475189
            ]
        },
        {
            "name": "NailBox",
            "pos": [
                11843.3212890625,
                141.23623657226563,
                12405.2763671875
            ],
            "ypr": [
                0.0,
                -1.2981160879135132,
                0.305561363697052
            ]
        },
        {
            "name": "MetalWire",
            "pos": [
                11843.0986328125,
                141.3000030517578,
                12404.8037109375
            ],
            "ypr": [
                -180.0,
                90.0,
                -180.0
            ]
        },
        {
            "name": "WoodenLog",
            "pos": [
                11844.1005859375,
                140.43670654296876,
                12405.36328125
            ],
            "ypr": [
                -63.00004196166992,
                -0.45329973101615908,
                1.2262955904006959
            ]
        },
        {
            "name": "Hatchet",
            "pos": [
                11844.587890625,
                141.3000030517578,
                12404.505859375
            ],
            "ypr": [
                116.99998474121094,
                90.0,
                -180.0
            ]
        },
        {
            "name": "MetalPlate",
            "pos": [
                11841.5185546875,
                140.4445343017578,
                12405.685546875
            ],
            "ypr": [
                26.999988555908204,
                -1.3978828191757203,
                -0.28380900621414187
            ]
        },
        {
            "name": "Rope",
            "pos": [
                11844.0947265625,
                141.3000030517578,
                12404.3056640625
            ],
            "ypr": [
                -180.0,
                90.0,
                -180.0
            ]
        },
        {
            "name": "Stone",
            "pos": [
                11843.99609375,
                141.3000030517578,
                12404.908203125
            ],
            "ypr": [
                0.0,
                -1.2980200052261353,
                0.15278197824954987
            ]
        },
        {
            "name": "WoodenPlank",
            "pos": [
                11841.904296875,
                140.5071258544922,
                12406.4794921875
            ],
            "ypr": [
                26.999954223632814,
                -1.2953284978866578,
                -0.3171781003475189
            ]
        },
        {
            "name": "NailBox",
            "pos": [
                11843.3212890625,
                141.23623657226563,
                12405.2763671875
            ],
            "ypr": [
                0.0,
                -1.2981160879135132,
                0.305561363697052
            ]
        },
        {
            "name": "MetalWire",
            "pos": [
                11843.0986328125,
                141.3000030517578,
                12404.8037109375
            ],
            "ypr": [
                -180.0,
                90.0,
                -180.0
            ]
        },
        {
            "name": "WoodenLog",
            "pos": [
                11844.1005859375,
                140.43670654296876,
                12405.36328125
            ],
            "ypr": [
                -63.00004196166992,
                -0.45329973101615908,
                1.2262955904006959
            ]
        },
        {
            "name": "Hatchet",
            "pos": [
                11844.587890625,
                141.3000030517578,
                12404.505859375
            ],
            "ypr": [
                116.99998474121094,
                90.0,
                -180.0
            ]
        },
        {
            "name": "MetalPlate",
            "pos": [
                11841.5185546875,
                140.4445343017578,
                12405.685546875
            ],
            "ypr": [
                26.999988555908204,
                -1.3978828191757203,
                -0.28380900621414187
            ]
        },
        {
            "name": "Rope",
            "pos": [
                11844.0947265625,
                141.3000030517578,
                12404.3056640625
            ],
            "ypr": [
                -180.0,
                90.0,
                -180.0
            ]
        },
        {
            "name": "Stone",
            "pos": [
                11843.99609375,
                141.3000030517578,
                12404.908203125
            ],
            "ypr": [
                0.0,
                -1.2980200052261353,
                0.15278197824954987
            ]
        },		
        {
            "name": "WoodenPlank",
            "pos": [
                11841.904296875,
                140.5071258544922,
                12406.4794921875
            ],
            "ypr": [
                26.999954223632814,
                -1.2953284978866578,
                -0.3171781003475189
            ]
        },
        {
            "name": "NailBox",
            "pos": [
                11843.3212890625,
                141.23623657226563,
                12405.2763671875
            ],
            "ypr": [
                0.0,
                -1.2981160879135132,
                0.305561363697052
            ]
        },
        {
            "name": "MetalWire",
            "pos": [
                11843.0986328125,
                141.3000030517578,
                12404.8037109375
            ],
            "ypr": [
                -180.0,
                90.0,
                -180.0
            ]
        },
        {
            "name": "WoodenLog",
            "pos": [
                11844.1005859375,
                140.43670654296876,
                12405.36328125
            ],
            "ypr": [
                -63.00004196166992,
                -0.45329973101615908,
                1.2262955904006959
            ]
        },
        {
            "name": "Hatchet",
            "pos": [
                11844.587890625,
                141.3000030517578,
                12404.505859375
            ],
            "ypr": [
                116.99998474121094,
                90.0,
                -180.0
            ]
        },
        {
            "name": "MetalPlate",
            "pos": [
                11841.5185546875,
                140.4445343017578,
                12405.685546875
            ],
            "ypr": [
                26.999988555908204,
                -1.3978828191757203,
                -0.28380900621414187
            ]
        },
        {
            "name": "Rope",
            "pos": [
                11844.0947265625,
                141.3000030517578,
                12404.3056640625
            ],
            "ypr": [
                -180.0,
                90.0,
                -180.0
            ]
        },
        {
            "name": "Stone",
            "pos": [
                11843.99609375,
                141.3000030517578,
                12404.908203125
            ],
            "ypr": [
                0.0,
                -1.2980200052261353,
                0.15278197824954987
            ]
        },
        {
            "name": "WoodenPlank",
            "pos": [
                11841.904296875,
                140.5071258544922,
                12406.4794921875
            ],
            "ypr": [
                26.999954223632814,
                -1.2953284978866578,
                -0.3171781003475189
            ]
        },
        {
            "name": "NailBox",
            "pos": [
                11843.3212890625,
                141.23623657226563,
                12405.2763671875
            ],
            "ypr": [
                0.0,
                -1.2981160879135132,
                0.305561363697052
            ]
        },
        {
            "name": "MetalWire",
            "pos": [
                11843.0986328125,
                141.3000030517578,
                12404.8037109375
            ],
            "ypr": [
                -180.0,
                90.0,
                -180.0
            ]
        },
        {
            "name": "WoodenLog",
            "pos": [
                11844.1005859375,
                140.43670654296876,
                12405.36328125
            ],
            "ypr": [
                -63.00004196166992,
                -0.45329973101615908,
                1.2262955904006959
            ]
        },
        {
            "name": "Hatchet",
            "pos": [
                11844.587890625,
                141.3000030517578,
                12404.505859375
            ],
            "ypr": [
                116.99998474121094,
                90.0,
                -180.0
            ]
        },
        {
            "name": "MetalPlate",
            "pos": [
                11841.5185546875,
                140.4445343017578,
                12405.685546875
            ],
            "ypr": [
                26.999988555908204,
                -1.3978828191757203,
                -0.28380900621414187
            ]
        },
        {
            "name": "Rope",
            "pos": [
                11844.0947265625,
                141.3000030517578,
                12404.3056640625
            ],
            "ypr": [
                -180.0,
                90.0,
                -180.0
            ]
        },
        {
            "name": "Stone",
            "pos": [
                11843.99609375,
                141.3000030517578,
                12404.908203125
            ],
            "ypr": [
                0.0,
                -1.2980200052261353,
                0.15278197824954987
            ]
        },
        {
            "name": "WoodenPlank",
            "pos": [
                11841.904296875,
                140.5071258544922,
                12406.4794921875
            ],
            "ypr": [
                26.999954223632814,
                -1.2953284978866578,
                -0.3171781003475189
            ]
        },
        {
            "name": "NailBox",
            "pos": [
                11843.3212890625,
                141.23623657226563,
                12405.2763671875
            ],
            "ypr": [
                0.0,
                -1.2981160879135132,
                0.305561363697052
            ]
        },
        {
            "name": "MetalWire",
            "pos": [
                11843.0986328125,
                141.3000030517578,
                12404.8037109375
            ],
            "ypr": [
                -180.0,
                90.0,
                -180.0
            ]
        },
        {
            "name": "WoodenLog",
            "pos": [
                11844.1005859375,
                140.43670654296876,
                12405.36328125
            ],
            "ypr": [
                -63.00004196166992,
                -0.45329973101615908,
                1.2262955904006959
            ]
        },
        {
            "name": "Hatchet",
            "pos": [
                11844.587890625,
                141.3000030517578,
                12404.505859375
            ],
            "ypr": [
                116.99998474121094,
                90.0,
                -180.0
            ]
        },
        {
            "name": "MetalPlate",
            "pos": [
                11841.5185546875,
                140.4445343017578,
                12405.685546875
            ],
            "ypr": [
                26.999988555908204,
                -1.3978828191757203,
                -0.28380900621414187
            ]
        },
        {
            "name": "Rope",
            "pos": [
                11844.0947265625,
                141.3000030517578,
                12404.3056640625
            ],
            "ypr": [
                -180.0,
                90.0,
                -180.0
            ]
        },
        {
            "name": "Stone",
            "pos": [
                11843.99609375,
                141.3000030517578,
                12404.908203125
            ],
            "ypr": [
                0.0,
                -1.2980200052261353,
                0.15278197824954987
            ]
        },
        {
            "name": "WoodenPlank",
            "pos": [
                11841.904296875,
                140.5071258544922,
                12406.4794921875
            ],
            "ypr": [
                26.999954223632814,
                -1.2953284978866578,
                -0.3171781003475189
            ]
        },
        {
            "name": "NailBox",
            "pos": [
                11843.3212890625,
                141.23623657226563,
                12405.2763671875
            ],
            "ypr": [
                0.0,
                -1.2981160879135132,
                0.305561363697052
            ]
        },
        {
            "name": "MetalWire",
            "pos": [
                11843.0986328125,
                141.3000030517578,
                12404.8037109375
            ],
            "ypr": [
                -180.0,
                90.0,
                -180.0
            ]
        },
        {
            "name": "WoodenLog",
            "pos": [
                11844.1005859375,
                140.43670654296876,
                12405.36328125
            ],
            "ypr": [
                -63.00004196166992,
                -0.45329973101615908,
                1.2262955904006959
            ]
        },
        {
            "name": "Hatchet",
            "pos": [
                11844.587890625,
                141.3000030517578,
                12404.505859375
            ],
            "ypr": [
                116.99998474121094,
                90.0,
                -180.0
            ]
        },
        {
            "name": "MetalPlate",
            "pos": [
                11841.5185546875,
                140.4445343017578,
                12405.685546875
            ],
            "ypr": [
                26.999988555908204,
                -1.3978828191757203,
                -0.28380900621414187
            ]
        },
        {
            "name": "Rope",
            "pos": [
                11844.0947265625,
                141.3000030517578,
                12404.3056640625
            ],
            "ypr": [
                -180.0,
                90.0,
                -180.0
            ]
        },
        {
            "name": "Stone",
            "pos": [
                11843.99609375,
                141.3000030517578,
                12404.908203125
            ],
            "ypr": [
                0.0,
                -1.2980200052261353,
                0.15278197824954987
            ]
        },
        {
            "name": "WoodenPlank",
            "pos": [
                11841.904296875,
                140.5071258544922,
                12406.4794921875
            ],
            "ypr": [
                26.999954223632814,
                -1.2953284978866578,
                -0.3171781003475189
            ]
        },
        {
            "name": "NailBox",
            "pos": [
                11843.3212890625,
                141.23623657226563,
                12405.2763671875
            ],
            "ypr": [
                0.0,
                -1.2981160879135132,
                0.305561363697052
            ]
        },
        {
            "name": "MetalWire",
            "pos": [
                11843.0986328125,
                141.3000030517578,
                12404.8037109375
            ],
            "ypr": [
                -180.0,
                90.0,
                -180.0
            ]
        },
        {
            "name": "WoodenLog",
            "pos": [
                11844.1005859375,
                140.43670654296876,
                12405.36328125
            ],
            "ypr": [
                -63.00004196166992,
                -0.45329973101615908,
                1.2262955904006959
            ]
        },
        {
            "name": "Hatchet",
            "pos": [
                11844.587890625,
                141.3000030517578,
                12404.505859375
            ],
            "ypr": [
                116.99998474121094,
                90.0,
                -180.0
            ]
        },
        {
            "name": "MetalPlate",
            "pos": [
                11841.5185546875,
                140.4445343017578,
                12405.685546875
            ],
            "ypr": [
                26.999988555908204,
                -1.3978828191757203,
                -0.28380900621414187
            ]
        },
        {
            "name": "Rope",
            "pos": [
                11844.0947265625,
                141.3000030517578,
                12404.3056640625
            ],
            "ypr": [
                -180.0,
                90.0,
                -180.0
            ]
        },
        {
            "name": "Stone",
            "pos": [
                11843.99609375,
                141.3000030517578,
                12404.908203125
            ],
            "ypr": [
                0.0,
                -1.2980200052261353,
                0.15278197824954987
            ]
        },		
        {
            "name": "WoodenPlank",
            "pos": [
                11841.904296875,
                140.5071258544922,
                12406.4794921875
            ],
            "ypr": [
                26.999954223632814,
                -1.2953284978866578,
                -0.3171781003475189
            ]
        },
        {
            "name": "NailBox",
            "pos": [
                11843.3212890625,
                141.23623657226563,
                12405.2763671875
            ],
            "ypr": [
                0.0,
                -1.2981160879135132,
                0.305561363697052
            ]
        },
        {
            "name": "MetalWire",
            "pos": [
                11843.0986328125,
                141.3000030517578,
                12404.8037109375
            ],
            "ypr": [
                -180.0,
                90.0,
                -180.0
            ]
        },
        {
            "name": "WoodenLog",
            "pos": [
                11844.1005859375,
                140.43670654296876,
                12405.36328125
            ],
            "ypr": [
                -63.00004196166992,
                -0.45329973101615908,
                1.2262955904006959
            ]
        },
        {
            "name": "Hatchet",
            "pos": [
                11844.587890625,
                141.3000030517578,
                12404.505859375
            ],
            "ypr": [
                116.99998474121094,
                90.0,
                -180.0
            ]
        },
        {
            "name": "MetalPlate",
            "pos": [
                11841.5185546875,
                140.4445343017578,
                12405.685546875
            ],
            "ypr": [
                26.999988555908204,
                -1.3978828191757203,
                -0.28380900621414187
            ]
        },
        {
            "name": "Rope",
            "pos": [
                11844.0947265625,
                141.3000030517578,
                12404.3056640625
            ],
            "ypr": [
                -180.0,
                90.0,
                -180.0
            ]
        },
        {
            "name": "Stone",
            "pos": [
                11843.99609375,
                141.3000030517578,
                12404.908203125
            ],
            "ypr": [
                0.0,
                -1.2980200052261353,
                0.15278197824954987
            ]
        },		
        {
            "name": "WoodenPlank",
            "pos": [
                11841.904296875,
                140.5071258544922,
                12406.4794921875
            ],
            "ypr": [
                26.999954223632814,
                -1.2953284978866578,
                -0.3171781003475189
            ]
        },
        {
            "name": "NailBox",
            "pos": [
                11843.3212890625,
                141.23623657226563,
                12405.2763671875
            ],
            "ypr": [
                0.0,
                -1.2981160879135132,
                0.305561363697052
            ]
        },
        {
            "name": "MetalWire",
            "pos": [
                11843.0986328125,
                141.3000030517578,
                12404.8037109375
            ],
            "ypr": [
                -180.0,
                90.0,
                -180.0
            ]
        },
        {
            "name": "WoodenLog",
            "pos": [
                11844.1005859375,
                140.43670654296876,
                12405.36328125
            ],
            "ypr": [
                -63.00004196166992,
                -0.45329973101615908,
                1.2262955904006959
            ]
        },
        {
            "name": "Hatchet",
            "pos": [
                11844.587890625,
                141.3000030517578,
                12404.505859375
            ],
            "ypr": [
                116.99998474121094,
                90.0,
                -180.0
            ]
        },
        {
            "name": "MetalPlate",
            "pos": [
                11841.5185546875,
                140.4445343017578,
                12405.685546875
            ],
            "ypr": [
                26.999988555908204,
                -1.3978828191757203,
                -0.28380900621414187
            ]
        },
        {
            "name": "Rope",
            "pos": [
                11844.0947265625,
                141.3000030517578,
                12404.3056640625
            ],
            "ypr": [
                -180.0,
                90.0,
                -180.0
            ]
        },
        {
            "name": "Stone",
            "pos": [
                11843.99609375,
                141.3000030517578,
                12404.908203125
            ],
            "ypr": [
                0.0,
                -1.2980200052261353,
                0.15278197824954987
            ]
        },
        {
            "name": "WoodenPlank",
            "pos": [
                11841.904296875,
                140.5071258544922,
                12406.4794921875
            ],
            "ypr": [
                26.999954223632814,
                -1.2953284978866578,
                -0.3171781003475189
            ]
        },
        {
            "name": "NailBox",
            "pos": [
                11843.3212890625,
                141.23623657226563,
                12405.2763671875
            ],
            "ypr": [
                0.0,
                -1.2981160879135132,
                0.305561363697052
            ]
        },
        {
            "name": "MetalWire",
            "pos": [
                11843.0986328125,
                141.3000030517578,
                12404.8037109375
            ],
            "ypr": [
                -180.0,
                90.0,
                -180.0
            ]
        },
        {
            "name": "WoodenLog",
            "pos": [
                11844.1005859375,
                140.43670654296876,
                12405.36328125
            ],
            "ypr": [
                -63.00004196166992,
                -0.45329973101615908,
                1.2262955904006959
            ]
        },
        {
            "name": "Hatchet",
            "pos": [
                11844.587890625,
                141.3000030517578,
                12404.505859375
            ],
            "ypr": [
                116.99998474121094,
                90.0,
                -180.0
            ]
        },
        {
            "name": "MetalPlate",
            "pos": [
                11841.5185546875,
                140.4445343017578,
                12405.685546875
            ],
            "ypr": [
                26.999988555908204,
                -1.3978828191757203,
                -0.28380900621414187
            ]
        },
        {
            "name": "Rope",
            "pos": [
                11844.0947265625,
                141.3000030517578,
                12404.3056640625
            ],
            "ypr": [
                -180.0,
                90.0,
                -180.0
            ]
        },
        {
            "name": "Stone",
            "pos": [
                11843.99609375,
                141.3000030517578,
                12404.908203125
            ],
            "ypr": [
                0.0,
                -1.2980200052261353,
                0.15278197824954987
            ]
        },
        {
            "name": "WoodenPlank",
            "pos": [
                11841.904296875,
                140.5071258544922,
                12406.4794921875
            ],
            "ypr": [
                26.999954223632814,
                -1.2953284978866578,
                -0.3171781003475189
            ]
        },
        {
            "name": "NailBox",
            "pos": [
                11843.3212890625,
                141.23623657226563,
                12405.2763671875
            ],
            "ypr": [
                0.0,
                -1.2981160879135132,
                0.305561363697052
            ]
        },
        {
            "name": "MetalWire",
            "pos": [
                11843.0986328125,
                141.3000030517578,
                12404.8037109375
            ],
            "ypr": [
                -180.0,
                90.0,
                -180.0
            ]
        },
        {
            "name": "WoodenLog",
            "pos": [
                11844.1005859375,
                140.43670654296876,
                12405.36328125
            ],
            "ypr": [
                -63.00004196166992,
                -0.45329973101615908,
                1.2262955904006959
            ]
        },
        {
            "name": "Hatchet",
            "pos": [
                11844.587890625,
                141.3000030517578,
                12404.505859375
            ],
            "ypr": [
                116.99998474121094,
                90.0,
                -180.0
            ]
        },
        {
            "name": "MetalPlate",
            "pos": [
                11841.5185546875,
                140.4445343017578,
                12405.685546875
            ],
            "ypr": [
                26.999988555908204,
                -1.3978828191757203,
                -0.28380900621414187
            ]
        },
        {
            "name": "Rope",
            "pos": [
                11844.0947265625,
                141.3000030517578,
                12404.3056640625
            ],
            "ypr": [
                -180.0,
                90.0,
                -180.0
            ]
        },
        {
            "name": "Stone",
            "pos": [
                11843.99609375,
                141.3000030517578,
                12404.908203125
            ],
            "ypr": [
                0.0,
                -1.2980200052261353,
                0.15278197824954987
            ]
        },
        {
            "name": "WoodenPlank",
            "pos": [
                11841.904296875,
                140.5071258544922,
                12406.4794921875
            ],
            "ypr": [
                26.999954223632814,
                -1.2953284978866578,
                -0.3171781003475189
            ]
        },
        {
            "name": "NailBox",
            "pos": [
                11843.3212890625,
                141.23623657226563,
                12405.2763671875
            ],
            "ypr": [
                0.0,
                -1.2981160879135132,
                0.305561363697052
            ]
        },
        {
            "name": "MetalWire",
            "pos": [
                11843.0986328125,
                141.3000030517578,
                12404.8037109375
            ],
            "ypr": [
                -180.0,
                90.0,
                -180.0
            ]
        },
        {
            "name": "WoodenLog",
            "pos": [
                11844.1005859375,
                140.43670654296876,
                12405.36328125
            ],
            "ypr": [
                -63.00004196166992,
                -0.45329973101615908,
                1.2262955904006959
            ]
        },
        {
            "name": "Hatchet",
            "pos": [
                11844.587890625,
                141.3000030517578,
                12404.505859375
            ],
            "ypr": [
                116.99998474121094,
                90.0,
                -180.0
            ]
        },
        {
            "name": "MetalPlate",
            "pos": [
                11841.5185546875,
                140.4445343017578,
                12405.685546875
            ],
            "ypr": [
                26.999988555908204,
                -1.3978828191757203,
                -0.28380900621414187
            ]
        },
        {
            "name": "Rope",
            "pos": [
                11844.0947265625,
                141.3000030517578,
                12404.3056640625
            ],
            "ypr": [
                -180.0,
                90.0,
                -180.0
            ]
        },
        {
            "name": "Stone",
            "pos": [
                11843.99609375,
                141.3000030517578,
                12404.908203125
            ],
            "ypr": [
                0.0,
                -1.2980200052261353,
                0.15278197824954987
            ]
        },		
        {
            "name": "WoodenPlank",
            "pos": [
                11841.904296875,
                140.5071258544922,
                12406.4794921875
            ],
            "ypr": [
                26.999954223632814,
                -1.2953284978866578,
                -0.3171781003475189
            ]
        },
        {
            "name": "NailBox",
            "pos": [
                11843.3212890625,
                141.23623657226563,
                12405.2763671875
            ],
            "ypr": [
                0.0,
                -1.2981160879135132,
                0.305561363697052
            ]
        },
        {
            "name": "MetalWire",
            "pos": [
                11843.0986328125,
                141.3000030517578,
                12404.8037109375
            ],
            "ypr": [
                -180.0,
                90.0,
                -180.0
            ]
        },
        {
            "name": "WoodenLog",
            "pos": [
                11844.1005859375,
                140.43670654296876,
                12405.36328125
            ],
            "ypr": [
                -63.00004196166992,
                -0.45329973101615908,
                1.2262955904006959
            ]
        },
        {
            "name": "Hatchet",
            "pos": [
                11844.587890625,
                141.3000030517578,
                12404.505859375
            ],
            "ypr": [
                116.99998474121094,
                90.0,
                -180.0
            ]
        },
        {
            "name": "MetalPlate",
            "pos": [
                11841.5185546875,
                140.4445343017578,
                12405.685546875
            ],
            "ypr": [
                26.999988555908204,
                -1.3978828191757203,
                -0.28380900621414187
            ]
        },
        {
            "name": "Rope",
            "pos": [
                11844.0947265625,
                141.3000030517578,
                12404.3056640625
            ],
            "ypr": [
                -180.0,
                90.0,
                -180.0
            ]
        },
        {
            "name": "Stone",
            "pos": [
                11843.99609375,
                141.3000030517578,
                12404.908203125
            ],
            "ypr": [
                0.0,
                -1.2980200052261353,
                0.15278197824954987
            ]
        },
		
		
		
        {
            "name": "Land_Roadblock_Table",
            "pos": [
                11843.9169921875,
                140.84866333007813,
                12404.67578125
            ],
            "ypr": [
                27.0,
                -0.0,
                -0.0
            ]
        }		
    ]
}