{
    "Objects": [
        {
            "name": "Land_Lighthouse",
            "pos": [
                1699.22998046875,
                449.0,
                14133.900390625
            ],
            "ypr": [
                159.99993896484376,
                0.0,
                0.0
            ]
        },
        {
            "name": "Land_Lighthouse",
            "pos": [
                1351.679931640625,
                449.0,
                14576.1005859375
            ],
            "ypr": [
                -39.999996185302737,
                0.0,
                0.0
            ]
        },
        {
            "name": "Land_Mil_Tent_Big2_1",
            "pos": [
                1695.510009765625,
                444.0,
                14139.2001953125
            ],
            "ypr": [
                51.85029220581055,
                0.0,
                0.0
            ]
        },
        {
            "name": "Land_Mil_Tent_Big2_1",
            "pos": [
                1689.9300537109376,
                444.0,
                14146.2998046875
            ],
            "ypr": [
                51.85029220581055,
                0.0,
                0.0
            ]
        },
        {
            "name": "Land_Mil_Tent_Big2_1",
            "pos": [
                1684.1199951171876,
                444.0,
                14153.7998046875
            ],
            "ypr": [
                51.85029220581055,
                0.0,
                0.0
            ]
        },
        {
            "name": "Land_Mil_Tent_Big2_1",
            "pos": [
                1678.5400390625,
                444.0,
                14160.7998046875
            ],
            "ypr": [
                51.850196838378909,
                0.0,
                0.0
            ]
        },
        {
            "name": "Land_Mil_Tent_Big2_1",
            "pos": [
                1672.5699462890626,
                444.0,
                14168.400390625
            ],
            "ypr": [
                51.85029220581055,
                0.0,
                0.0
            ]
        },
        {
            "name": "Land_Mil_Tent_Big2_1",
            "pos": [
                1666.989990234375,
                444.0,
                14175.5
            ],
            "ypr": [
                51.850196838378909,
                0.0,
                0.0
            ]
        },
        {
            "name": "Land_Mil_Tent_Big2_1",
            "pos": [
                1661.18994140625,
                444.0,
                14182.900390625
            ],
            "ypr": [
                51.850196838378909,
                0.0,
                0.0
            ]
        },
        {
            "name": "Land_Mil_Tent_Big2_1",
            "pos": [
                1655.5999755859376,
                444.0,
                14190.0
            ],
            "ypr": [
                51.850196838378909,
                0.0,
                0.0
            ]
        },
        {
            "name": "Land_Mil_Tent_Big2_1",
            "pos": [
                1649.43994140625,
                444.0,
                14197.7998046875
            ],
            "ypr": [
                51.850196838378909,
                0.0,
                0.0
            ]
        },
        {
            "name": "Land_Mil_Tent_Big2_1",
            "pos": [
                1643.8599853515626,
                444.0,
                14204.900390625
            ],
            "ypr": [
                51.850196838378909,
                0.0,
                0.0
            ]
        },
        {
            "name": "Land_Mil_Tent_Big2_1",
            "pos": [
                1638.050048828125,
                444.0,
                14212.2998046875
            ],
            "ypr": [
                51.850196838378909,
                0.0,
                0.0
            ]
        },
        {
            "name": "Land_Mil_Tent_Big2_1",
            "pos": [
                1632.469970703125,
                444.0,
                14219.400390625
            ],
            "ypr": [
                51.850196838378909,
                0.0,
                0.0
            ]
        },
        {
            "name": "Land_Mil_Tent_Big2_1",
            "pos": [
                1626.5,
                444.0,
                14226.900390625
            ],
            "ypr": [
                51.850196838378909,
                0.0,
                0.0
            ]
        },
        {
            "name": "Land_Mil_Tent_Big2_1",
            "pos": [
                1620.9200439453126,
                444.0,
                14234.0
            ],
            "ypr": [
                51.850196838378909,
                0.0,
                0.0
            ]
        },
        {
            "name": "Land_Mil_Tent_Big2_1",
            "pos": [
                1615.1099853515626,
                444.0,
                14241.400390625
            ],
            "ypr": [
                51.850196838378909,
                0.0,
                0.0
            ]
        },
        {
            "name": "Land_Mil_Tent_Big2_1",
            "pos": [
                1609.530029296875,
                444.0,
                14248.5
            ],
            "ypr": [
                51.850196838378909,
                0.0,
                0.0
            ]
        },
        {
            "name": "Land_Mil_Tent_Big2_1",
            "pos": [
                1603.4200439453126,
                444.0,
                14256.2001953125
            ],
            "ypr": [
                51.85040283203125,
                0.0,
                0.0
            ]
        },
        {
            "name": "Land_Mil_Tent_Big2_1",
            "pos": [
                1597.8399658203126,
                444.0,
                14263.2001953125
            ],
            "ypr": [
                51.850196838378909,
                0.0,
                0.0
            ]
        },
        {
            "name": "Land_Mil_Tent_Big2_1",
            "pos": [
                1592.030029296875,
                444.0,
                14270.599609375
            ],
            "ypr": [
                51.850196838378909,
                0.0,
                0.0
            ]
        },
        {
            "name": "Land_Mil_Tent_Big2_1",
            "pos": [
                1586.449951171875,
                444.0,
                14277.7001953125
            ],
            "ypr": [
                51.850196838378909,
                0.0,
                0.0
            ]
        },
        {
            "name": "Land_Mil_Tent_Big2_1",
            "pos": [
                1580.47998046875,
                444.0,
                14285.2998046875
            ],
            "ypr": [
                51.850196838378909,
                0.0,
                0.0
            ]
        },
        {
            "name": "Land_Mil_Tent_Big2_1",
            "pos": [
                1574.9000244140626,
                444.0,
                14292.400390625
            ],
            "ypr": [
                51.850196838378909,
                0.0,
                0.0
            ]
        },
        {
            "name": "Land_Mil_Tent_Big2_1",
            "pos": [
                1569.0999755859376,
                444.0,
                14299.7998046875
            ],
            "ypr": [
                51.850196838378909,
                0.0,
                0.0
            ]
        },
        {
            "name": "Land_Mil_Tent_Big2_1",
            "pos": [
                1563.52001953125,
                444.0,
                14306.900390625
            ],
            "ypr": [
                51.850196838378909,
                0.0,
                0.0
            ]
        },
        {
            "name": "Land_Mil_Tent_Big2_1",
            "pos": [
                1557.3499755859376,
                444.0,
                14314.7001953125
            ],
            "ypr": [
                51.850196838378909,
                0.0,
                0.0
            ]
        },
        {
            "name": "Land_Mil_Tent_Big2_1",
            "pos": [
                1551.77001953125,
                444.0,
                14321.7998046875
            ],
            "ypr": [
                51.850196838378909,
                0.0,
                0.0
            ]
        },
        {
            "name": "Land_Mil_Tent_Big2_1",
            "pos": [
                1545.9599609375,
                444.0,
                14329.2001953125
            ],
            "ypr": [
                51.850196838378909,
                0.0,
                0.0
            ]
        },
        {
            "name": "Land_Mil_Tent_Big2_1",
            "pos": [
                1540.3800048828126,
                444.0,
                14336.2001953125
            ],
            "ypr": [
                51.850196838378909,
                0.0,
                0.0
            ]
        },
        {
            "name": "Land_Mil_Tent_Big2_1",
            "pos": [
                1534.4100341796876,
                444.0,
                14343.7998046875
            ],
            "ypr": [
                51.850196838378909,
                0.0,
                0.0
            ]
        },
        {
            "name": "Land_Mil_Tent_Big2_1",
            "pos": [
                1528.8299560546876,
                444.0,
                14350.900390625
            ],
            "ypr": [
                51.850196838378909,
                0.0,
                0.0
            ]
        },
        {
            "name": "Land_Mil_Tent_Big2_1",
            "pos": [
                1523.02001953125,
                444.0,
                14358.2998046875
            ],
            "ypr": [
                51.850196838378909,
                0.0,
                0.0
            ]
        },
        {
            "name": "Land_Mil_Tent_Big2_1",
            "pos": [
                1517.43994140625,
                444.0,
                14365.400390625
            ],
            "ypr": [
                51.850196838378909,
                0.0,
                0.0
            ]
        },
        {
            "name": "Land_Mil_Tent_Big2_1",
            "pos": [
                1442.2900390625,
                444.0,
                14461.099609375
            ],
            "ypr": [
                51.850196838378909,
                0.0,
                0.0
            ]
        },
        {
            "name": "Land_Mil_Tent_Big2_1",
            "pos": [
                1436.7099609375,
                444.0,
                14468.2001953125
            ],
            "ypr": [
                51.850196838378909,
                0.0,
                0.0
            ]
        },
        {
            "name": "Land_Mil_Tent_Big2_1",
            "pos": [
                1430.9000244140626,
                444.0,
                14475.599609375
            ],
            "ypr": [
                51.850196838378909,
                0.0,
                0.0
            ]
        },
        {
            "name": "Land_Mil_Tent_Big2_1",
            "pos": [
                1425.3199462890626,
                444.0,
                14482.599609375
            ],
            "ypr": [
                51.850196838378909,
                0.0,
                0.0
            ]
        },
        {
            "name": "Land_Mil_Tent_Big2_1",
            "pos": [
                1511.25,
                444.0,
                14373.2998046875
            ],
            "ypr": [
                51.85029220581055,
                0.0,
                0.0
            ]
        },
        {
            "name": "Land_Mil_Tent_Big2_1",
            "pos": [
                1505.6600341796876,
                444.0,
                14380.400390625
            ],
            "ypr": [
                51.850196838378909,
                0.0,
                0.0
            ]
        },
        {
            "name": "Land_Mil_Tent_Big2_1",
            "pos": [
                1499.8499755859376,
                444.0,
                14387.7998046875
            ],
            "ypr": [
                51.850196838378909,
                0.0,
                0.0
            ]
        },
        {
            "name": "Land_Mil_Tent_Big2_1",
            "pos": [
                1494.280029296875,
                444.0,
                14394.7998046875
            ],
            "ypr": [
                51.850196838378909,
                0.0,
                0.0
            ]
        },
        {
            "name": "Land_Mil_Tent_Big2_1",
            "pos": [
                1488.300048828125,
                444.0,
                14402.400390625
            ],
            "ypr": [
                51.850196838378909,
                0.0,
                0.0
            ]
        },
        {
            "name": "Land_Mil_Tent_Big2_1",
            "pos": [
                1482.72998046875,
                444.0,
                14409.5
            ],
            "ypr": [
                51.850196838378909,
                0.0,
                0.0
            ]
        },
        {
            "name": "Land_Mil_Tent_Big2_1",
            "pos": [
                1476.9100341796876,
                444.0,
                14416.900390625
            ],
            "ypr": [
                51.850196838378909,
                0.0,
                0.0
            ]
        },
        {
            "name": "Land_Mil_Tent_Big2_1",
            "pos": [
                1471.3399658203126,
                444.0,
                14424.0
            ],
            "ypr": [
                51.850196838378909,
                0.0,
                0.0
            ]
        },
        {
            "name": "Land_Mil_Tent_Big2_1",
            "pos": [
                1465.1700439453126,
                444.0,
                14431.7998046875
            ],
            "ypr": [
                51.850196838378909,
                0.0,
                0.0
            ]
        },
        {
            "name": "Land_Mil_Tent_Big2_1",
            "pos": [
                1459.5899658203126,
                444.0,
                14438.900390625
            ],
            "ypr": [
                51.850196838378909,
                0.0,
                0.0
            ]
        },
        {
            "name": "Land_Mil_Tent_Big2_1",
            "pos": [
                1453.780029296875,
                444.0,
                14446.2998046875
            ],
            "ypr": [
                51.850196838378909,
                0.0,
                0.0
            ]
        },
        {
            "name": "Land_Mil_Tent_Big2_1",
            "pos": [
                1448.199951171875,
                444.0,
                14453.400390625
            ],
            "ypr": [
                51.850196838378909,
                0.0,
                0.0
            ]
        },
        {
            "name": "Land_Mil_Tent_Big2_1",
            "pos": [
                1390.2099609375,
                444.0,
                14527.3994140625
            ],
            "ypr": [
                51.850196838378909,
                0.0,
                0.0
            ]
        },
        {
            "name": "Land_Mil_Tent_Big2_1",
            "pos": [
                1384.6298828125,
                444.0,
                14534.4990234375
            ],
            "ypr": [
                51.850196838378909,
                0.0,
                0.0
            ]
        },
        {
            "name": "Land_Mil_Tent_Big2_1",
            "pos": [
                1378.8199462890626,
                444.0,
                14541.8994140625
            ],
            "ypr": [
                51.850196838378909,
                0.0,
                0.0
            ]
        },
        {
            "name": "Land_Mil_Tent_Big2_1",
            "pos": [
                1373.2398681640626,
                444.0,
                14548.8994140625
            ],
            "ypr": [
                51.850196838378909,
                -2.5656089782714845,
                -0.7975477576255798
            ]
        },
        {
            "name": "Land_Mil_Tent_Big2_1",
            "pos": [
                1419.2598876953126,
                444.0,
                14490.298828125
            ],
            "ypr": [
                51.850196838378909,
                0.0,
                0.0
            ]
        },
        {
            "name": "Land_Mil_Tent_Big2_1",
            "pos": [
                1413.08984375,
                444.0,
                14498.099609375
            ],
            "ypr": [
                51.850196838378909,
                0.0,
                0.0
            ]
        },
        {
            "name": "Land_Mil_Tent_Big2_1",
            "pos": [
                1407.5098876953126,
                444.0,
                14505.19921875
            ],
            "ypr": [
                51.850196838378909,
                0.0,
                0.0
            ]
        },
        {
            "name": "Land_Mil_Tent_Big2_1",
            "pos": [
                1401.699951171875,
                444.0,
                14512.599609375
            ],
            "ypr": [
                51.850196838378909,
                0.0,
                0.0
            ]
        },
        {
            "name": "Land_Mil_Tent_Big2_1",
            "pos": [
                1396.119873046875,
                444.0,
                14519.69921875
            ],
            "ypr": [
                51.850196838378909,
                0.0,
                0.0
            ]
        },
        {
            "name": "Land_Mil_Tent_Big2_1",
            "pos": [
                1367.0299072265626,
                444.0,
                14556.7998046875
            ],
            "ypr": [
                51.850196838378909,
                0.0,
                0.0
            ]
        },
        {
            "name": "Land_Mil_Tent_Big2_1",
            "pos": [
                1361.219970703125,
                444.0,
                14564.19921875
            ],
            "ypr": [
                51.850196838378909,
                0.0,
                0.0
            ]
        },
        {
            "name": "Land_Mil_Tent_Big2_1",
            "pos": [
                1355.639892578125,
                444.0,
                14571.19921875
            ],
            "ypr": [
                51.850196838378909,
                0.0,
                0.0
            ]
        },
        {
            "name": "Land_Mil_CamoNet_Roof_east",
            "pos": [
                1698.800048828125,
                455.5,
                14134.7001953125
            ],
            "ypr": [
                -107.99999237060547,
                0.0,
                0.0
            ]
        },
        {
            "name": "Land_Castle_WallS_10",
            "pos": [
                1698.0399169921876,
                453.0,
                14141.705078125
            ],
            "ypr": [
                -17.999900817871095,
                0.0,
                0.0
            ]
        },
        {
            "name": "Land_Castle_WallS_5_D",
            "pos": [
                1703.8302001953126,
                452.5,
                14136.3115234375
            ],
            "ypr": [
                72.00000762939453,
                0.0,
                0.0
            ]
        },
        {
            "name": "Land_Castle_WallS_10",
            "pos": [
                1355.93994140625,
                452.5,
                14578.099609375
            ],
            "ypr": [
                63.0,
                0.0,
                0.0
            ]
        },
        {
            "name": "Land_Castle_WallS_5_D",
            "pos": [
                1353.619873046875,
                452.5,
                14571.7998046875
            ],
            "ypr": [
                -27.0,
                0.0,
                0.0
            ]
        },
        {
            "name": "Land_Castle_WallS_End",
            "pos": [
                1346.800048828125,
                453.5,
                14572.7998046875
            ],
            "ypr": [
                -107.99999237060547,
                0.0,
                0.0
            ]
        },
        {
            "name": "Land_Castle_WallS_5_D",
            "pos": [
                1348.280029296875,
                452.5,
                14579.7998046875
            ],
            "ypr": [
                135.0,
                0.0,
                0.0
            ]
        },
        {
            "name": "BDUJacket",
            "pos": [
                1705.37939453125,
                453.2002868652344,
                14170.951171875
            ],
            "ypr": [
                0.0,
                -0.0,
                -0.0
            ]
        },
        {
            "name": "BDUPants",
            "pos": [
                1705.5869140625,
                453.2221984863281,
                14170.263671875
            ],
            "ypr": [
                0.0,
                -0.0,
                -0.0
            ]
        },
        {
            "name": "Land_Roadblock_Table",
            "pos": [
                1705.5731201171876,
                452.80450439453127,
                14170.203125
            ],
            "ypr": [
                -107.99996185302735,
                0.0,
                -0.0
            ]
        },
        {
            "name": "MilitaryBeret_ChDKZ",
            "pos": [
                1705.4300537109376,
                453.322998046875,
                14170.0
            ],
            "ypr": [
                -180.0,
                -90.0,
                -180.0
            ]
        },
        {
            "name": "AKM",
            "pos": [
                1705.9300537109376,
                453.4519958496094,
                14167.2001953125
            ],
            "ypr": [
                156.4259796142578,
                0.0,
                90.0
            ]
        },
        {
            "name": "Mag_AKM_Drum75Rnd",
            "pos": [
                1705.9918212890626,
                453.3606872558594,
                14169.5595703125
            ],
            "ypr": [
                0.0,
                -0.0,
                -0.0
            ]
        },
        {
            "name": "SmershBag",
            "pos": [
                1706.47998046875,
                453.47601318359377,
                14167.400390625
            ],
            "ypr": [
                157.99998474121095,
                0.0,
                0.0
            ]
        },
        {
            "name": "HighCapacityVest_Black",
            "pos": [
                1705.5299072265626,
                453.61700439453127,
                14171.798828125
            ],
            "ypr": [
                -19.999998092651368,
                0.0,
                -90.0
            ]
        },
        {
            "name": "MilitaryBoots_Black",
            "pos": [
                1705.62255859375,
                453.2149963378906,
                14169.4951171875
            ],
            "ypr": [
                -134.99990844726563,
                0.0,
                -0.0
            ]
        },
        {
            "name": "FangeKnife",
            "pos": [
                1705.68994140625,
                453.29998779296877,
                14169.80078125
            ],
            "ypr": [
                -180.0,
                90.0,
                89.99999237060547
            ]
        },
        {
            "name": "Canteen",
            "pos": [
                1702.43994140625,
                453.25,
                14168.5
            ],
            "ypr": [
                0.0,
                0.0,
                0.0
            ]
        },
        {
            "name": "Rice",
            "pos": [
                1702.010009765625,
                453.20001220703127,
                14168.2998046875
            ],
            "ypr": [
                0.0,
                0.0,
                0.0
            ]
        }
    ]
}