{
    "Objects": [
        {
            "name": "Dam_Concrete_20_Floodgate",
            "pos": [
                13156.7998046875,
                54.0,
                13635.0
            ],
            "ypr": [
                0.0,
                0.0,
                25.0
            ]
        },
        {
            "name": "Dam_Concrete_20_Floodgate",
            "pos": [
                13139.099609375,
                62.29999923706055,
                13635.099609375
            ],
            "ypr": [
                0.0,
                0.0,
                25.0
            ]
        },
        {
            "name": "Dam_Concrete_20_Floodgate",
            "pos": [
                13121.181640625,
                70.5999984741211,
                13635.1015625
            ],
            "ypr": [
                0.0,
                0.0,
                25.0
            ]
        },
        {
            "name": "Dam_Concrete_20_Floodgate",
            "pos": [
                13103.2841796875,
                78.9000015258789,
                13635.099609375
            ],
            "ypr": [
                0.0,
                0.0,
                25.0
            ]
        },
        {
            "name": "Dam_Concrete_20_Floodgate",
            "pos": [
                13088.2998046875,
                82.19999694824219,
                13635.099609375
            ],
            "ypr": [
                0.0,
                0.0,
                0.0
            ]
        },
        {
            "name": "Land_CementWorks_Hall2_Grey",
            "pos": [
                13064.7998046875,
                85.76599884033203,
                13629.599609375
            ],
            "ypr": [
                0.0,
                0.0,
                0.0
            ]
        },
        {
            "name": "Dam_Concrete_20_Floodgate",
            "pos": [
                13060.2998046875,
                68.0,
                13659.099609375
            ],
            "ypr": [
                90.0,
                0.0,
                -25.0
            ]
        },
        {
            "name": "Dam_Concrete_20_Floodgate",
            "pos": [
                13060.2998046875,
                60.0,
                13676.2998046875
            ],
            "ypr": [
                90.0,
                0.0,
                -25.0
            ]
        },
        {
            "name": "Dam_Concrete_20_Floodgate",
            "pos": [
                13060.30078125,
                52.0,
                13693.7060546875
            ],
            "ypr": [
                90.0,
                0.0,
                -25.0
            ]
        },
        {
            "name": "Dam_Concrete_20_Floodgate",
            "pos": [
                13060.2998046875,
                43.79999923706055,
                13711.5068359375
            ],
            "ypr": [
                90.0,
                0.0,
                -25.0
            ]
        },
        {
            "name": "Land_CementWorks_Hall2_Grey",
            "pos": [
                13042.7978515625,
                85.76599884033203,
                13629.517578125
            ],
            "ypr": [
                0.0,
                0.0,
                0.0
            ]
        }
    ]
}