{
    "Objects": [
        {
            "name": "Land_FuelStation_Build_Enoch",
            "pos": [
                11904.875,
                141.74266052246095,
                12463.94921875
            ],
            "ypr": [
                -157.47203063964845,
                0.0,
                0.0
            ]
        },
        {
            "name": "Land_FuelStation_Feed",
            "pos": [
                11920.435546875,
                141.30271911621095,
                12464.302734375
            ],
            "ypr": [
                22.5275821685791,
                0.0,
                0.0
            ]
        },
        {
            "name": "Land_FuelStation_Feed",
            "pos": [
                11918.400390625,
                141.30271911621095,
                12465.279296875
            ],
            "ypr": [
                22.5275821685791,
                0.0,
                0.0
            ]
        },
        {
            "name": "Land_Lunapark_Shooting_Gallery",
            "pos": [
                11919.96875,
                138.7027130126953,
                12465.4775390625
            ],
            "ypr": [
                112.52761840820313,
                0.0,
                0.0
            ]
        },
        {
            "name": "Land_FuelStation_Feed",
            "pos": [
                11923.23046875,
                141.30271911621095,
                12470.2412109375
            ],
            "ypr": [
                22.5275821685791,
                0.0,
                0.0
            ]
        },
        {
            "name": "Land_FuelStation_Feed",
            "pos": [
                11921.1953125,
                141.30271911621095,
                12471.22265625
            ],
            "ypr": [
                22.5275821685791,
                0.0,
                0.0
            ]
        },
        {
            "name": "Land_Lunapark_Shooting_Gallery",
            "pos": [
                11922.7587890625,
                138.7026824951172,
                12471.4189453125
            ],
            "ypr": [
                112.52761840820313,
                0.0,
                0.0
            ]
        },
        {
            "name": "Land_FuelStation_Feed",
            "pos": [
                11925.4951171875,
                141.30271911621095,
                12475.501953125
            ],
            "ypr": [
                22.5275821685791,
                0.0,
                0.0
            ]
        },
        {
            "name": "Land_FuelStation_Feed",
            "pos": [
                11923.458984375,
                141.30271911621095,
                12476.4765625
            ],
            "ypr": [
                22.5275821685791,
                0.0,
                0.0
            ]
        },
        {
            "name": "Land_Lunapark_Shooting_Gallery",
            "pos": [
                11925.0244140625,
                138.7027130126953,
                12476.67578125
            ],
            "ypr": [
                112.52761840820313,
                0.0,
                0.0
            ]
        },
        {
            "name": "Land_Ruin_Highway_Pillar1",
            "pos": [
                11924.9169921875,
                143.72267150878907,
                12469.041015625
            ],
            "ypr": [
                112.52760314941406,
                -90.0,
                -0.00010427406232338399
            ]
        },
        {
            "name": "Land_Ruin_Highway_Pillar1",
            "pos": [
                11918.8779296875,
                143.72267150878907,
                12471.7919921875
            ],
            "ypr": [
                112.52760314941406,
                -90.0,
                179.99989318847657
            ]
        },
        {
            "name": "Land_Tank_Medium_Stairs",
            "pos": [
                11925.3603515625,
                141.7664031982422,
                12477.8623046875
            ],
            "ypr": [
                -157.47206115722657,
                0.0,
                0.0
            ]
        },
        {
            "name": "Land_Tank_Medium_Stairs",
            "pos": [
                11918.611328125,
                141.7683868408203,
                12462.6201171875
            ],
            "ypr": [
                22.527633666992189,
                0.06478698551654816,
                0.0647871121764183
            ]
        },
        {
            "name": "Land_Power_Pole_Conc1_Amp",
            "pos": [
                11927.20703125,
                143.9426727294922,
                12474.58203125
            ],
            "ypr": [
                67.52745819091797,
                0.0,
                0.0
            ]
        },
        {
            "name": "Land_Power_Pole_Conc1_Amp",
            "pos": [
                11924.8662109375,
                143.9426727294922,
                12469.203125
            ],
            "ypr": [
                67.52745819091797,
                0.0,
                0.0
            ]
        },
        {
            "name": "Land_Power_Pole_Conc1_Amp",
            "pos": [
                11922.1748046875,
                143.9426727294922,
                12463.3076171875
            ],
            "ypr": [
                67.52745819091797,
                0.0,
                0.0
            ]
        },
        {
            "name": "Land_Power_Pole_Conc1_Amp",
            "pos": [
                11916.572265625,
                143.9426727294922,
                12465.9541015625
            ],
            "ypr": [
                67.52745819091797,
                0.09162258356809616,
                0.0
            ]
        },
        {
            "name": "Land_Power_Pole_Conc1_Amp",
            "pos": [
                11919.4521484375,
                143.9426727294922,
                12471.916015625
            ],
            "ypr": [
                67.52745819091797,
                -0.09162258356809616,
                0.0
            ]
        },
        {
            "name": "Land_Power_Pole_Conc1_Amp",
            "pos": [
                11921.7109375,
                143.9426727294922,
                12477.22265625
            ],
            "ypr": [
                67.52745819091797,
                0.0,
                0.0
            ]
        },
        {
            "name": "Land_Ruin_Highway_Pillar1",
            "pos": [
                11924.9169921875,
                135.02267456054688,
                12469.041015625
            ],
            "ypr": [
                112.52760314941406,
                -90.0,
                -0.00009061369200935587
            ]
        },
        {
            "name": "Land_Ruin_Highway_Pillar1",
            "pos": [
                11918.8779296875,
                135.02267456054688,
                12471.7919921875
            ],
            "ypr": [
                112.52760314941406,
                -90.0,
                179.99990844726563
            ]
        }
    ]
}