{
    "Objects": [
        {
            "name": "Land_Castle_Wall1_20",
            "pos": [
                1554.53662109375,
                443.00250244140627,
                15102.7138671875
            ],
            "ypr": [
                127.04939270019531,
                0.0,
                0.0
            ]
        },
        {
            "name": "Land_Castle_Wall1_20",
            "pos": [
                1542.0882568359376,
                443.00250244140627,
                15086.388671875
            ],
            "ypr": [
                127.04923248291016,
                0.0,
                0.0
            ]
        },
        {
            "name": "Land_Castle_Wall1_20",
            "pos": [
                1531.1451416015626,
                443.00250244140627,
                15071.5146484375
            ],
            "ypr": [
                127.04923248291016,
                0.0,
                0.0
            ]
        },
        {
            "name": "Land_Castle_Wall1_20",
            "pos": [
                1554.21533203125,
                444.63250732421877,
                15104.1943359375
            ],
            "ypr": [
                -52.94939422607422,
                0.0,
                0.0
            ]
        },
        {
            "name": "Land_Castle_Wall1_20",
            "pos": [
                1541.621337890625,
                444.63250732421877,
                15087.8447265625
            ],
            "ypr": [
                -52.94939422607422,
                0.0,
                0.0
            ]
        },
        {
            "name": "Land_Castle_Wall1_20",
            "pos": [
                1529.4549560546876,
                444.63250732421877,
                15071.3896484375
            ],
            "ypr": [
                -52.94939422607422,
                0.0,
                0.0
            ]
        },
        {
            "name": "Land_CementWorks_ExpeditionB",
            "pos": [
                1531.9595947265626,
                450.00250244140627,
                15073.9736328125
            ],
            "ypr": [
                -52.94939422607422,
                0.0,
                0.0
            ]
        },
        {
            "name": "Land_CementWorks_ExpeditionB",
            "pos": [
                1549.552978515625,
                450.00250244140627,
                15097.27734375
            ],
            "ypr": [
                -52.94939422607422,
                0.0,
                0.0
            ]
        },
        {
            "name": "Land_Castle_Stairs",
            "pos": [
                1532.030029296875,
                444.302001953125,
                15059.0
            ],
            "ypr": [
                -142.948974609375,
                0.0,
                0.0
            ]
        },
        {
            "name": "Land_Castle_Bergfrit",
            "pos": [
                1521.8638916015626,
                454.4024963378906,
                15058.0595703125
            ],
            "ypr": [
                127.04924011230469,
                2.8193588256835939,
                -0.9918590188026428
            ]
        },
        {
            "name": "Land_Castle_Wall1_20",
            "pos": [
                1592.2132568359376,
                443.00250244140627,
                15152.451171875
            ],
            "ypr": [
                127.04939270019531,
                0.0,
                0.0
            ]
        },
        {
            "name": "Land_Castle_Wall1_20",
            "pos": [
                1579.5517578125,
                443.00250244140627,
                15136.0185546875
            ],
            "ypr": [
                127.04923248291016,
                0.0,
                0.0
            ]
        },
        {
            "name": "Land_Castle_Wall1_20",
            "pos": [
                1566.977294921875,
                443.00250244140627,
                15119.3662109375
            ],
            "ypr": [
                127.04939270019531,
                0.0,
                0.0
            ]
        },
        {
            "name": "Land_Castle_Wall1_20",
            "pos": [
                1591.3558349609376,
                444.50250244140627,
                15153.322265625
            ],
            "ypr": [
                -52.94939422607422,
                0.0,
                0.0
            ]
        },
        {
            "name": "Land_Castle_Wall1_20",
            "pos": [
                1578.724609375,
                444.63250732421877,
                15136.9912109375
            ],
            "ypr": [
                -52.94939422607422,
                0.0,
                0.0
            ]
        },
        {
            "name": "Land_Castle_Wall1_20",
            "pos": [
                1566.5357666015626,
                444.63250732421877,
                15120.552734375
            ],
            "ypr": [
                -52.94939422607422,
                0.0,
                0.0
            ]
        },
        {
            "name": "Land_CementWorks_ExpeditionB",
            "pos": [
                1567.1324462890626,
                450.00250244140627,
                15120.5673828125
            ],
            "ypr": [
                -52.94939422607422,
                0.0,
                0.0
            ]
        },
        {
            "name": "Land_CementWorks_ExpeditionB",
            "pos": [
                1584.6124267578126,
                450.00250244140627,
                15143.712890625
            ],
            "ypr": [
                -52.94939422607422,
                0.0,
                0.0
            ]
        },
        {
            "name": "Land_Castle_Bergfrit",
            "pos": [
                1600.654052734375,
                454.4024963378906,
                15165.291015625
            ],
            "ypr": [
                -52.94939422607422,
                0.0,
                0.0
            ]
        },
        {
            "name": "Land_CementWorks_ExpeditionB",
            "pos": [
                1588.8463134765626,
                450.00250244140627,
                15149.2841796875
            ],
            "ypr": [
                -52.94939422607422,
                0.0,
                0.0
            ]
        },
        {
            "name": "Land_Castle_Wall1_20",
            "pos": [
                1535.887451171875,
                444.63250732421877,
                15047.2548828125
            ],
            "ypr": [
                -142.9493865966797,
                0.0,
                0.0
            ]
        },
        {
            "name": "Land_Castle_Wall1_20",
            "pos": [
                1551.86962890625,
                444.63250732421877,
                15035.193359375
            ],
            "ypr": [
                -142.9493865966797,
                0.0,
                0.0
            ]
        },
        {
            "name": "Land_Castle_Wall1_20",
            "pos": [
                1567.8511962890626,
                444.63250732421877,
                15023.1318359375
            ],
            "ypr": [
                -142.9493865966797,
                0.0,
                0.0
            ]
        },
        {
            "name": "Land_Castle_Wall1_20",
            "pos": [
                1583.8302001953126,
                444.63250732421877,
                15011.0673828125
            ],
            "ypr": [
                -142.9493865966797,
                0.0,
                0.0
            ]
        },
        {
            "name": "Land_Castle_Wall1_20",
            "pos": [
                1599.815185546875,
                444.63250732421877,
                14999.01171875
            ],
            "ypr": [
                -142.9493865966797,
                0.0,
                0.0
            ]
        },
        {
            "name": "Land_Castle_Wall1_20",
            "pos": [
                1615.78076171875,
                444.63250732421877,
                14986.9384765625
            ],
            "ypr": [
                -142.9493865966797,
                0.0,
                0.0
            ]
        },
        {
            "name": "Land_Castle_Wall1_20",
            "pos": [
                1536.8555908203126,
                443.63250732421877,
                15048.5361328125
            ],
            "ypr": [
                37.049896240234378,
                0.0,
                0.0
            ]
        },
        {
            "name": "Land_Castle_Wall1_20",
            "pos": [
                1552.8365478515626,
                443.63250732421877,
                15036.4697265625
            ],
            "ypr": [
                37.049896240234378,
                0.0,
                0.0
            ]
        },
        {
            "name": "Land_Castle_Wall1_20",
            "pos": [
                1568.81298828125,
                443.63250732421877,
                15024.40625
            ],
            "ypr": [
                37.049896240234378,
                0.0,
                0.0
            ]
        },
        {
            "name": "Land_Castle_Wall1_20",
            "pos": [
                1584.7955322265626,
                443.63250732421877,
                15012.34765625
            ],
            "ypr": [
                37.049896240234378,
                0.0,
                0.0
            ]
        },
        {
            "name": "Land_Castle_Wall1_20",
            "pos": [
                1600.7724609375,
                443.63250732421877,
                15000.2861328125
            ],
            "ypr": [
                37.049896240234378,
                0.0,
                0.0
            ]
        },
        {
            "name": "Land_Castle_Wall1_20",
            "pos": [
                1613.25,
                443.63299560546877,
                14990.900390625
            ],
            "ypr": [
                37.049896240234378,
                0.0,
                0.0
            ]
        },
        {
            "name": "Land_CementWorks_ExpeditionB",
            "pos": [
                1540.077880859375,
                450.00250244140627,
                15045.80078125
            ],
            "ypr": [
                37.049896240234378,
                0.0,
                0.0
            ]
        },
        {
            "name": "Land_CementWorks_ExpeditionB",
            "pos": [
                1563.289306640625,
                450.00250244140627,
                15028.2734375
            ],
            "ypr": [
                37.049896240234378,
                0.0,
                0.0
            ]
        },
        {
            "name": "Land_CementWorks_ExpeditionB",
            "pos": [
                1586.5001220703126,
                450.00250244140627,
                15010.7490234375
            ],
            "ypr": [
                37.049896240234378,
                0.0,
                0.0
            ]
        },
        {
            "name": "Land_CementWorks_ExpeditionB",
            "pos": [
                1609.72021484375,
                450.00250244140627,
                14993.2275390625
            ],
            "ypr": [
                37.049896240234378,
                0.0,
                0.0
            ]
        },
        {
            "name": "Land_Castle_Stairs",
            "pos": [
                1626.293212890625,
                444.9163818359375,
                14991.3212890625
            ],
            "ypr": [
                127.04928588867188,
                -2.1868536472320558,
                2.64796781539917
            ]
        },
        {
            "name": "Land_Castle_Bergfrit",
            "pos": [
                1627.81103515625,
                454.4024963378906,
                14980.1455078125
            ],
            "ypr": [
                37.049896240234378,
                0.0,
                0.0
            ]
        },
        {
            "name": "Land_Castle_Wall1_20",
            "pos": [
                1615.8194580078126,
                442.9466247558594,
                15153.76953125
            ],
            "ypr": [
                -142.9493865966797,
                0.0,
                0.0
            ]
        },
        {
            "name": "Land_Castle_Wall1_20",
            "pos": [
                1630.4481201171876,
                442.9466247558594,
                15142.7255859375
            ],
            "ypr": [
                -142.9493865966797,
                0.0,
                0.0
            ]
        },
        {
            "name": "Land_Castle_Wall1_20",
            "pos": [
                1646.42431640625,
                442.9466247558594,
                15130.66015625
            ],
            "ypr": [
                -142.9493865966797,
                0.0,
                0.0
            ]
        },
        {
            "name": "Land_Castle_Wall1_20",
            "pos": [
                1662.404541015625,
                442.9466247558594,
                15118.599609375
            ],
            "ypr": [
                -142.9493865966797,
                0.0,
                0.0
            ]
        },
        {
            "name": "Land_Castle_Wall1_20",
            "pos": [
                1678.3868408203126,
                442.9466247558594,
                15106.53125
            ],
            "ypr": [
                -142.9493865966797,
                0.0,
                0.0
            ]
        },
        {
            "name": "Land_Castle_Wall1_20",
            "pos": [
                1690.865966796875,
                442.9466247558594,
                15097.111328125
            ],
            "ypr": [
                -142.9493865966797,
                0.0,
                0.0
            ]
        },
        {
            "name": "Land_Castle_Wall1_20",
            "pos": [
                1615.0511474609376,
                443.9466247558594,
                15155.7275390625
            ],
            "ypr": [
                37.049896240234378,
                0.0,
                0.0
            ]
        },
        {
            "name": "Land_Castle_Wall1_20",
            "pos": [
                1631.1134033203126,
                443.9466247558594,
                15143.60546875
            ],
            "ypr": [
                37.049896240234378,
                0.0,
                0.0
            ]
        },
        {
            "name": "Land_Castle_Wall1_20",
            "pos": [
                1647.085205078125,
                443.9466247558594,
                15131.5361328125
            ],
            "ypr": [
                37.049896240234378,
                0.0,
                0.0
            ]
        },
        {
            "name": "Land_Castle_Wall1_20",
            "pos": [
                1663.0697021484376,
                443.9466247558594,
                15119.4697265625
            ],
            "ypr": [
                37.049896240234378,
                0.0,
                0.0
            ]
        },
        {
            "name": "Land_Castle_Wall1_20",
            "pos": [
                1679.0513916015626,
                443.9466247558594,
                15107.4111328125
            ],
            "ypr": [
                37.049896240234378,
                0.0,
                0.0
            ]
        },
        {
            "name": "Land_Castle_Wall1_20",
            "pos": [
                1695.0224609375,
                443.9466247558594,
                15095.3505859375
            ],
            "ypr": [
                37.049896240234378,
                0.0,
                0.0
            ]
        },
        {
            "name": "Land_CementWorks_ExpeditionB",
            "pos": [
                1619.9027099609376,
                449.3164978027344,
                15151.759765625
            ],
            "ypr": [
                37.049896240234378,
                0.0,
                0.0
            ]
        },
        {
            "name": "Land_CementWorks_ExpeditionB",
            "pos": [
                1643.209228515625,
                449.3164978027344,
                15134.173828125
            ],
            "ypr": [
                37.049896240234378,
                0.0,
                0.0
            ]
        },
        {
            "name": "Land_CementWorks_ExpeditionB",
            "pos": [
                1666.432861328125,
                449.3164978027344,
                15116.6328125
            ],
            "ypr": [
                37.049896240234378,
                0.0,
                0.0
            ]
        },
        {
            "name": "Land_CementWorks_ExpeditionB",
            "pos": [
                1689.658447265625,
                449.3164978027344,
                15099.0947265625
            ],
            "ypr": [
                37.049896240234378,
                0.0,
                0.0
            ]
        },
        {
            "name": "Land_Castle_Wall1_20",
            "pos": [
                1659.001953125,
                443.64630126953127,
                15020.646484375
            ],
            "ypr": [
                127.04939270019531,
                0.0,
                0.0
            ]
        },
        {
            "name": "Land_Castle_Wall1_20",
            "pos": [
                1650.4019775390626,
                443.64630126953127,
                15009.4287109375
            ],
            "ypr": [
                127.04923248291016,
                0.0,
                0.0
            ]
        },
        {
            "name": "Land_Castle_Wall1_20",
            "pos": [
                1638.843994140625,
                443.6465148925781,
                14993.76953125
            ],
            "ypr": [
                127.04923248291016,
                0.0,
                0.0
            ]
        },
        {
            "name": "Land_Castle_Wall1_20",
            "pos": [
                1658.6300048828126,
                443.00299072265627,
                15021.2001953125
            ],
            "ypr": [
                -52.94940185546875,
                2.8208096027374269,
                0.2288939505815506
            ]
        },
        {
            "name": "Land_Castle_Wall1_20",
            "pos": [
                1650.6492919921876,
                443.27630615234377,
                15010.3349609375
            ],
            "ypr": [
                -52.94939422607422,
                0.0,
                0.0
            ]
        },
        {
            "name": "Land_Castle_Wall1_20",
            "pos": [
                1638.48583984375,
                443.27630615234377,
                14993.8837890625
            ],
            "ypr": [
                -52.94939422607422,
                0.0,
                0.0
            ]
        },
        {
            "name": "Land_CementWorks_ExpeditionB",
            "pos": [
                1640.282470703125,
                449.6465148925781,
                14997.0068359375
            ],
            "ypr": [
                -52.94939422607422,
                0.0,
                0.0
            ]
        },
        {
            "name": "Land_CementWorks_ExpeditionB",
            "pos": [
                1657.880615234375,
                449.6465148925781,
                15020.310546875
            ],
            "ypr": [
                -52.94939422607422,
                0.0,
                0.0
            ]
        },
        {
            "name": "Land_Castle_Wall1_20",
            "pos": [
                1700.52587890625,
                443.64630126953127,
                15075.4892578125
            ],
            "ypr": [
                127.04939270019531,
                0.0,
                0.0
            ]
        },
        {
            "name": "Land_Castle_Wall1_20",
            "pos": [
                1687.8665771484376,
                443.64630126953127,
                15059.056640625
            ],
            "ypr": [
                127.04923248291016,
                0.0,
                0.0
            ]
        },
        {
            "name": "Land_Castle_Wall1_20",
            "pos": [
                1675.896728515625,
                443.64630126953127,
                15043.2001953125
            ],
            "ypr": [
                127.04939270019531,
                0.0,
                0.0
            ]
        },
        {
            "name": "Land_Castle_Wall1_20",
            "pos": [
                1697.5203857421876,
                443.00250244140627,
                15073.4853515625
            ],
            "ypr": [
                -52.94939422607422,
                0.0,
                0.0
            ]
        },
        {
            "name": "Land_Castle_Wall1_20",
            "pos": [
                1687.043212890625,
                443.27630615234377,
                15060.0302734375
            ],
            "ypr": [
                -52.94939422607422,
                0.0,
                0.0
            ]
        },
        {
            "name": "Land_Castle_Wall1_20",
            "pos": [
                1674.8447265625,
                443.27630615234377,
                15043.5859375
            ],
            "ypr": [
                -52.94939422607422,
                0.0,
                0.0
            ]
        },
        {
            "name": "Land_CementWorks_ExpeditionB",
            "pos": [
                1675.6436767578126,
                449.6465148925781,
                15043.8369140625
            ],
            "ypr": [
                -52.94939422607422,
                0.0,
                0.0
            ]
        },
        {
            "name": "Land_CementWorks_ExpeditionB",
            "pos": [
                1692.9322509765626,
                449.6465148925781,
                15066.744140625
            ],
            "ypr": [
                -52.94939422607422,
                0.0,
                0.0
            ]
        },
        {
            "name": "Land_CementWorks_ExpeditionB",
            "pos": [
                1695.346435546875,
                449.6465148925781,
                15069.9365234375
            ],
            "ypr": [
                -52.94939422607422,
                0.0,
                0.0
            ]
        },
        {
            "name": "Land_Castle_Bergfrit",
            "pos": [
                1706.634033203125,
                454.4024963378906,
                15085.546875
            ],
            "ypr": [
                -52.84545135498047,
                0.0,
                0.0
            ]
        },
        {
            "name": "Land_Castle_Stairs",
            "pos": [
                1691.5137939453126,
                443.7025146484375,
                15092.521484375
            ],
            "ypr": [
                37.049896240234378,
                0.0,
                0.0
            ]
        },
        {
            "name": "Land_Castle_Gate",
            "pos": [
                1669.1097412109376,
                445.4469909667969,
                15031.6015625
            ],
            "ypr": [
                127.04998016357422,
                0.0,
                0.0
            ]
        },
        {
            "name": "Land_Castle_Stairs",
            "pos": [
                1635.443115234375,
                444.7025146484375,
                14995.56640625
            ],
            "ypr": [
                127.04923248291016,
                -1.7543662786483765,
                2.289669990539551
            ]
        },
        {
            "name": "Land_Castle_Stairs",
            "pos": [
                1602.795654296875,
                443.802490234375,
                15153.6513671875
            ],
            "ypr": [
                -52.9774055480957,
                1.52649986743927,
                -0.8408460021018982
            ]
        },
        {
            "name": "Land_Castle_Stairs",
            "pos": [
                1532.3902587890626,
                438.20001220703127,
                15069.3984375
            ],
            "ypr": [
                130.0,
                0.0,
                0.0
            ]
        },
        {
            "name": "Land_Castle_Stairs",
            "pos": [
                1542.4300537109376,
                433.0,
                15062.7998046875
            ],
            "ypr": [
                -142.89996337890626,
                -2.0123097896575929,
                5.441999435424805
            ]
        },
        {
            "name": "Land_Castle_Bergfrit",
            "pos": [
                1665.60986328125,
                445.614013671875,
                15015.4013671875
            ],
            "ypr": [
                127.04998016357422,
                0.0,
                0.0
            ]
        },
        {
            "name": "Land_Castle_Bergfrit",
            "pos": [
                1683.3499755859376,
                445.89300537109377,
                15038.7001953125
            ],
            "ypr": [
                -53.0,
                0.0,
                0.0
            ]
        },
        {
            "name": "Land_Castle_Gate",
            "pos": [
                1680.550048828125,
                444.5,
                15022.2001953125
            ],
            "ypr": [
                127.04998016357422,
                0.0,
                0.0
            ]
        },
        {
            "name": "Land_Castle_Wall1_20",
            "pos": [
                1674.81982421875,
                449.5,
                15026.2021484375
            ],
            "ypr": [
                127.0,
                85.00008392333985,
                179.99996948242188
            ]
        },
        {
            "name": "Land_Castle_Bergfrit",
            "pos": [
                1665.239990234375,
                442.0,
                14973.515625
            ],
            "ypr": [
                124.99998474121094,
                -18.0,
                59.99999237060547
            ]
        },
        {
            "name": "Land_Castle_Wall1_End1",
            "pos": [
                1653.1400146484376,
                444.0,
                14955.099609375
            ],
            "ypr": [
                179.99996948242188,
                -6.102569103240967,
                -3.338169574737549
            ]
        },
        {
            "name": "Land_Castle_Wall1_End1_nolc",
            "pos": [
                1670.9761962890626,
                446.58404541015627,
                14959.9423828125
            ],
            "ypr": [
                -35.999977111816409,
                6.643038749694824,
                0.19266816973686219
            ]
        },
        {
            "name": "Land_Ruin_Church2",
            "pos": [
                1653.5899658203126,
                445.0,
                14968.7998046875
            ],
            "ypr": [
                0.0,
                5.737189769744873,
                2.8855597972869875
            ]
        },
        {
            "name": "Land_Castle_Bergfrit",
            "pos": [
                1563.8482666015626,
                447.10113525390627,
                15075.609375
            ],
            "ypr": [
                126.88420867919922,
                0.0,
                0.0
            ]
        },
        {
            "name": "Land_Castle_Bergfrit",
            "pos": [
                1594.8314208984376,
                448.60113525390627,
                15116.904296875
            ],
            "ypr": [
                -53.11357498168945,
                0.0,
                0.0
            ]
        },
        {
            "name": "Land_Castle_Wall1_20",
            "pos": [
                1569.797119140625,
                446.0011291503906,
                15090.54296875
            ],
            "ypr": [
                -53.11357498168945,
                0.0,
                0.0
            ]
        },
        {
            "name": "Land_Castle_Wall1_20",
            "pos": [
                1582.0374755859376,
                446.0011291503906,
                15106.8369140625
            ],
            "ypr": [
                -53.11357498168945,
                0.0,
                0.0
            ]
        },
        {
            "name": "Land_Castle_Wall1_20",
            "pos": [
                1576.7799072265626,
                447.0031433105469,
                15063.8427734375
            ],
            "ypr": [
                -143.11395263671876,
                0.0,
                0.0
            ]
        },
        {
            "name": "Land_Castle_Wall1_20",
            "pos": [
                1592.798095703125,
                447.0031433105469,
                15051.826171875
            ],
            "ypr": [
                -143.11395263671876,
                0.0,
                0.0
            ]
        },
        {
            "name": "Land_Castle_Wall1_20",
            "pos": [
                1610.5791015625,
                447.0501403808594,
                15109.06640625
            ],
            "ypr": [
                36.885597229003909,
                0.0,
                0.0
            ]
        },
        {
            "name": "Land_Castle_Wall1_20",
            "pos": [
                1627.138916015625,
                447.0501403808594,
                15096.63671875
            ],
            "ypr": [
                36.885597229003909,
                0.0,
                0.0
            ]
        },
        {
            "name": "Land_Castle_Bergfrit",
            "pos": [
                1639.3499755859376,
                447.4110107421875,
                15084.2998046875
            ],
            "ypr": [
                -53.11360549926758,
                0.0,
                0.0
            ]
        },
        {
            "name": "Land_Castle_Bergfrit",
            "pos": [
                1608.50732421875,
                447.0371398925781,
                15043.806640625
            ],
            "ypr": [
                126.88420867919922,
                0.0,
                0.0
            ]
        },
        {
            "name": "Land_Castle_Wall1_20",
            "pos": [
                1618.527099609375,
                446.33514404296877,
                15049.28515625
            ],
            "ypr": [
                126.88394927978516,
                0.0,
                0.0
            ]
        },
        {
            "name": "Land_Castle_Wall1_20",
            "pos": [
                1636.8287353515626,
                446.33514404296877,
                15073.6728515625
            ],
            "ypr": [
                126.88394927978516,
                0.0,
                0.0
            ]
        },
        {
            "name": "Land_Castle_Gate",
            "pos": [
                1629.260009765625,
                448.10101318359377,
                15060.599609375
            ],
            "ypr": [
                -53.0,
                0.0,
                0.0
            ]
        },
        {
            "name": "Land_Castle_Wall1_20",
            "pos": [
                1575.4019775390626,
                452.10113525390627,
                15085.9638671875
            ],
            "ypr": [
                -53.11455154418945,
                90.0,
                179.99989318847657
            ]
        },
        {
            "name": "Land_Castle_Wall1_20",
            "pos": [
                1587.82177734375,
                452.10113525390627,
                15102.51171875
            ],
            "ypr": [
                126.8853988647461,
                90.0,
                -0.00010427406232338399
            ]
        },
        {
            "name": "Land_Castle_Wall1_20",
            "pos": [
                1581.5445556640626,
                452.10113525390627,
                15070.1435546875
            ],
            "ypr": [
                36.88575744628906,
                90.0,
                0.00010427406232338399
            ]
        },
        {
            "name": "Land_Castle_Wall1_20",
            "pos": [
                1597.6453857421876,
                452.10113525390627,
                15058.064453125
            ],
            "ypr": [
                -143.11410522460938,
                90.0,
                -179.99989318847657
            ]
        },
        {
            "name": "Land_Castle_Wall1_20",
            "pos": [
                1606.1038818359376,
                452.10113525390627,
                15103.0458984375
            ],
            "ypr": [
                -143.11410522460938,
                90.0,
                0.00010427406232338399
            ]
        },
        {
            "name": "Land_Castle_Wall1_20",
            "pos": [
                1622.3529052734376,
                452.10113525390627,
                15090.8388671875
            ],
            "ypr": [
                36.88575744628906,
                90.0,
                -179.99989318847657
            ]
        },
        {
            "name": "Land_Castle_Wall1_20",
            "pos": [
                1615.227294921875,
                452.10113525390627,
                15058.0087890625
            ],
            "ypr": [
                -53.11455154418945,
                90.0,
                0.00010427406232338399
            ]
        },
        {
            "name": "Land_Castle_Wall1_20",
            "pos": [
                1627.3514404296876,
                452.10113525390627,
                15074.162109375
            ],
            "ypr": [
                126.8853988647461,
                90.0,
                -179.99989318847657
            ]
        },
        {
            "name": "Land_Castle_Wall1_20",
            "pos": [
                1613.809814453125,
                452.10113525390627,
                15084.3203125
            ],
            "ypr": [
                126.8853988647461,
                90.0,
                0.00010427406232338399
            ]
        },
        {
            "name": "Land_Castle_Wall1_20",
            "pos": [
                1602.1302490234376,
                452.10113525390627,
                15068.591796875
            ],
            "ypr": [
                -53.11455154418945,
                90.0,
                179.99989318847657
            ]
        },
        {
            "name": "Land_Castle_Stairs",
            "pos": [
                1593.1500244140626,
                447.0,
                15090.900390625
            ],
            "ypr": [
                -53.11360549926758,
                0.0,
                0.0
            ]
        },
        {
            "name": "Land_Castle_Wall1_20",
            "pos": [
                1591.1436767578126,
                452.10113525390627,
                15082.9443359375
            ],
            "ypr": [
                -143.11410522460938,
                90.0,
                0.00010427406232338399
            ]
        },
        {
            "name": "Land_Castle_Wall1_20",
            "pos": [
                1603.67138671875,
                452.10113525390627,
                15085.033203125
            ],
            "ypr": [
                36.88575744628906,
                90.0,
                -179.99989318847657
            ]
        },
        {
            "name": "Land_Church3",
            "pos": [
                1606.2144775390626,
                469.10113525390627,
                15078.8681640625
            ],
            "ypr": [
                -143.11395263671876,
                0.0,
                0.0
            ]
        },
        {
            "name": "Land_Castle_Stairs",
            "pos": [
                1570.7799072265626,
                437.0,
                15088.0009765625
            ],
            "ypr": [
                127.0,
                0.0,
                0.0
            ]
        },
        {
            "name": "Land_Castle_Stairs",
            "pos": [
                1588.1700439453126,
                438.70001220703127,
                15105.5
            ],
            "ypr": [
                -53.0,
                0.0,
                0.0
            ]
        },
        {
            "name": "Land_Mil_Barracks1",
            "pos": [
                1602.4990234375,
                446.0,
                15057.9873046875
            ],
            "ypr": [
                -53.0,
                0.0,
                0.0
            ]
        },
        {
            "name": "Land_Mil_Barracks1",
            "pos": [
                1593.3990478515626,
                445.5,
                15064.787109375
            ],
            "ypr": [
                -53.0,
                0.0,
                0.0
            ]
        },
        {
            "name": "Land_Mil_Barracks1",
            "pos": [
                1583.5989990234376,
                445.0,
                15071.8876953125
            ],
            "ypr": [
                -53.0,
                0.0,
                0.0
            ]
        },
        {
            "name": "Land_Mil_Barracks3",
            "pos": [
                1585.4884033203126,
                444.5,
                15094.3984375
            ],
            "ypr": [
                -54.00009536743164,
                0.0,
                0.0
            ]
        },
        {
            "name": "Land_FuelStation_Feed",
            "pos": [
                1593.0994873046876,
                443.1499938964844,
                15099.89453125
            ],
            "ypr": [
                35.999996185302737,
                0.0,
                0.0
            ]
        },
        {
            "name": "Land_Mil_Barracks_Round",
            "pos": [
                1601.7900390625,
                444.0,
                15105.599609375
            ],
            "ypr": [
                35.0,
                0.0,
                0.0
            ]
        },
        {
            "name": "Land_Mil_Barracks_Round",
            "pos": [
                1608.8900146484376,
                444.5,
                15100.2998046875
            ],
            "ypr": [
                35.0,
                0.0,
                0.0
            ]
        },
        {
            "name": "Land_Mil_Barracks_Round",
            "pos": [
                1614.989990234375,
                445.0,
                15096.099609375
            ],
            "ypr": [
                35.0,
                0.0,
                0.0
            ]
        },
        {
            "name": "Land_Mil_Barracks_Round",
            "pos": [
                1621.489990234375,
                445.5,
                15091.7001953125
            ],
            "ypr": [
                35.0,
                0.0,
                0.0
            ]
        },
        {
            "name": "Land_Mil_Guardhouse1",
            "pos": [
                1625.0198974609376,
                447.0,
                15073.5
            ],
            "ypr": [
                39.999996185302737,
                0.0,
                0.0
            ]
        },
        {
            "name": "Land_Wall_Gate_Camp",
            "pos": [
                1684.81005859375,
                443.0,
                15019.099609375
            ],
            "ypr": [
                -53.999996185302737,
                0.0,
                0.0
            ]
        },
        {
            "name": "Land_Construction_House1",
            "pos": [
                1616.0701904296876,
                446.0,
                14998.1083984375
            ],
            "ypr": [
                -53.0,
                0.0,
                0.0
            ]
        },
        {
            "name": "Land_Construction_House2",
            "pos": [
                1600.68994140625,
                447.0,
                15013.400390625
            ],
            "ypr": [
                -53.0,
                0.0,
                0.0
            ]
        },
        {
            "name": "Land_Village_Pub",
            "pos": [
                1631.1500244140626,
                447.5,
                15014.7998046875
            ],
            "ypr": [
                36.999996185302737,
                0.0,
                0.0
            ]
        },
        {
            "name": "Land_Castle_Bastion",
            "pos": [
                1644.969970703125,
                440.0,
                15048.599609375
            ],
            "ypr": [
                127.0,
                0.0,
                0.0
            ]
        },
        {
            "name": "Land_House_1W03",
            "pos": [
                1678.340087890625,
                448.0,
                15098.396484375
            ],
            "ypr": [
                127.0,
                0.0,
                0.0
            ]
        },
        {
            "name": "Land_House_1W12_Brown",
            "pos": [
                1659.1600341796876,
                447.70001220703127,
                15107.599609375
            ],
            "ypr": [
                -53.0,
                0.0,
                0.0
            ]
        },
        {
            "name": "Land_Camp_House_brown",
            "pos": [
                1659.68994140625,
                448.0,
                15085.7001953125
            ],
            "ypr": [
                -140.99998474121095,
                0.0,
                0.0
            ]
        },
        {
            "name": "Land_Camp_House_brown",
            "pos": [
                1666.9881591796876,
                448.0,
                15079.7236328125
            ],
            "ypr": [
                -140.99996948242188,
                0.0,
                0.0
            ]
        },
        {
            "name": "Land_Camp_House_brown",
            "pos": [
                1674.5863037109376,
                448.0,
                15073.6474609375
            ],
            "ypr": [
                -140.9999542236328,
                0.0,
                0.0
            ]
        },
        {
            "name": "Land_House_2W03_Brown",
            "pos": [
                1643.300048828125,
                450.0,
                15120.693359375
            ],
            "ypr": [
                36.999996185302737,
                0.0,
                0.0
            ]
        },
        {
            "name": "Land_House_2W03_Brown",
            "pos": [
                1624.4000244140626,
                448.79998779296877,
                15134.7998046875
            ],
            "ypr": [
                36.999996185302737,
                0.0,
                0.0
            ]
        },
        {
            "name": "Land_House_1B01_Pub",
            "pos": [
                1578.9000244140626,
                445.5,
                15030.400390625
            ],
            "ypr": [
                127.0,
                0.0,
                0.0
            ]
        },
        {
            "name": "Land_House_2B03",
            "pos": [
                1561.030029296875,
                446.70001220703127,
                15049.599609375
            ],
            "ypr": [
                -142.99998474121095,
                0.0,
                0.0
            ]
        },
        {
            "name": "Land_Misc_Well_Pump_Blue",
            "pos": [
                1646.010009765625,
                445.5,
                15047.5
            ],
            "ypr": [
                0.0,
                0.0,
                0.0
            ]
        }
    ]
}