{
    "Objects": [
        {
            "name": "Land_Castle_Gate",
            "pos": [
                12127.7001953125,
                144.0,
                12523.7998046875
            ],
            "ypr": [
                19.999996185302736,
                0.0,
                0.0
            ]
        },
        {
            "name": "Land_Castle_Bergfrit",
            "pos": [
                12110.7998046875,
                143.0,
                12526.900390625
            ],
            "ypr": [
                109.99999237060547,
                0.0,
                0.0
            ]
        },
        {
            "name": "Land_Castle_Bergfrit",
            "pos": [
                12142.400390625,
                143.0,
                12515.7001953125
            ],
            "ypr": [
                109.99999237060547,
                0.0,
                0.0
            ]
        },
        {
            "name": "Land_Castle_Wall1_20",
            "pos": [
                12159.599609375,
                148.593994140625,
                12512.7998046875
            ],
            "ypr": [
                -159.99998474121095,
                0.0,
                0.0
            ]
        },
        {
            "name": "Land_Castle_Wall1_20",
            "pos": [
                12178.53515625,
                148.59368896484376,
                12505.923828125
            ],
            "ypr": [
                -159.99996948242188,
                0.0,
                0.0
            ]
        },
        {
            "name": "Land_Castle_Wall1_20",
            "pos": [
                12197.8984375,
                148.59375,
                12499.009765625
            ],
            "ypr": [
                -159.99996948242188,
                0.0,
                0.0
            ]
        },
        {
            "name": "Land_Castle_Wall1_20",
            "pos": [
                12057.294921875,
                148.59397888183595,
                12549.5869140625
            ],
            "ypr": [
                -159.99996948242188,
                0.0,
                0.0
            ]
        },
        {
            "name": "Land_Castle_Wall1_20",
            "pos": [
                12076.23046875,
                148.5936737060547,
                12542.7109375
            ],
            "ypr": [
                -159.9999542236328,
                0.0,
                0.0
            ]
        },
        {
            "name": "Land_Castle_Wall1_20",
            "pos": [
                12095.59375,
                148.59373474121095,
                12535.796875
            ],
            "ypr": [
                -159.9999542236328,
                0.0,
                0.0
            ]
        },
        {
            "name": "Land_Castle_Bergfrit",
            "pos": [
                12040.7998046875,
                154.0,
                12554.599609375
            ],
            "ypr": [
                109.99999237060547,
                0.0,
                0.0
            ]
        },
        {
            "name": "Land_Castle_Stairs",
            "pos": [
                12043.7998046875,
                144.0,
                12569.5
            ],
            "ypr": [
                109.99999237060547,
                0.0,
                0.0
            ]
        },
        {
            "name": "Land_Castle_Bergfrit",
            "pos": [
                12214.099609375,
                154.0,
                12493.099609375
            ],
            "ypr": [
                109.99999237060547,
                0.0,
                0.0
            ]
        },
        {
            "name": "Land_Castle_Stairs",
            "pos": [
                12217.2001953125,
                144.0,
                12507.5
            ],
            "ypr": [
                109.99999237060547,
                0.0,
                0.0
            ]
        },
        {
            "name": "Land_Castle_Bastion",
            "pos": [
                12248.0751953125,
                148.59010314941407,
                12472.8251953125
            ],
            "ypr": [
                -159.99998474121095,
                0.0,
                0.0
            ]
        },
        {
            "name": "Land_Castle_Wall1_20",
            "pos": [
                12230.9765625,
                148.59373474121095,
                12487.1376953125
            ],
            "ypr": [
                -159.99998474121095,
                0.0,
                0.0
            ]
        },
        {
            "name": "Land_Castle_Wall1_20",
            "pos": [
                12024.8193359375,
                148.5936737060547,
                12560.9521484375
            ],
            "ypr": [
                -159.99998474121095,
                0.0,
                0.0
            ]
        },
        {
            "name": "Land_Castle_Bastion",
            "pos": [
                12003.119140625,
                148.59007263183595,
                12560.794921875
            ],
            "ypr": [
                -159.99998474121095,
                0.0,
                0.0
            ]
        },
        {
            "name": "Land_Castle_Wall1_20",
            "pos": [
                11998.78515625,
                148.59368896484376,
                12582.072265625
            ],
            "ypr": [
                -69.99999237060547,
                0.0,
                0.0
            ]
        },
        {
            "name": "Land_Castle_Wall1_Corner1",
            "pos": [
                11996.1376953125,
                148.48138427734376,
                12572.3056640625
            ],
            "ypr": [
                -69.99999237060547,
                0.0,
                0.0
            ]
        },
        {
            "name": "Land_Castle_Wall1_20",
            "pos": [
                12005.763671875,
                148.59371948242188,
                12601.419921875
            ],
            "ypr": [
                -69.99999237060547,
                0.0,
                0.0
            ]
        },
        {
            "name": "Land_Castle_Wall1_20",
            "pos": [
                12012.611328125,
                148.5937042236328,
                12620.5009765625
            ],
            "ypr": [
                -69.99999237060547,
                0.0,
                0.0
            ]
        },
        {
            "name": "Land_Castle_Bastion",
            "pos": [
                12012.5966796875,
                148.5901336669922,
                12642.5693359375
            ],
            "ypr": [
                -69.99999237060547,
                0.0,
                0.0
            ]
        },
        {
            "name": "Land_Castle_Wall1_20",
            "pos": [
                12026.9052734375,
                148.5937042236328,
                12659.701171875
            ],
            "ypr": [
                -69.99999237060547,
                0.0,
                0.0
            ]
        },
        {
            "name": "Land_Castle_Wall1_20",
            "pos": [
                12033.5869140625,
                148.59371948242188,
                12678.5439453125
            ],
            "ypr": [
                -69.99999237060547,
                0.0,
                0.0
            ]
        },
        {
            "name": "Land_Castle_Wall1_20",
            "pos": [
                12040.5078125,
                148.5936279296875,
                12697.47265625
            ],
            "ypr": [
                -69.99999237060547,
                0.0,
                0.0
            ]
        },
        {
            "name": "Land_Castle_Wall1_Corner1",
            "pos": [
                12261.0,
                148.4810028076172,
                12477.400390625
            ],
            "ypr": [
                -159.99998474121095,
                0.0,
                0.0
            ]
        },
        {
            "name": "Land_Castle_Wall1_20",
            "pos": [
                12264.931640625,
                148.5937957763672,
                12486.1650390625
            ],
            "ypr": [
                109.99999237060547,
                0.0,
                0.0
            ]
        },
        {
            "name": "Land_Castle_Wall1_20",
            "pos": [
                12271.8359375,
                148.59376525878907,
                12505.052734375
            ],
            "ypr": [
                109.9999771118164,
                0.0,
                0.0
            ]
        },
        {
            "name": "Land_Castle_Wall1_20",
            "pos": [
                12278.8798828125,
                148.5936737060547,
                12524.0830078125
            ],
            "ypr": [
                109.9999771118164,
                0.0,
                0.0
            ]
        },
        {
            "name": "Land_Castle_Bastion",
            "pos": [
                12293.1669921875,
                148.59010314941407,
                12541.1279296875
            ],
            "ypr": [
                109.99999237060547,
                0.0,
                0.0
            ]
        },
        {
            "name": "Land_Castle_Wall1_20",
            "pos": [
                12293.01171875,
                148.5936737060547,
                12563.0517578125
            ],
            "ypr": [
                109.9999771118164,
                0.0,
                0.0
            ]
        },
        {
            "name": "Land_Castle_Wall1_20",
            "pos": [
                12299.8759765625,
                148.59371948242188,
                12581.8408203125
            ],
            "ypr": [
                109.9999771118164,
                0.0,
                0.0
            ]
        },
        {
            "name": "Land_Castle_Wall1_20",
            "pos": [
                12306.896484375,
                148.59368896484376,
                12600.82421875
            ],
            "ypr": [
                109.9999771118164,
                0.0,
                0.0
            ]
        },
        {
            "name": "Land_Castle_Bergfrit",
            "pos": [
                12313.5,
                154.0,
                12616.400390625
            ],
            "ypr": [
                19.999998092651368,
                0.0,
                0.0
            ]
        },
        {
            "name": "Land_Castle_Stairs",
            "pos": [
                12298.7001953125,
                144.0,
                12619.0
            ],
            "ypr": [
                19.999998092651368,
                0.0,
                0.0
            ]
        },
        {
            "name": "Land_Castle_Bergfrit",
            "pos": [
                12046.2001953125,
                154.0,
                12713.7998046875
            ],
            "ypr": [
                -159.99998474121095,
                0.0,
                0.0
            ]
        },
        {
            "name": "Land_Castle_Stairs",
            "pos": [
                12060.7001953125,
                144.0,
                12710.599609375
            ],
            "ypr": [
                -159.99998474121095,
                0.0,
                0.0
            ]
        },
        {
            "name": "Land_Castle_Wall1_20",
            "pos": [
                12058.3759765625,
                148.5936737060547,
                12723.3779296875
            ],
            "ypr": [
                -25.0,
                0.0,
                0.0
            ]
        },
        {
            "name": "Land_Castle_Wall1_20",
            "pos": [
                12076.857421875,
                148.59376525878907,
                12731.9736328125
            ],
            "ypr": [
                -25.0,
                0.0,
                0.0
            ]
        },
        {
            "name": "Land_Castle_Wall1_20",
            "pos": [
                12095.53125,
                148.59371948242188,
                12740.712890625
            ],
            "ypr": [
                -25.0,
                0.0,
                0.0
            ]
        },
        {
            "name": "Land_Castle_Wall1_20",
            "pos": [
                12310.279296875,
                148.59371948242188,
                12632.021484375
            ],
            "ypr": [
                64.99999237060547,
                0.0,
                0.0
            ]
        },
        {
            "name": "Land_Castle_Wall1_20",
            "pos": [
                12301.705078125,
                148.59373474121095,
                12650.6533203125
            ],
            "ypr": [
                64.99999237060547,
                0.0,
                0.0
            ]
        },
        {
            "name": "Land_Castle_Wall1_20",
            "pos": [
                12293.1767578125,
                148.59371948242188,
                12668.9296875
            ],
            "ypr": [
                64.99999237060547,
                0.0,
                0.0
            ]
        },
        {
            "name": "Land_Castle_Bastion",
            "pos": [
                12291.5107421875,
                148.59017944335938,
                12690.841796875
            ],
            "ypr": [
                64.99999237060547,
                0.0,
                0.0
            ]
        },
        {
            "name": "Land_Castle_Bastion",
            "pos": [
                12110.890625,
                148.59010314941407,
                12756.369140625
            ],
            "ypr": [
                -25.0,
                0.0,
                0.0
            ]
        },
        {
            "name": "Land_Castle_Wall1_20",
            "pos": [
                12270.6513671875,
                148.59378051757813,
                12700.482421875
            ],
            "ypr": [
                19.999998092651368,
                0.0,
                0.0
            ]
        },
        {
            "name": "Land_Castle_Wall1_20",
            "pos": [
                12131.8056640625,
                148.5937042236328,
                12749.330078125
            ],
            "ypr": [
                19.999996185302736,
                0.0,
                0.0
            ]
        },
        {
            "name": "Land_Castle_Wall1_20",
            "pos": [
                12151.1171875,
                148.59368896484376,
                12742.2109375
            ],
            "ypr": [
                19.999996185302736,
                0.0,
                0.0
            ]
        },
        {
            "name": "Land_Castle_Wall1_20",
            "pos": [
                12251.462890625,
                148.59371948242188,
                12707.5458984375
            ],
            "ypr": [
                19.999996185302736,
                0.0,
                0.0
            ]
        },
        {
            "name": "Land_Castle_Bergfrit",
            "pos": [
                12236.2001953125,
                143.0,
                12713.7998046875
            ],
            "ypr": [
                -69.99999237060547,
                0.0,
                0.0
            ]
        },
        {
            "name": "Land_Castle_Bergfrit",
            "pos": [
                12167.7998046875,
                143.0,
                12736.7998046875
            ],
            "ypr": [
                -69.99999237060547,
                0.0,
                0.0
            ]
        },
        {
            "name": "Land_Castle_Gate",
            "pos": [
                12202.2001953125,
                144.0,
                12725.400390625
            ],
            "ypr": [
                19.999998092651368,
                0.0,
                0.0
            ]
        },
        {
            "name": "Land_Castle_Wall1_20",
            "pos": [
                12183.5830078125,
                148.5936737060547,
                12731.0810546875
            ],
            "ypr": [
                -159.99993896484376,
                0.0,
                0.0
            ]
        },
        {
            "name": "Land_Castle_Wall1_20",
            "pos": [
                12220.3291015625,
                148.59375,
                12719.6064453125
            ],
            "ypr": [
                -159.99993896484376,
                0.0,
                0.0
            ]
        },
        {
            "name": "Land_Castle_Bergfrit",
            "pos": [
                12221.7001953125,
                143.33900451660157,
                12761.2998046875
            ],
            "ypr": [
                -69.99979400634766,
                0.0,
                0.0
            ]
        },
        {
            "name": "Land_Castle_Bergfrit",
            "pos": [
                12209.1396484375,
                143.33865356445313,
                12765.7705078125
            ],
            "ypr": [
                -69.99982452392578,
                0.0,
                0.0
            ]
        },
        {
            "name": "Land_Castle_Donjon",
            "pos": [
                12229.9482421875,
                147.40377807617188,
                12784.6650390625
            ],
            "ypr": [
                19.999956130981447,
                0.0,
                0.0
            ]
        },
        {
            "name": "Land_Castle_Donjon",
            "pos": [
                12212.87109375,
                147.40379333496095,
                12776.5498046875
            ],
            "ypr": [
                19.999956130981447,
                0.0,
                0.0
            ]
        },
        {
            "name": "Land_Castle_Donjon",
            "pos": [
                12216.818359375,
                147.4037322998047,
                12789.74609375
            ],
            "ypr": [
                19.999956130981447,
                0.0,
                0.0
            ]
        },
        {
            "name": "Land_Castle_Donjon",
            "pos": [
                12225.142578125,
                147.40379333496095,
                12771.908203125
            ],
            "ypr": [
                19.999956130981447,
                0.0,
                0.0
            ]
        },
        {
            "name": "Land_Castle_Bergfrit",
            "pos": [
                12235.8369140625,
                143.33859252929688,
                12768.6005859375
            ],
            "ypr": [
                -159.99942016601563,
                0.0,
                0.0
            ]
        },
        {
            "name": "Land_Castle_Bergfrit",
            "pos": [
                12240.2998046875,
                143.33900451660157,
                12780.7998046875
            ],
            "ypr": [
                -159.99899291992188,
                0.0,
                0.0
            ]
        },
        {
            "name": "Land_Castle_Bergfrit",
            "pos": [
                12219.5,
                158.33900451660157,
                12776.0
            ],
            "ypr": [
                -69.99979400634766,
                0.0,
                0.0
            ]
        },
        {
            "name": "Land_Castle_Bergfrit",
            "pos": [
                12220.7001953125,
                143.0,
                12801.0
            ],
            "ypr": [
                109.99999237060547,
                0.0,
                0.0
            ]
        },
        {
            "name": "Land_Castle_Bergfrit",
            "pos": [
                12201.6416015625,
                143.338623046875,
                12780.109375
            ],
            "ypr": [
                19.999956130981447,
                0.0,
                0.0
            ]
        },
        {
            "name": "Land_Castle_Bergfrit",
            "pos": [
                12232.599609375,
                143.33900451660157,
                12796.099609375
            ],
            "ypr": [
                109.99999237060547,
                0.0,
                0.0
            ]
        },
        {
            "name": "Land_Castle_Bergfrit",
            "pos": [
                12222.7001953125,
                158.33900451660157,
                12785.099609375
            ],
            "ypr": [
                109.9999771118164,
                0.0,
                0.0
            ]
        },
        {
            "name": "Land_Castle_Bergfrit",
            "pos": [
                12206.2861328125,
                143.338623046875,
                12792.9677734375
            ],
            "ypr": [
                19.999956130981447,
                0.0,
                0.0
            ]
        },
        {
            "name": "Land_Castle_Donjon",
            "pos": [
                12195.9306640625,
                154.4037322998047,
                12768.392578125
            ],
            "ypr": [
                19.999956130981447,
                0.0,
                0.0
            ]
        },
        {
            "name": "Land_Castle_Donjon",
            "pos": [
                12209.2998046875,
                154.4040069580078,
                12806.7998046875
            ],
            "ypr": [
                19.999996185302736,
                0.0,
                0.0
            ]
        },
        {
            "name": "Land_Castle_Donjon",
            "pos": [
                12234.0859375,
                154.40371704101563,
                12754.79296875
            ],
            "ypr": [
                19.999956130981447,
                0.0,
                0.0
            ]
        },
        {
            "name": "Land_Castle_Donjon",
            "pos": [
                12246.7998046875,
                154.5850067138672,
                12792.900390625
            ],
            "ypr": [
                19.999998092651368,
                0.0,
                0.0
            ]
        },
        {
            "name": "Land_Chapel",
            "pos": [
                12224.5,
                180.0,
                12781.900390625
            ],
            "ypr": [
                25.0,
                0.0,
                0.0
            ]
        },
        {
            "name": "Land_Chapel",
            "pos": [
                12218.2998046875,
                180.0,
                12778.5
            ],
            "ypr": [
                -159.99993896484376,
                0.0,
                0.0
            ]
        },
        {
            "name": "Land_Castle_Wall1_20",
            "pos": [
                12146.2998046875,
                148.593994140625,
                12756.7998046875
            ],
            "ypr": [
                -69.99999237060547,
                0.0,
                0.0
            ]
        },
        {
            "name": "Land_Castle_Wall1_20",
            "pos": [
                12153.140625,
                148.59371948242188,
                12775.7822265625
            ],
            "ypr": [
                -69.99999237060547,
                0.0,
                0.0
            ]
        },
        {
            "name": "Land_Castle_Wall1_20",
            "pos": [
                12160.0234375,
                148.59371948242188,
                12795.212890625
            ],
            "ypr": [
                -69.99999237060547,
                0.0,
                0.0
            ]
        },
        {
            "name": "Land_Castle_Wall1_20",
            "pos": [
                12166.7978515625,
                148.59373474121095,
                12814.0537109375
            ],
            "ypr": [
                -69.99999237060547,
                0.0,
                0.0
            ]
        },
        {
            "name": "Land_Castle_Wall1_20",
            "pos": [
                12173.6611328125,
                148.59371948242188,
                12832.9072265625
            ],
            "ypr": [
                -69.99999237060547,
                0.0,
                0.0
            ]
        },
        {
            "name": "Land_Castle_Bergfrit",
            "pos": [
                12178.7998046875,
                153.8000030517578,
                12849.2001953125
            ],
            "ypr": [
                -159.99998474121095,
                0.0,
                0.0
            ]
        },
        {
            "name": "Land_Castle_Bergfrit",
            "pos": [
                12296.7998046875,
                156.0,
                12805.099609375
            ],
            "ypr": [
                19.999998092651368,
                0.0,
                0.0
            ]
        },
        {
            "name": "Land_Castle_Wall1_20",
            "pos": [
                12263.94140625,
                148.59368896484376,
                12715.28125
            ],
            "ypr": [
                109.99999237060547,
                0.0,
                0.0
            ]
        },
        {
            "name": "Land_Castle_Wall1_20",
            "pos": [
                12270.8564453125,
                148.59371948242188,
                12734.1533203125
            ],
            "ypr": [
                109.9999771118164,
                0.0,
                0.0
            ]
        },
        {
            "name": "Land_Castle_Wall1_20",
            "pos": [
                12277.7607421875,
                148.59552001953126,
                12753.05078125
            ],
            "ypr": [
                109.9999771118164,
                0.0,
                0.0
            ]
        },
        {
            "name": "Land_Castle_Wall1_20",
            "pos": [
                12284.6298828125,
                149.17861938476563,
                12771.92578125
            ],
            "ypr": [
                109.9999771118164,
                0.0,
                0.0
            ]
        },
        {
            "name": "Land_Castle_Wall1_20",
            "pos": [
                12291.4169921875,
                150.8488311767578,
                12790.8154296875
            ],
            "ypr": [
                109.9999771118164,
                0.0,
                0.0
            ]
        },
        {
            "name": "Land_Castle_Wall1_20",
            "pos": [
                12194.287109375,
                148.5937042236328,
                12848.2158203125
            ],
            "ypr": [
                19.999998092651368,
                0.0,
                0.0
            ]
        },
        {
            "name": "Land_Castle_Wall1_20",
            "pos": [
                12284.3935546875,
                150.899169921875,
                12815.5830078125
            ],
            "ypr": [
                19.999996185302736,
                0.0,
                0.0
            ]
        },
        {
            "name": "Land_Castle_Wall1_20",
            "pos": [
                12264.9228515625,
                149.83602905273438,
                12822.533203125
            ],
            "ypr": [
                19.999996185302736,
                0.0,
                0.0
            ]
        },
        {
            "name": "Land_Castle_Wall1_20",
            "pos": [
                12245.55859375,
                148.86434936523438,
                12829.5634765625
            ],
            "ypr": [
                19.999996185302736,
                0.0,
                0.0
            ]
        },
        {
            "name": "Land_Castle_Wall1_20",
            "pos": [
                12226.3173828125,
                148.5310821533203,
                12836.6025390625
            ],
            "ypr": [
                19.999996185302736,
                0.0,
                0.0
            ]
        },
        {
            "name": "Land_Castle_Wall1_20",
            "pos": [
                12210.794921875,
                148.5830078125,
                12842.20703125
            ],
            "ypr": [
                19.999996185302736,
                0.0,
                0.0
            ]
        },
        {
            "name": "Land_Castle_Stairs",
            "pos": [
                12283.0,
                146.0,
                12808.7998046875
            ],
            "ypr": [
                19.999998092651368,
                0.0,
                0.0
            ]
        },
        {
            "name": "Land_Castle_Stairs",
            "pos": [
                12183.2001953125,
                143.8000030517578,
                12839.7998046875
            ],
            "ypr": [
                -69.99999237060547,
                0.0,
                0.0
            ]
        },
        {
            "name": "Land_Castle_Bastion2",
            "pos": [
                12301.2998046875,
                141.3000030517578,
                12607.2998046875
            ],
            "ypr": [
                109.9999771118164,
                0.0,
                0.0
            ]
        },
        {
            "name": "Land_Castle_Bastion2",
            "pos": [
                12298.2998046875,
                141.3000030517578,
                12598.7001953125
            ],
            "ypr": [
                109.9999771118164,
                0.0,
                0.0
            ]
        },
        {
            "name": "Land_Castle_Bastion2",
            "pos": [
                12295.2001953125,
                141.3000030517578,
                12590.099609375
            ],
            "ypr": [
                109.9999771118164,
                0.0,
                0.0
            ]
        },
        {
            "name": "Land_Castle_Bastion2",
            "pos": [
                12292.2607421875,
                141.30001831054688,
                12581.8095703125
            ],
            "ypr": [
                109.9999771118164,
                0.0,
                0.0
            ]
        },
        {
            "name": "Land_Castle_Bastion2",
            "pos": [
                12289.333984375,
                141.30001831054688,
                12573.2763671875
            ],
            "ypr": [
                109.9999771118164,
                0.0,
                0.0
            ]
        },
        {
            "name": "Land_Castle_Bastion2",
            "pos": [
                12286.2109375,
                141.30001831054688,
                12564.6484375
            ],
            "ypr": [
                109.9999771118164,
                0.0,
                0.0
            ]
        },
        {
            "name": "Land_Castle_Bastion2",
            "pos": [
                12283.1884765625,
                141.3000030517578,
                12555.998046875
            ],
            "ypr": [
                109.9999771118164,
                0.0,
                0.0
            ]
        },
        {
            "name": "Land_Church3",
            "pos": [
                12167.599609375,
                154.5,
                12634.2998046875
            ],
            "ypr": [
                -68.99999237060547,
                0.0,
                0.0
            ]
        },
        {
            "name": "Land_Monument_T34",
            "pos": [
                12116.4580078125,
                143.28207397460938,
                12491.6357421875
            ],
            "ypr": [
                109.99999237060547,
                0.0,
                0.0
            ]
        },

        {
            "name": "Land_House_1B01_Pub",
            "pos": [
                12038.2998046875,
                142.89999389648438,
                12645.5
            ],
            "ypr": [
                -69.99999237060547,
                0.0,
                0.0
            ]
        },
        {
            "name": "Land_Castle_Bastion",
            "pos": [
                12179.4287109375,
                148.59002685546876,
                12665.359375
            ],
            "ypr": [
                19.999998092651368,
                0.0,
                0.0
            ]
        },
        {
            "name": "Land_Castle_Wall1_20",
            "pos": [
                12157.4697265625,
                148.59373474121095,
                12659.7265625
            ],
            "ypr": [
                -9.0,
                0.0,
                0.0
            ]
        },
        {
            "name": "Land_Castle_Wall1_20",
            "pos": [
                12192.1435546875,
                148.59371948242188,
                12646.236328125
            ],
            "ypr": [
                53.99998092651367,
                -0.0,
                -0.0
            ]
        },
        {
            "name": "Land_Castle_Wall1_20",
            "pos": [
                12137.796875,
                148.59371948242188,
                12656.642578125
            ],
            "ypr": [
                -9.0,
                0.0,
                0.0
            ]
        },
        {
            "name": "Land_Castle_Wall1_20",
            "pos": [
                12204.2470703125,
                148.59368896484376,
                12629.4921875
            ],
            "ypr": [
                53.99998474121094,
                -0.0,
                -0.0
            ]
        },
        {
            "name": "Land_Castle_Bastion",
            "pos": [
                12213.8603515625,
                148.59010314941407,
                12610.455078125
            ],
            "ypr": [
                115.00001525878906,
                0.0,
                0.0
            ]
        },
        {
            "name": "Land_Castle_Bastion",
            "pos": [
                12117.560546875,
                148.5901336669922,
                12649.24609375
            ],
            "ypr": [
                -72.00000762939453,
                0.0,
                0.0
            ]
        },
        {
            "name": "Land_Castle_Wall1_20",
            "pos": [
                12128.51953125,
                148.59371948242188,
                12630.83203125
            ],
            "ypr": [
                -125.99989318847656,
                0.0,
                -0.0
            ]
        },
        {
            "name": "Land_Castle_Wall1_20",
            "pos": [
                12192.86328125,
                148.59371948242188,
                12604.4765625
            ],
            "ypr": [
                171.0001220703125,
                0.0,
                -0.0
            ]
        },
        {
            "name": "Land_Castle_Bastion",
            "pos": [
                12134.376953125,
                148.59010314941407,
                12609.498046875
            ],
            "ypr": [
                -126.00006866455078,
                0.0,
                -0.0
            ]
        },
        {
            "name": "Land_Castle_Bastion",
            "pos": [
                12173.83984375,
                148.59005737304688,
                12593.650390625
            ],
            "ypr": [
                171.0001220703125,
                0.0,
                -0.0
            ]
        },
        {
            "name": "Land_Misc_Well_Pump_Blue",
            "pos": [
                12133.2998046875,
                141.0,
                12608.7998046875
            ],
            "ypr": [
                0.0,
                0.0,
                0.0
            ]
        },
        {
            "name": "Land_Misc_Well_Pump_Blue",
            "pos": [
                12174.099609375,
                141.0,
                12591.5
            ],
            "ypr": [
                0.0,
                0.0,
                0.0
            ]
        },
        {
            "name": "Land_Ruin_HouseBig1",
            "pos": [
                12106.400390625,
                142.5,
                12559.599609375
            ],
            "ypr": [
                18.0,
                0.0,
                0.0
            ]
        },
        {
            "name": "Land_Ruin_HouseBig1_Half",
            "pos": [
                12092.7998046875,
                141.0,
                12564.7001953125
            ],
            "ypr": [
                18.0,
                0.0,
                0.0
            ]
        },
        {
            "name": "Land_Ruin_HouseBig2",
            "pos": [
                12074.2001953125,
                144.0,
                12569.099609375
            ],
            "ypr": [
                18.0,
                0.0,
                0.0
            ]
        },
        {
            "name": "Land_Ruin_HouseBig3",
            "pos": [
                12059.2001953125,
                144.5,
                12577.5
            ],
            "ypr": [
                18.0,
                0.0,
                0.0
            ]
        },
        {
            "name": "Land_Ruin_HouseSmall1",
            "pos": [
                12043.2998046875,
                143.0,
                12582.400390625
            ],
            "ypr": [
                -72.00000762939453,
                0.0,
                0.0
            ]
        },
        {
            "name": "Land_Ruin_HouseBig3_Half",
            "pos": [
                12030.099609375,
                142.0,
                12590.400390625
            ],
            "ypr": [
                18.0,
                0.0,
                0.0
            ]
        },
        {
            "name": "Land_Ruin_HouseBig1",
            "pos": [
                12113.9833984375,
                142.50103759765626,
                12583.1083984375
            ],
            "ypr": [
                -161.99996948242188,
                0.0,
                0.0
            ]
        },
        {
            "name": "Land_Ruin_HouseBig1_Half",
            "pos": [
                12100.3828125,
                141.00103759765626,
                12588.208984375
            ],
            "ypr": [
                -161.99996948242188,
                0.0,
                0.0
            ]
        },
        {
            "name": "Land_Ruin_HouseBig2",
            "pos": [
                12081.783203125,
                144.00103759765626,
                12592.6083984375
            ],
            "ypr": [
                -161.99996948242188,
                0.0,
                0.0
            ]
        },
        {
            "name": "Land_Ruin_HouseBig3",
            "pos": [
                12066.783203125,
                144.50103759765626,
                12601.0087890625
            ],
            "ypr": [
                -161.99996948242188,
                0.0,
                0.0
            ]
        },
        {
            "name": "Land_Ruin_HouseSmall1",
            "pos": [
                12050.8828125,
                143.00103759765626,
                12605.9091796875
            ],
            "ypr": [
                107.99999237060547,
                0.0,
                0.0
            ]
        },
        {
            "name": "Land_Ruin_HouseBig3_Half",
            "pos": [
                12037.6826171875,
                142.00103759765626,
                12613.9091796875
            ],
            "ypr": [
                -161.99996948242188,
                0.0,
                0.0
            ]
        },
        {
            "name": "Land_Ruin_HouseBig1",
            "pos": [
                12247.630859375,
                142.5,
                12507.2177734375
            ],
            "ypr": [
                18.0,
                0.0,
                0.0
            ]
        },
        {
            "name": "Land_Ruin_HouseBig1_Half",
            "pos": [
                12234.0302734375,
                141.0,
                12512.318359375
            ],
            "ypr": [
                18.0,
                0.0,
                0.0
            ]
        },
        {
            "name": "Land_Ruin_HouseBig2",
            "pos": [
                12215.4306640625,
                144.0,
                12516.7177734375
            ],
            "ypr": [
                18.0,
                0.0,
                0.0
            ]
        },
        {
            "name": "Land_Ruin_HouseBig3",
            "pos": [
                12200.4306640625,
                144.5,
                12525.1181640625
            ],
            "ypr": [
                18.0,
                0.0,
                0.0
            ]
        },
        {
            "name": "Land_Ruin_HouseSmall1",
            "pos": [
                12184.5302734375,
                143.0,
                12530.0185546875
            ],
            "ypr": [
                -72.00001525878906,
                0.0,
                0.0
            ]
        },
        {
            "name": "Land_Ruin_HouseBig3_Half",
            "pos": [
                12171.330078125,
                142.0,
                12538.0185546875
            ],
            "ypr": [
                18.0,
                0.0,
                0.0
            ]
        },
        {
            "name": "Land_Ruin_HouseBig1",
            "pos": [
                12255.2138671875,
                142.50103759765626,
                12530.7265625
            ],
            "ypr": [
                -161.9999542236328,
                0.0,
                0.0
            ]
        },
        {
            "name": "Land_Ruin_HouseBig1_Half",
            "pos": [
                12241.61328125,
                141.00103759765626,
                12535.8271484375
            ],
            "ypr": [
                -161.9999542236328,
                0.0,
                0.0
            ]
        },
        {
            "name": "Land_Ruin_HouseBig2",
            "pos": [
                12223.013671875,
                144.00103759765626,
                12540.2265625
            ],
            "ypr": [
                -161.9999542236328,
                0.0,
                0.0
            ]
        },
        {
            "name": "Land_Ruin_HouseBig3",
            "pos": [
                12208.013671875,
                144.50103759765626,
                12548.626953125
            ],
            "ypr": [
                -161.9999542236328,
                0.0,
                0.0
            ]
        },
        {
            "name": "Land_Ruin_HouseSmall1",
            "pos": [
                12192.11328125,
                143.00103759765626,
                12553.52734375
            ],
            "ypr": [
                107.99999237060547,
                0.0,
                0.0
            ]
        },
        {
            "name": "Land_Ruin_HouseBig3_Half",
            "pos": [
                12178.9130859375,
                142.00103759765626,
                12561.52734375
            ],
            "ypr": [
                -161.9999542236328,
                0.0,
                0.0
            ]
        },
        {
            "name": "Land_Wall_Gate_Ind3",
            "pos": [
                12154.7998046875,
                141.0,
                12603.5
            ],
            "ypr": [
                -158.99998474121095,
                0.0,
                0.0
            ]
        },
        {
            "name": "Land_Castle_Wall1_Corner1",
            "pos": [
                12147.306640625,
                148.48138427734376,
                12605.962890625
            ],
            "ypr": [
                -126.00006103515625,
                0.0,
                -0.0
            ]
        },
        {
            "name": "Land_Castle_Wall1_Corner1",
            "pos": [
                12162.10546875,
                148.4813995361328,
                12600.3466796875
            ],
            "ypr": [
                -98.99996185302735,
                0.0,
                -0.0
            ]
        },
        {
            "name": "Land_Castle_Wall1_Corner1",
            "pos": [
                12162.1103515625,
                148.4813995361328,
                12599.556640625
            ],
            "ypr": [
                -9.000003814697266,
                0.0,
                0.0
            ]
        },
        {
            "name": "Land_Castle_Wall1_Corner1",
            "pos": [
                12146.78515625,
                148.4813995361328,
                12605.693359375
            ],
            "ypr": [
                143.9998321533203,
                0.0,
                -0.0
            ]
        },
        {
            "name": "Land_Ruin_HouseBig1_Half",
            "pos": [
                12173.1611328125,
                141.0,
                12685.7705078125
            ],
            "ypr": [
                18.0,
                0.0,
                0.0
            ]
        },
        {
            "name": "Land_Ruin_HouseBig2",
            "pos": [
                12154.5615234375,
                144.0,
                12690.169921875
            ],
            "ypr": [
                18.0,
                0.0,
                0.0
            ]
        },
        {
            "name": "Land_Ruin_HouseBig3",
            "pos": [
                12139.5615234375,
                144.5,
                12698.5703125
            ],
            "ypr": [
                18.0,
                0.0,
                0.0
            ]
        },
        {
            "name": "Land_Ruin_HouseSmall1",
            "pos": [
                12123.6611328125,
                143.0,
                12703.470703125
            ],
            "ypr": [
                -72.00000762939453,
                0.0,
                0.0
            ]
        },
        {
            "name": "Land_Ruin_HouseBig3_Half",
            "pos": [
                12110.4609375,
                142.0,
                12711.470703125
            ],
            "ypr": [
                18.0,
                0.0,
                0.0
            ]
        },
        {
            "name": "Land_Ruin_HouseBig1_Half",
            "pos": [
                12180.744140625,
                141.00103759765626,
                12709.279296875
            ],
            "ypr": [
                -161.9999542236328,
                0.0,
                0.0
            ]
        },
        {
            "name": "Land_Ruin_HouseBig2",
            "pos": [
                12162.14453125,
                144.00103759765626,
                12713.6787109375
            ],
            "ypr": [
                -161.9999542236328,
                0.0,
                0.0
            ]
        },
        {
            "name": "Land_Ruin_HouseBig3",
            "pos": [
                12147.14453125,
                144.50103759765626,
                12722.0791015625
            ],
            "ypr": [
                -161.9999542236328,
                0.0,
                0.0
            ]
        },
        {
            "name": "Land_Ruin_HouseSmall1",
            "pos": [
                12131.244140625,
                143.00103759765626,
                12726.9794921875
            ],
            "ypr": [
                107.99999237060547,
                0.0,
                0.0
            ]
        },
        {
            "name": "Land_Ruin_HouseBig3_Half",
            "pos": [
                12118.0439453125,
                142.00103759765626,
                12734.9794921875
            ],
            "ypr": [
                -161.9999542236328,
                0.0,
                0.0
            ]
        },
        {
            "name": "Land_Ruin_HouseBig1",
            "pos": [
                12271.494140625,
                142.49996948242188,
                12646.888671875
            ],
            "ypr": [
                18.0,
                0.0,
                0.0
            ]
        },
        {
            "name": "Land_Ruin_HouseBig1_Half",
            "pos": [
                12257.8935546875,
                140.99996948242188,
                12651.9892578125
            ],
            "ypr": [
                18.0,
                0.0,
                0.0
            ]
        },
        {
            "name": "Land_Ruin_HouseBig2",
            "pos": [
                12239.2939453125,
                143.99996948242188,
                12656.388671875
            ],
            "ypr": [
                18.0,
                0.0,
                0.0
            ]
        },
        {
            "name": "Land_Ruin_HouseBig3",
            "pos": [
                12224.2939453125,
                144.49996948242188,
                12664.7890625
            ],
            "ypr": [
                18.0,
                0.0,
                0.0
            ]
        },
        {
            "name": "Land_Ruin_HouseSmall1",
            "pos": [
                12208.3935546875,
                142.99996948242188,
                12669.689453125
            ],
            "ypr": [
                -72.00000762939453,
                0.0,
                0.0
            ]
        },
        {
            "name": "Land_Ruin_HouseBig3_Half",
            "pos": [
                12195.193359375,
                141.99996948242188,
                12677.689453125
            ],
            "ypr": [
                18.0,
                0.0,
                0.0
            ]
        },
        {
            "name": "Land_Ruin_HouseBig1",
            "pos": [
                12279.0771484375,
                142.50100708007813,
                12670.3974609375
            ],
            "ypr": [
                -161.9999542236328,
                0.0,
                0.0
            ]
        },
        {
            "name": "Land_Ruin_HouseBig1_Half",
            "pos": [
                12265.4765625,
                141.00100708007813,
                12675.498046875
            ],
            "ypr": [
                -161.9999542236328,
                0.0,
                0.0
            ]
        },
        {
            "name": "Land_Ruin_HouseBig2",
            "pos": [
                12246.876953125,
                144.00100708007813,
                12679.8974609375
            ],
            "ypr": [
                -161.9999542236328,
                0.0,
                0.0
            ]
        },
        {
            "name": "Land_Ruin_HouseBig3",
            "pos": [
                12231.876953125,
                144.50100708007813,
                12688.2978515625
            ],
            "ypr": [
                -161.9999542236328,
                0.0,
                0.0
            ]
        },
        {
            "name": "Land_Ruin_HouseSmall1",
            "pos": [
                12215.9765625,
                143.00100708007813,
                12693.1982421875
            ],
            "ypr": [
                107.99999237060547,
                0.0,
                0.0
            ]
        },
        {
            "name": "Land_Ruin_HouseBig3_Half",
            "pos": [
                12202.7763671875,
                142.00100708007813,
                12701.1982421875
            ],
            "ypr": [
                -161.9999542236328,
                0.0,
                0.0
            ]
        },
        {
            "name": "Land_Ruin_Church2",
            "pos": [
                12050.7001953125,
                144.60000610351563,
                12662.7998046875
            ],
            "ypr": [
                -69.99999237060547,
                0.0,
                0.0
            ]
        },
        {
            "name": "Land_Ruin_Church2",
            "pos": [
                12056.955078125,
                144.60000610351563,
                12679.7392578125
            ],
            "ypr": [
                -69.99999237060547,
                0.0,
                0.0
            ]
        },
        {
            "name": "Land_Ruin_Church2",
            "pos": [
                12063.1708984375,
                144.5999755859375,
                12696.552734375
            ],
            "ypr": [
                -69.99999237060547,
                0.0,
                0.0
            ]
        },
        {
            "name": "Land_Castle_Wall1_20",
            "pos": [
                12297.37890625,
                148.59371948242188,
                12615.03515625
            ],
            "ypr": [
                18.0,
                -0.0,
                -0.0
            ]
        },
        {
            "name": "Land_Castle_Wall1_20",
            "pos": [
                12283.51171875,
                148.59368896484376,
                12608.595703125
            ],
            "ypr": [
                -69.99999237060547,
                0.0,
                0.0
            ]
        },
        {
            "name": "Land_Castle_Wall1_Corner1",
            "pos": [
                12287.38671875,
                148.48138427734376,
                12617.6142578125
            ],
            "ypr": [
                18.000032424926759,
                -0.0,
                -0.0
            ]
        },
        {
            "name": "Land_Castle_Wall1_20",
            "pos": [
                12276.5908203125,
                148.5937957763672,
                12589.6826171875
            ],
            "ypr": [
                -69.99999237060547,
                0.0,
                0.0
            ]
        },
        {
            "name": "Land_Castle_Wall1_20",
            "pos": [
                12269.7001953125,
                148.593994140625,
                12570.599609375
            ],
            "ypr": [
                -69.99999237060547,
                0.0,
                0.0
            ]
        },
        {
            "name": "Land_Mil_Barracks1",
            "pos": [
                12162.5,
                142.3000030517578,
                12763.7001953125
            ],
            "ypr": [
                19.999998092651368,
                0.0,
                0.0
            ]
        },
        {
            "name": "Land_Mil_Barracks1",
            "pos": [
                12167.205078125,
                142.2999725341797,
                12777.0615234375
            ],
            "ypr": [
                19.999996185302736,
                0.0,
                0.0
            ]
        },
        {
            "name": "Land_Mil_Barracks1",
            "pos": [
                12172.255859375,
                142.30001831054688,
                12790.2529296875
            ],
            "ypr": [
                19.999996185302736,
                0.0,
                0.0
            ]
        },
        {
            "name": "Land_Mil_Barracks1",
            "pos": [
                12177.2236328125,
                142.29998779296876,
                12803.6083984375
            ],
            "ypr": [
                19.999996185302736,
                0.0,
                0.0
            ]
        },
        {
            "name": "Land_Mil_Barracks1",
            "pos": [
                12182.3388671875,
                142.29998779296876,
                12818.3681640625
            ],
            "ypr": [
                19.999996185302736,
                0.0,
                0.0
            ]
        },
        {
            "name": "Land_Mil_Barracks4",
            "pos": [
                12256.7001953125,
                141.5,
                12732.7001953125
            ],
            "ypr": [
                -159.99998474121095,
                0.0,
                0.0
            ]
        },
        {
            "name": "Land_Mil_Barracks4",
            "pos": [
                12262.619140625,
                141.50001525878907,
                12748.064453125
            ],
            "ypr": [
                -159.99996948242188,
                0.0,
                0.0
            ]
        },
        {
            "name": "Land_Mil_Barracks4",
            "pos": [
                12268.78515625,
                141.50001525878907,
                12765.0625
            ],
            "ypr": [
                -159.99996948242188,
                0.0,
                0.0
            ]
        },
        {
            "name": "Land_Mil_Barracks4",
            "pos": [
                12274.763671875,
                141.93023681640626,
                12781.6162109375
            ],
            "ypr": [
                -159.99996948242188,
                0.0,
                0.0
            ]
        },

        {
            "name": "Land_Dead_MassGrave",
            "pos": [
                12112.7001953125,
                140.60000610351563,
                12626.2998046875
            ],
            "ypr": [
                0.0,
                0.0,
                0.0
            ]
        },
        {
            "name": "Land_Wall_Gate_Camp",
            "pos": [
                12125.7998046875,
                142.60000610351563,
                12518.7998046875
            ],
            "ypr": [
                19.999998092651368,
                0.0,
                0.0
            ]
        },
        {
            "name": "Land_Chapel2_White",
            "pos": [
                12179.2001953125,
                143.0,
                12664.2001953125
            ],
            "ypr": [
                19.999998092651368,
                0.0,
                0.0
            ]
        },
        {
            "name": "Land_Chapel2_White",
            "pos": [
                12120.7001953125,
                143.0,
                12648.7998046875
            ],
            "ypr": [
                -69.99999237060547,
                0.0,
                0.0
            ]
        },
        {
            "name": "Land_Chapel2_White",
            "pos": [
                12210.5,
                143.0,
                12612.0
            ],
            "ypr": [
                115.00001525878906,
                0.0,
                0.0
            ]
        }
    ]
}