{
    "Objects": [
        {
            "name": "land_airfield_radar_tall",
            "pos": [
                12037.5,
                162.6999969482422,
                12585.5
            ],
            "ypr": [
                179.99989318847657,
                0.0,
                0.0
            ]
        },
        {
            "name": "land_city_store",
            "pos": [
                12151.0,
                142.0,
                12558.501953125
            ],
            "ypr": [
                0.0,
                0.0,
                0.0
            ]
        },
        {
            "name": "land_house_2b03",
            "pos": [
                12131.986328125,
                146.0,
                12563.2021484375
            ],
            "ypr": [
                -89.99998474121094,
                0.0,
                0.0
            ]
        },
        {
            "name": "land_house_2b03",
            "pos": [
                12160.5,
                146.0,
                12541.5
            ],
            "ypr": [
                -179.99989318847657,
                0.0,
                0.0
            ]
        },
        {
            "name": "land_house_2b03",
            "pos": [
                12140.5,
                146.0,
                12541.5
            ],
            "ypr": [
                -179.99989318847657,
                0.0,
                0.0
            ]
        },
        {
            "name": "Land_Airfield_Hangar_Green",
            "pos": [
                12151.0,
                146.0,
                12509.0
            ],
            "ypr": [
                -179.99989318847657,
                0.0,
                0.0
            ]
        },
        {
            "name": "land_mil_aircraftshelter",
            "pos": [
                12151.2001953125,
                140.6999969482422,
                12586.611328125
            ],
            "ypr": [
                0.0,
                0.0,
                0.0
            ]
        },
        {
            "name": "land_house_2b03",
            "pos": [
                12229.119140625,
                145.99887084960938,
                12564.509765625
            ],
            "ypr": [
                -89.9998779296875,
                0.0,
                0.0
            ]
        },
        {
            "name": "land_shed_closed",
            "pos": [
                12126.595703125,
                145.0,
                12581.91015625
            ],
            "ypr": [
                -179.99989318847657,
                0.0,
                0.0
            ]
        },
        {
            "name": "land_shed_closed",
            "pos": [
                12122.595703125,
                145.0,
                12601.41015625
            ],
            "ypr": [
                0.0,
                0.0,
                0.0
            ]
        },
        {
            "name": "land_mil_aircraftshelter",
            "pos": [
                12107.595703125,
                141.0,
                12619.91015625
            ],
            "ypr": [
                90.0,
                0.0,
                0.0
            ]
        },
        {
            "name": "land_mil_aircraftshelter",
            "pos": [
                12064.595703125,
                141.0,
                12619.91015625
            ],
            "ypr": [
                -89.99998474121094,
                0.0,
                0.0
            ]
        },
        {
            "name": "land_house_2b03",
            "pos": [
                12048.810546875,
                146.0,
                12636.41015625
            ],
            "ypr": [
                90.0,
                0.0,
                0.0
            ]
        },
        {
            "name": "land_shed_closed",
            "pos": [
                12030.6904296875,
                146.0,
                12634.806640625
            ],
            "ypr": [
                90.0,
                0.0,
                0.0
            ]
        },
        {
            "name": "land_shed_closed",
            "pos": [
                12010.6904296875,
                146.0,
                12630.806640625
            ],
            "ypr": [
                -89.99998474121094,
                0.0,
                0.0
            ]
        },
        {
            "name": "Land_Factory_Lathes",
            "pos": [
                11985.6904296875,
                146.0,
                12627.306640625
            ],
            "ypr": [
                0.0,
                0.0,
                0.0
            ]
        },
        {
            "name": "Land_Airfield_Hangar_Green",
            "pos": [
                11978.7001953125,
                146.6999969482422,
                12598.2998046875
            ],
            "ypr": [
                -179.99989318847657,
                0.0,
                0.0
            ]
        },
        {
            "name": "Land_Airfield_Hangar_Green",
            "pos": [
                11978.7001953125,
                146.0,
                12658.2998046875
            ],
            "ypr": [
                0.0,
                0.0,
                0.0
            ]
        },
        {
            "name": "land_mil_aircraftshelter",
            "pos": [
                12055.2958984375,
                141.0,
                12665.908203125
            ],
            "ypr": [
                0.0,
                0.0,
                0.0
            ]
        },
        {
            "name": "land_mil_aircraftshelter",
            "pos": [
                12068.2958984375,
                141.0,
                12690.41015625
            ],
            "ypr": [
                -179.99989318847657,
                0.0,
                0.0
            ]
        },
        {
            "name": "land_house_2b03",
            "pos": [
                12218.615234375,
                146.0,
                12548.2998046875
            ],
            "ypr": [
                90.0,
                0.0,
                0.0
            ]
        },
        {
            "name": "Land_Airfield_Hangar_Green",
            "pos": [
                12219.2001953125,
                146.0,
                12518.900390625
            ],
            "ypr": [
                179.99989318847657,
                0.0,
                0.0
            ]
        },
        {
            "name": "land_mil_aircraftshelter",
            "pos": [
                12125.794921875,
                140.99986267089845,
                12532.970703125
            ],
            "ypr": [
                -179.99989318847657,
                0.0,
                0.0
            ]
        },
        {
            "name": "land_house_2b03",
            "pos": [
                12111.140625,
                145.9259033203125,
                12517.693359375
            ],
            "ypr": [
                0.0,
                0.38197746872901919,
                0.0763506218791008
            ]
        },
        {
            "name": "Land_Airfield_Hangar_Green",
            "pos": [
                12108.599609375,
                146.0,
                12489.7001953125
            ],
            "ypr": [
                179.99989318847657,
                0.0,
                0.0
            ]
        },
        {
            "name": "land_mil_aircraftshelter",
            "pos": [
                12167.2001953125,
                140.6999969482422,
                12612.20703125
            ],
            "ypr": [
                -179.99989318847657,
                0.0,
                0.0
            ]
        },
        {
            "name": "land_house_2b03",
            "pos": [
                12167.2001953125,
                146.0,
                12639.0
            ],
            "ypr": [
                0.0,
                0.0,
                0.0
            ]
        },
        {
            "name": "Land_Airfield_Hangar_Green",
            "pos": [
                12140.2001953125,
                146.0,
                12639.0
            ],
            "ypr": [
                -90.0,
                0.0,
                0.0
            ]
        },
        {
            "name": "land_house_2b03",
            "pos": [
                12068.2958984375,
                146.1999969482422,
                12719.810546875
            ],
            "ypr": [
                0.0,
                0.0,
                0.0
            ]
        },
        {
            "name": "land_shed_closed",
            "pos": [
                12086.2001953125,
                145.1999969482422,
                12725.400390625
            ],
            "ypr": [
                90.0,
                0.0,
                0.0
            ]
        },
        {
            "name": "land_shed_closed",
            "pos": [
                12107.2001953125,
                145.1999969482422,
                12729.7001953125
            ],
            "ypr": [
                90.0,
                0.0,
                0.0
            ]
        },
        {
            "name": "land_house_2b03",
            "pos": [
                12127.11328125,
                146.0,
                12731.2080078125
            ],
            "ypr": [
                90.0,
                0.0,
                0.0
            ]
        },
        {
            "name": "Land_Airfield_Hangar_Green",
            "pos": [
                12129.2998046875,
                146.0,
                12703.2998046875
            ],
            "ypr": [
                179.99989318847657,
                0.0,
                0.0
            ]
        },
        {
            "name": "land_shed_closed",
            "pos": [
                12049.2001953125,
                145.1999969482422,
                12722.400390625
            ],
            "ypr": [
                90.0,
                0.0,
                0.0
            ]
        },
        {
            "name": "land_shed_closed",
            "pos": [
                12262.599609375,
                145.1999969482422,
                12589.2998046875
            ],
            "ypr": [
                0.0,
                0.0,
                0.0
            ]
        },
        {
            "name": "land_house_2b03",
            "pos": [
                12031.375,
                146.0,
                12719.0166015625
            ],
            "ypr": [
                -89.99998474121094,
                0.0,
                0.0
            ]
        },
        {
            "name": "Land_Airfield_Hangar_Green",
            "pos": [
                12028.900390625,
                146.0,
                12748.0
            ],
            "ypr": [
                0.0,
                0.0,
                0.0
            ]
        },
        {
            "name": "Land_Airfield_Hangar_Green",
            "pos": [
                12029.400390625,
                146.0,
                12694.400390625
            ],
            "ypr": [
                179.99989318847657,
                0.0,
                0.0
            ]
        },
        {
            "name": "Land_Mil_Barracks1",
            "pos": [
                12225.705078125,
                142.5,
                12579.9970703125
            ],
            "ypr": [
                90.0,
                0.0,
                0.0
            ]
        },
        {
            "name": "land_shed_closed",
            "pos": [
                12283.0,
                145.1999969482422,
                12569.0
            ],
            "ypr": [
                -90.0,
                0.0,
                0.0
            ]
        },
        {
            "name": "land_shed_closed",
            "pos": [
                12246.220703125,
                145.0,
                12566.59765625
            ],
            "ypr": [
                90.0,
                0.0,
                0.0
            ]
        },
        {
            "name": "land_house_2b03",
            "pos": [
                12264.7001953125,
                146.0,
                12571.900390625
            ],
            "ypr": [
                -179.99989318847657,
                0.0,
                0.0
            ]
        },
        {
            "name": "land_shed_closed",
            "pos": [
                12186.0,
                145.1999969482422,
                12644.7001953125
            ],
            "ypr": [
                90.0,
                0.0,
                0.0
            ]
        },
        {
            "name": "land_house_2b03",
            "pos": [
                12257.7998046875,
                146.0,
                12628.515625
            ],
            "ypr": [
                0.0,
                0.0,
                0.0
            ]
        },
        {
            "name": "land_shed_closed",
            "pos": [
                12259.296875,
                145.1999969482422,
                12610.515625
            ],
            "ypr": [
                0.0,
                0.0,
                0.0
            ]
        },
        {
            "name": "Land_Mil_Barracks1",
            "pos": [
                12272.50390625,
                142.5,
                12631.83984375
            ],
            "ypr": [
                -179.99989318847657,
                0.0,
                0.0
            ]
        },
        {
            "name": "land_shed_closed",
            "pos": [
                12207.2998046875,
                145.1999969482422,
                12648.7001953125
            ],
            "ypr": [
                90.0,
                0.0,
                0.0
            ]
        },
        {
            "name": "Land_Factory_Lathes",
            "pos": [
                12224.2138671875,
                146.0,
                12635.09765625
            ],
            "ypr": [
                89.99967956542969,
                0.0,
                0.0
            ]
        },
        {
            "name": "Land_Container_1Mo",
            "pos": [
                12246.92578125,
                141.6690216064453,
                12634.1240234375
            ],
            "ypr": [
                89.99995422363281,
                0.0,
                0.0
            ]
        },
        {
            "name": "Land_Container_1Mo",
            "pos": [
                12241.6513671875,
                141.66908264160157,
                12634.4873046875
            ],
            "ypr": [
                89.99995422363281,
                0.0,
                0.0
            ]
        },
        {
            "name": "Land_Container_1Mo",
            "pos": [
                12236.1376953125,
                141.66903686523438,
                12634.9052734375
            ],
            "ypr": [
                -89.99998474121094,
                0.0,
                0.0
            ]
        },
        {
            "name": "Land_Mil_Barracks1",
            "pos": [
                12226.2919921875,
                142.5,
                12609.0712890625
            ],
            "ypr": [
                -89.99998474121094,
                0.0,
                0.0
            ]
        },
        {
            "name": "Land_Mil_Barracks1",
            "pos": [
                12207.2822265625,
                142.5,
                12625.30078125
            ],
            "ypr": [
                0.0,
                0.0,
                0.0
            ]
        },
        {
            "name": "land_shed_closed",
            "pos": [
                12223.7001953125,
                145.1999969482422,
                12664.0
            ],
            "ypr": [
                0.0,
                0.0,
                0.0
            ]
        },
        {
            "name": "Land_Mil_Airfield_HQ",
            "pos": [
                12301.400390625,
                146.0,
                12568.900390625
            ],
            "ypr": [
                179.99989318847657,
                0.0,
                0.0
            ]
        },
        {
            "name": "Land_Container_1Mo",
            "pos": [
                12302.2998046875,
                150.5,
                12573.6875
            ],
            "ypr": [
                90.0,
                0.0,
                0.0
            ]
        },
        {
            "name": "land_shed_closed",
            "pos": [
                12218.994140625,
                145.1999969482422,
                12685.052734375
            ],
            "ypr": [
                0.0,
                0.0,
                0.0
            ]
        },
        {
            "name": "Land_Office_Municipal2",
            "pos": [
                12217.0,
                172.0,
                12705.181640625
            ],
            "ypr": [
                0.0,
                0.0,
                0.0
            ]
        },
        {
            "name": "Land_Container_1Bo",
            "pos": [
                12207.0947265625,
                141.66900634765626,
                12699.1015625
            ],
            "ypr": [
                179.99989318847657,
                90.0,
                179.99989318847657
            ]
        },
        {
            "name": "Land_Container_1Bo",
            "pos": [
                12210.9892578125,
                141.39100646972657,
                12694.990234375
            ],
            "ypr": [
                179.99989318847657,
                90.0,
                179.99989318847657
            ]
        },
        {
            "name": "Land_Container_1Bo",
            "pos": [
                12207.2001953125,
                141.39100646972657,
                12711.373046875
            ],
            "ypr": [
                179.99989318847657,
                90.0,
                179.99989318847657
            ]
        },
        {
            "name": "Land_Container_1Bo",
            "pos": [
                12211.0009765625,
                141.39100646972657,
                12715.416015625
            ],
            "ypr": [
                -0.00010427406232338399,
                90.0,
                -0.00010427406232338399
            ]
        },
        {
            "name": "Land_Container_1Bo",
            "pos": [
                12222.9892578125,
                141.39100646972657,
                12715.3076171875
            ],
            "ypr": [
                -0.00010427406232338399,
                90.0,
                -0.00010427406232338399
            ]
        },
        {
            "name": "Land_Container_1Bo",
            "pos": [
                12217.0,
                141.39100646972657,
                12715.91015625
            ],
            "ypr": [
                -0.00010427406232338399,
                90.0,
                -0.00010427406232338399
            ]
        },
        {
            "name": "Land_Container_1Bo",
            "pos": [
                12229.20703125,
                141.39100646972657,
                12711.099609375
            ],
            "ypr": [
                -0.00010427406232338399,
                90.0,
                -0.00010427406232338399
            ]
        },
        {
            "name": "Land_Container_1Bo",
            "pos": [
                12226.9150390625,
                141.39100646972657,
                12698.8974609375
            ],
            "ypr": [
                179.99989318847657,
                90.0,
                179.99989318847657
            ]
        },
        {
            "name": "Land_Container_1Bo",
            "pos": [
                12210.681640625,
                141.39100646972657,
                12553.0185546875
            ],
            "ypr": [
                -0.00010427406232338399,
                90.0,
                -0.00010427406232338399
            ]
        },
        {
            "name": "Land_Container_1Mo",
            "pos": [
                12171.908203125,
                141.39100646972657,
                12536.705078125
            ],
            "ypr": [
                90.0,
                0.0,
                0.0
            ]
        },
        {
            "name": "Land_Container_1Mo",
            "pos": [
                12208.9794921875,
                141.39100646972657,
                12548.396484375
            ],
            "ypr": [
                90.0,
                0.0,
                0.0
            ]
        },
        {
            "name": "Land_Container_1Mo",
            "pos": [
                12203.2001953125,
                141.39199829101563,
                12548.099609375
            ],
            "ypr": [
                83.99999237060547,
                0.0,
                0.0
            ]
        },
        {
            "name": "Land_Container_1Mo",
            "pos": [
                12177.6953125,
                141.39112854003907,
                12537.1396484375
            ],
            "ypr": [
                81.0003662109375,
                0.0,
                0.0
            ]
        },
        {
            "name": "Land_Container_1Mo",
            "pos": [
                12182.83984375,
                141.3866424560547,
                12538.896484375
            ],
            "ypr": [
                63.00068283081055,
                0.0,
                0.0
            ]
        },
        {
            "name": "Land_Container_1Mo",
            "pos": [
                12198.16015625,
                141.39044189453126,
                12547.06640625
            ],
            "ypr": [
                72.00001525878906,
                0.0,
                0.0
            ]
        },
        {
            "name": "Land_Container_1Mo",
            "pos": [
                12192.779296875,
                141.3859100341797,
                12544.978515625
            ],
            "ypr": [
                63.000030517578128,
                0.0,
                0.0
            ]
        },
        {
            "name": "Land_Container_1Mo",
            "pos": [
                12187.8173828125,
                141.39053344726563,
                12541.9482421875
            ],
            "ypr": [
                54.00038146972656,
                0.0,
                0.0
            ]
        },
        {
            "name": "Land_Container_1Bo",
            "pos": [
                11995.546875,
                141.39100646972657,
                12617.87890625
            ],
            "ypr": [
                179.99989318847657,
                90.0,
                179.99989318847657
            ]
        },
        {
            "name": "land_city_store",
            "pos": [
                12151.0,
                180.5,
                12558.501953125
            ],
            "ypr": [
                0.0,
                0.0,
                0.0
            ]
        },
        {
            "name": "land_house_2b03",
            "pos": [
                12131.986328125,
                184.5,
                12563.2021484375
            ],
            "ypr": [
                -89.99998474121094,
                0.0,
                0.0
            ]
        },
        {
            "name": "land_house_2b03",
            "pos": [
                12160.5,
                184.5,
                12541.5
            ],
            "ypr": [
                -179.99989318847657,
                0.0,
                0.0
            ]
        },
        {
            "name": "land_house_2b03",
            "pos": [
                12140.5,
                184.5,
                12541.5
            ],
            "ypr": [
                -179.99989318847657,
                0.0,
                0.0
            ]
        },
        {
            "name": "Land_Airfield_Hangar_Green",
            "pos": [
                12151.0,
                184.5,
                12509.0
            ],
            "ypr": [
                -179.99989318847657,
                0.0,
                0.0
            ]
        },
        {
            "name": "land_mil_aircraftshelter",
            "pos": [
                12151.2001953125,
                179.1999969482422,
                12586.611328125
            ],
            "ypr": [
                0.0,
                0.0,
                0.0
            ]
        },
        {
            "name": "land_house_2b03",
            "pos": [
                12229.119140625,
                184.49887084960938,
                12564.509765625
            ],
            "ypr": [
                -89.9998779296875,
                0.0,
                0.0
            ]
        },
        {
            "name": "land_shed_closed",
            "pos": [
                12126.595703125,
                183.5,
                12581.91015625
            ],
            "ypr": [
                -179.99989318847657,
                0.0,
                0.0
            ]
        },
        {
            "name": "land_shed_closed",
            "pos": [
                12122.595703125,
                183.5,
                12601.41015625
            ],
            "ypr": [
                0.0,
                0.0,
                0.0
            ]
        },
        {
            "name": "land_mil_aircraftshelter",
            "pos": [
                12107.595703125,
                179.5,
                12619.91015625
            ],
            "ypr": [
                90.0,
                0.0,
                0.0
            ]
        },
        {
            "name": "land_mil_aircraftshelter",
            "pos": [
                12064.595703125,
                179.5,
                12619.91015625
            ],
            "ypr": [
                -89.99998474121094,
                0.0,
                0.0
            ]
        },
        {
            "name": "land_house_2b03",
            "pos": [
                12048.810546875,
                184.5,
                12636.41015625
            ],
            "ypr": [
                90.0,
                0.0,
                0.0
            ]
        },
        {
            "name": "land_shed_closed",
            "pos": [
                12030.6904296875,
                184.5,
                12634.806640625
            ],
            "ypr": [
                90.0,
                0.0,
                0.0
            ]
        },
        {
            "name": "land_shed_closed",
            "pos": [
                12010.6904296875,
                184.5,
                12630.806640625
            ],
            "ypr": [
                -89.99998474121094,
                0.0,
                0.0
            ]
        },
        {
            "name": "Land_Factory_Lathes",
            "pos": [
                11985.6904296875,
                184.5,
                12627.306640625
            ],
            "ypr": [
                0.0,
                0.0,
                0.0
            ]
        },
        {
            "name": "Land_Airfield_Hangar_Green",
            "pos": [
                11978.7001953125,
                185.1999969482422,
                12598.2998046875
            ],
            "ypr": [
                -179.99989318847657,
                0.0,
                0.0
            ]
        },
        {
            "name": "Land_Airfield_Hangar_Green",
            "pos": [
                11978.7001953125,
                184.5,
                12658.2998046875
            ],
            "ypr": [
                0.0,
                0.0,
                0.0
            ]
        },
        {
            "name": "land_mil_aircraftshelter",
            "pos": [
                12055.2958984375,
                179.5,
                12665.908203125
            ],
            "ypr": [
                0.0,
                0.0,
                0.0
            ]
        },
        {
            "name": "land_mil_aircraftshelter",
            "pos": [
                12068.2958984375,
                179.5,
                12690.41015625
            ],
            "ypr": [
                -179.99989318847657,
                0.0,
                0.0
            ]
        },
        {
            "name": "land_house_2b03",
            "pos": [
                12218.615234375,
                184.5,
                12548.2998046875
            ],
            "ypr": [
                90.0,
                0.0,
                0.0
            ]
        },
        {
            "name": "Land_Airfield_Hangar_Green",
            "pos": [
                12219.2001953125,
                184.5,
                12518.900390625
            ],
            "ypr": [
                179.99989318847657,
                0.0,
                0.0
            ]
        },
        {
            "name": "land_mil_aircraftshelter",
            "pos": [
                12125.794921875,
                179.49986267089845,
                12532.970703125
            ],
            "ypr": [
                -179.99989318847657,
                0.0,
                0.0
            ]
        },
        {
            "name": "land_house_2b03",
            "pos": [
                12111.140625,
                184.4259033203125,
                12517.693359375
            ],
            "ypr": [
                0.0,
                0.38197746872901919,
                0.0763506218791008
            ]
        },
        {
            "name": "Land_Airfield_Hangar_Green",
            "pos": [
                12108.599609375,
                184.5,
                12489.7001953125
            ],
            "ypr": [
                179.99989318847657,
                0.0,
                0.0
            ]
        },
        {
            "name": "land_mil_aircraftshelter",
            "pos": [
                12167.2001953125,
                179.1999969482422,
                12612.20703125
            ],
            "ypr": [
                -179.99989318847657,
                0.0,
                0.0
            ]
        },
        {
            "name": "land_house_2b03",
            "pos": [
                12167.2001953125,
                184.5,
                12639.0
            ],
            "ypr": [
                0.0,
                0.0,
                0.0
            ]
        },
        {
            "name": "Land_Airfield_Hangar_Green",
            "pos": [
                12140.2001953125,
                184.5,
                12639.0
            ],
            "ypr": [
                -90.0,
                0.0,
                0.0
            ]
        },
        {
            "name": "land_house_2b03",
            "pos": [
                12068.2958984375,
                184.6999969482422,
                12719.810546875
            ],
            "ypr": [
                0.0,
                0.0,
                0.0
            ]
        },
        {
            "name": "land_shed_closed",
            "pos": [
                12086.2001953125,
                183.6999969482422,
                12725.400390625
            ],
            "ypr": [
                90.0,
                0.0,
                0.0
            ]
        },
        {
            "name": "land_shed_closed",
            "pos": [
                12107.2001953125,
                183.6999969482422,
                12729.7001953125
            ],
            "ypr": [
                90.0,
                0.0,
                0.0
            ]
        },
        {
            "name": "land_house_2b03",
            "pos": [
                12127.11328125,
                184.5,
                12731.2080078125
            ],
            "ypr": [
                90.0,
                0.0,
                0.0
            ]
        },
        {
            "name": "Land_Airfield_Hangar_Green",
            "pos": [
                12129.2998046875,
                184.5,
                12703.2998046875
            ],
            "ypr": [
                179.99989318847657,
                0.0,
                0.0
            ]
        },
        {
            "name": "land_shed_closed",
            "pos": [
                12049.2001953125,
                183.6999969482422,
                12722.400390625
            ],
            "ypr": [
                90.0,
                0.0,
                0.0
            ]
        },
        {
            "name": "land_shed_closed",
            "pos": [
                12262.599609375,
                183.6999969482422,
                12589.2998046875
            ],
            "ypr": [
                0.0,
                0.0,
                0.0
            ]
        },
        {
            "name": "land_house_2b03",
            "pos": [
                12031.375,
                184.5,
                12719.0166015625
            ],
            "ypr": [
                -89.99998474121094,
                0.0,
                0.0
            ]
        },
        {
            "name": "Land_Airfield_Hangar_Green",
            "pos": [
                12028.900390625,
                184.5,
                12748.0
            ],
            "ypr": [
                0.0,
                0.0,
                0.0
            ]
        },
        {
            "name": "Land_Airfield_Hangar_Green",
            "pos": [
                12029.400390625,
                184.5,
                12694.400390625
            ],
            "ypr": [
                179.99989318847657,
                0.0,
                0.0
            ]
        },
        {
            "name": "Land_Mil_Barracks1",
            "pos": [
                12225.705078125,
                181.0,
                12579.9970703125
            ],
            "ypr": [
                90.0,
                0.0,
                0.0
            ]
        },
        {
            "name": "land_shed_closed",
            "pos": [
                12283.0,
                183.6999969482422,
                12569.0
            ],
            "ypr": [
                -90.0,
                0.0,
                0.0
            ]
        },
        {
            "name": "land_shed_closed",
            "pos": [
                12246.220703125,
                183.5,
                12566.59765625
            ],
            "ypr": [
                90.0,
                0.0,
                0.0
            ]
        },
        {
            "name": "land_house_2b03",
            "pos": [
                12264.7001953125,
                184.5,
                12571.900390625
            ],
            "ypr": [
                -179.99989318847657,
                0.0,
                0.0
            ]
        },
        {
            "name": "land_shed_closed",
            "pos": [
                12186.0,
                183.6999969482422,
                12644.7001953125
            ],
            "ypr": [
                90.0,
                0.0,
                0.0
            ]
        },
        {
            "name": "land_house_2b03",
            "pos": [
                12257.7998046875,
                184.5,
                12628.515625
            ],
            "ypr": [
                0.0,
                0.0,
                0.0
            ]
        },
        {
            "name": "land_shed_closed",
            "pos": [
                12259.296875,
                183.6999969482422,
                12610.515625
            ],
            "ypr": [
                0.0,
                0.0,
                0.0
            ]
        },
        {
            "name": "Land_Mil_Barracks1",
            "pos": [
                12272.50390625,
                181.0,
                12631.83984375
            ],
            "ypr": [
                -179.99989318847657,
                0.0,
                0.0
            ]
        },
        {
            "name": "land_shed_closed",
            "pos": [
                12207.2998046875,
                183.6999969482422,
                12648.7001953125
            ],
            "ypr": [
                90.0,
                0.0,
                0.0
            ]
        },
        {
            "name": "Land_Factory_Lathes",
            "pos": [
                12224.2138671875,
                184.5,
                12635.09765625
            ],
            "ypr": [
                89.99967956542969,
                0.0,
                0.0
            ]
        },
        {
            "name": "Land_Container_1Mo",
            "pos": [
                12246.92578125,
                180.1690216064453,
                12634.1240234375
            ],
            "ypr": [
                89.99995422363281,
                0.0,
                0.0
            ]
        },
        {
            "name": "Land_Container_1Mo",
            "pos": [
                12241.6513671875,
                180.16908264160157,
                12634.4873046875
            ],
            "ypr": [
                89.99995422363281,
                0.0,
                0.0
            ]
        },
        {
            "name": "Land_Container_1Mo",
            "pos": [
                12236.1376953125,
                180.16903686523438,
                12634.9052734375
            ],
            "ypr": [
                -89.99998474121094,
                0.0,
                0.0
            ]
        },
        {
            "name": "Land_Mil_Barracks1",
            "pos": [
                12226.2919921875,
                181.0,
                12609.0712890625
            ],
            "ypr": [
                -89.99998474121094,
                0.0,
                0.0
            ]
        },
        {
            "name": "Land_Mil_Barracks1",
            "pos": [
                12207.2822265625,
                181.0,
                12625.30078125
            ],
            "ypr": [
                0.0,
                0.0,
                0.0
            ]
        },
        {
            "name": "land_shed_closed",
            "pos": [
                12223.7001953125,
                183.6999969482422,
                12664.0
            ],
            "ypr": [
                0.0,
                0.0,
                0.0
            ]
        },
        {
            "name": "Land_Mil_Airfield_HQ",
            "pos": [
                12301.400390625,
                184.5,
                12568.900390625
            ],
            "ypr": [
                179.99989318847657,
                0.0,
                0.0
            ]
        },
        {
            "name": "Land_Container_1Mo",
            "pos": [
                12302.2998046875,
                189.0,
                12573.6875
            ],
            "ypr": [
                90.0,
                0.0,
                0.0
            ]
        },
        {
            "name": "land_shed_closed",
            "pos": [
                12218.994140625,
                183.6999969482422,
                12685.052734375
            ],
            "ypr": [
                0.0,
                0.0,
                0.0
            ]
        },
        {
            "name": "Land_Container_1Mo",
            "pos": [
                12171.908203125,
                179.89100646972657,
                12536.705078125
            ],
            "ypr": [
                90.0,
                0.0,
                0.0
            ]
        },
        {
            "name": "Land_Container_1Mo",
            "pos": [
                12208.9794921875,
                179.89100646972657,
                12548.396484375
            ],
            "ypr": [
                90.0,
                0.0,
                0.0
            ]
        },
        {
            "name": "Land_Container_1Mo",
            "pos": [
                12203.2001953125,
                179.89199829101563,
                12548.099609375
            ],
            "ypr": [
                83.99999237060547,
                0.0,
                0.0
            ]
        },
        {
            "name": "Land_Container_1Mo",
            "pos": [
                12177.6953125,
                179.89112854003907,
                12537.1396484375
            ],
            "ypr": [
                81.0003662109375,
                0.0,
                0.0
            ]
        },
        {
            "name": "Land_Container_1Mo",
            "pos": [
                12182.83984375,
                179.8866424560547,
                12538.896484375
            ],
            "ypr": [
                63.00068283081055,
                0.0,
                0.0
            ]
        },
        {
            "name": "Land_Container_1Mo",
            "pos": [
                12198.16015625,
                179.89044189453126,
                12547.06640625
            ],
            "ypr": [
                72.00001525878906,
                0.0,
                0.0
            ]
        },
        {
            "name": "Land_Container_1Mo",
            "pos": [
                12192.779296875,
                179.8859100341797,
                12544.978515625
            ],
            "ypr": [
                63.000030517578128,
                0.0,
                0.0
            ]
        },
        {
            "name": "Land_Container_1Mo",
            "pos": [
                12187.8173828125,
                179.89053344726563,
                12541.9482421875
            ],
            "ypr": [
                54.00038146972656,
                0.0,
                0.0
            ]
        },
        {
            "name": "Land_Airfield_Small_Hangar",
            "pos": [
                11955.0,
                182.5,
                12629.2001953125
            ],
            "ypr": [
                -89.9999008178711,
                0.0,
                0.0
            ]
        },
        {
            "name": "Land_Airfield_Small_Hangar",
            "pos": [
                12089.7001953125,
                182.0,
                12522.400390625
            ],
            "ypr": [
                -90.0,
                0.0,
                0.0
            ]
        },
        {
            "name": "Land_Airfield_Small_Hangar",
            "pos": [
                12131.7001953125,
                182.0,
                12752.7001953125
            ],
            "ypr": [
                0.0,
                0.0,
                0.0
            ]
        },
        {
            "name": "Land_Castle_Wall1_20",
            "pos": [
                11954.3837890625,
                148.59371948242188,
                12639.078125
            ],
            "ypr": [
                0.0,
                -0.0,
                -0.0
            ]
        },
        {
            "name": "Land_Castle_Wall1_20",
            "pos": [
                11954.50390625,
                148.59368896484376,
                12617.1142578125
            ],
            "ypr": [
                179.9998779296875,
                0.0,
                -0.0
            ]
        },
        {
            "name": "Land_Castle_Wall1_20",
            "pos": [
                11923.23828125,
                148.59371948242188,
                12627.943359375
            ],
            "ypr": [
                -89.99995422363281,
                0.0,
                0.0
            ]
        },
        {
            "name": "Land_Castle_Wall1_20",
            "pos": [
                11933.779296875,
                148.59371948242188,
                12639.08203125
            ],
            "ypr": [
                0.0,
                -0.0,
                -0.0
            ]
        },
        {
            "name": "Land_Castle_Wall1_20",
            "pos": [
                11933.966796875,
                148.59371948242188,
                12617.1337890625
            ],
            "ypr": [
                179.9998779296875,
                0.0,
                -0.0
            ]
        },
        {
            "name": "Land_Castle_Wall1_Corner1",
            "pos": [
                11923.9482421875,
                148.4813995361328,
                12638.0810546875
            ],
            "ypr": [
                0.0,
                -0.0,
                -0.0
            ]
        },
        {
            "name": "Land_Castle_Wall1_Corner1",
            "pos": [
                11923.8427734375,
                148.4813995361328,
                12617.8984375
            ],
            "ypr": [
                -98.99998474121094,
                0.0,
                -0.0
            ]
        },
        {
            "name": "Land_Airfield_Small_Hangar",
            "pos": [
                12095.0205078125,
                182.5,
                12521.95703125
            ],
            "ypr": [
                -89.9999008178711,
                0.0,
                0.0
            ]
        },
        {
            "name": "Land_Castle_Wall1_20",
            "pos": [
                12094.404296875,
                148.59371948242188,
                12531.8349609375
            ],
            "ypr": [
                0.0,
                -0.0,
                -0.0
            ]
        },
        {
            "name": "Land_Castle_Wall1_20",
            "pos": [
                12094.5244140625,
                148.59368896484376,
                12509.87109375
            ],
            "ypr": [
                179.9998779296875,
                0.0,
                -0.0
            ]
        },
        {
            "name": "Land_Castle_Wall1_20",
            "pos": [
                12063.2587890625,
                148.59371948242188,
                12520.7001953125
            ],
            "ypr": [
                -89.99995422363281,
                0.0,
                0.0
            ]
        },
        {
            "name": "Land_Castle_Wall1_20",
            "pos": [
                12073.7998046875,
                148.59371948242188,
                12531.8388671875
            ],
            "ypr": [
                0.0,
                -0.0,
                -0.0
            ]
        },
        {
            "name": "Land_Castle_Wall1_20",
            "pos": [
                12073.9873046875,
                148.59371948242188,
                12509.890625
            ],
            "ypr": [
                179.9998779296875,
                0.0,
                -0.0
            ]
        },
        {
            "name": "Land_Castle_Wall1_Corner1",
            "pos": [
                12063.96875,
                148.4813995361328,
                12530.837890625
            ],
            "ypr": [
                0.0,
                -0.0,
                -0.0
            ]
        },
        {
            "name": "Land_Castle_Wall1_Corner1",
            "pos": [
                12063.86328125,
                148.4813995361328,
                12510.6552734375
            ],
            "ypr": [
                -98.99998474121094,
                0.0,
                -0.0
            ]
        },
        {
            "name": "Land_Castle_Wall1_20",
            "pos": [
                12140.6328125,
                148.59375,
                12749.51953125
            ],
            "ypr": [
                88.16104888916016,
                -0.0,
                -0.0
            ]
        },
        {
            "name": "Land_Castle_Wall1_20",
            "pos": [
                12118.6845703125,
                148.59371948242188,
                12748.6962890625
            ],
            "ypr": [
                -91.83880615234375,
                0.0,
                -0.0
            ]
        },
        {
            "name": "Land_Castle_Wall1_20",
            "pos": [
                12128.5029296875,
                148.59375,
                12780.2900390625
            ],
            "ypr": [
                -1.8386517763137818,
                0.0,
                0.0
            ]
        },
        {
            "name": "Land_Castle_Wall1_20",
            "pos": [
                12139.9775390625,
                148.59375,
                12770.109375
            ],
            "ypr": [
                88.16104888916016,
                -0.0,
                -0.0
            ]
        },
        {
            "name": "Land_Castle_Wall1_20",
            "pos": [
                12118.044921875,
                148.59375,
                12769.2216796875
            ],
            "ypr": [
                -91.83875274658203,
                0.0,
                -0.0
            ]
        },
        {
            "name": "Land_Castle_Wall1_Corner1",
            "pos": [
                12138.6591796875,
                148.48143005371095,
                12779.908203125
            ],
            "ypr": [
                88.16104888916016,
                -0.0,
                -0.0
            ]
        },
        {
            "name": "Land_Castle_Wall1_Corner1",
            "pos": [
                12118.4833984375,
                148.48143005371095,
                12779.3681640625
            ],
            "ypr": [
                -10.83867359161377,
                0.0,
                -0.0
            ]
        }
    ]
}