{
    "Objects": [
        {
            "name": "Land_Mil_Tent_Big2_1",
            "pos": [
                12082.3466796875,
                132.24716186523438,
                12532.4150390625
            ],
            "ypr": [
                0.0,
                0.0,
                0.0
            ]
        },
        {
            "name": "Land_Mil_Tent_Big3",
            "pos": [
                12073.2998046875,
                131.1999969482422,
                12538.5
            ],
            "ypr": [
                -179.99989318847657,
                0.0,
                0.0
            ]
        },
        {
            "name": "Land_Mil_Tent_Big2_1",
            "pos": [
                12084.1005859375,
                132.2469940185547,
                12543.69921875
            ],
            "ypr": [
                0.0,
                0.0,
                0.0
            ]
        },
        {
            "name": "Land_Mil_Tent_Big2_1",
            "pos": [
                11934.900390625,
                132.13499450683595,
                12627.900390625
            ],
            "ypr": [
                0.0,
                0.0,
                0.0
            ]
        },
        {
            "name": "Land_Mil_Tent_Big2_2",
            "pos": [
                11945.099609375,
                132.09500122070313,
                12627.8994140625
            ],
            "ypr": [
                0.0,
                0.0,
                0.0
            ]
        },
        {
            "name": "Land_Mil_Tent_Big3",
            "pos": [
                11954.2998046875,
                131.1999969482422,
                12623.7998046875
            ],
            "ypr": [
                -179.99989318847657,
                0.0,
                0.0
            ]
        },
        {
            "name": "Land_Mil_Tent_Big2_4",
            "pos": [
                11963.2861328125,
                132.2471466064453,
                12617.66796875
            ],
            "ypr": [
                0.0,
                0.0,
                0.0
            ]
        },
        {
            "name": "Land_Mil_Tent_Big2_5",
            "pos": [
                11973.2744140625,
                132.2471466064453,
                12617.63671875
            ],
            "ypr": [
                0.0,
                0.0,
                0.0
            ]
        },
        {
            "name": "Land_Mil_Tent_Big2_2",
            "pos": [
                11983.37109375,
                132.24708557128907,
                12617.66015625
            ],
            "ypr": [
                0.0,
                0.0,
                0.0
            ]
        },
        {
            "name": "Land_Mil_Tent_Big3",
            "pos": [
                11992.2998046875,
                131.1999969482422,
                12611.599609375
            ],
            "ypr": [
                0.0,
                0.0,
                0.0
            ]
        },
        {
            "name": "Land_Medical_Tent_Big",
            "pos": [
                11981.7001953125,
                130.1999969482422,
                12606.400390625
            ],
            "ypr": [
                179.99989318847657,
                0.0,
                0.0
            ]
        },
        {
            "name": "Land_Mil_Tent_Big3",
            "pos": [
                12064.5,
                131.1999969482422,
                12538.2998046875
            ],
            "ypr": [
                -179.99989318847657,
                0.0,
                0.0
            ]
        },
        {
            "name": "Land_Pipe_Big_CornerL",
            "pos": [
                12056.7001953125,
                128.10000610351563,
                12543.5
            ],
            "ypr": [
                179.99989318847657,
                0.0,
                0.0
            ]
        },
        {
            "name": "Land_Mil_Tent_Big2_1",
            "pos": [
                12055.599609375,
                132.2469940185547,
                12551.5
            ],
            "ypr": [
                90.0,
                0.0,
                0.0
            ]
        },
        {
            "name": "Land_Mil_Tent_Big2_2",
            "pos": [
                12055.572265625,
                132.2471466064453,
                12561.447265625
            ],
            "ypr": [
                89.99995422363281,
                0.0,
                0.0
            ]
        },
        {
            "name": "Land_Mil_Tent_Big2_3",
            "pos": [
                12055.5810546875,
                132.24716186523438,
                12571.412109375
            ],
            "ypr": [
                89.99995422363281,
                0.0,
                0.0
            ]
        },
        {
            "name": "Land_Mil_Tent_Big2_1",
            "pos": [
                12055.6337890625,
                132.2471466064453,
                12581.4482421875
            ],
            "ypr": [
                89.99995422363281,
                0.0,
                0.0
            ]
        },
        {
            "name": "Land_Mil_Tent_Big2_1",
            "pos": [
                12055.650390625,
                132.2471160888672,
                12591.6455078125
            ],
            "ypr": [
                89.99995422363281,
                0.0,
                0.0
            ]
        },
        {
            "name": "Land_Mil_Tent_Big2_1",
            "pos": [
                12001.2998046875,
                132.2469940185547,
                12607.7998046875
            ],
            "ypr": [
                0.0,
                0.0,
                0.0
            ]
        },
        {
            "name": "Land_Mil_Tent_Big2_2",
            "pos": [
                12011.3017578125,
                132.24717712402345,
                12607.8056640625
            ],
            "ypr": [
                0.0,
                0.0,
                0.0
            ]
        },
        {
            "name": "Land_Mil_Tent_Big2_3",
            "pos": [
                12021.12109375,
                132.2471466064453,
                12607.802734375
            ],
            "ypr": [
                0.0,
                0.0,
                0.0
            ]
        },
        {
            "name": "Land_Mil_Tent_Big2_1",
            "pos": [
                12030.0244140625,
                132.24713134765626,
                12607.763671875
            ],
            "ypr": [
                0.0,
                0.0,
                0.0
            ]
        },
        {
            "name": "Land_Mil_Tent_Big2_1",
            "pos": [
                12055.6630859375,
                132.2471466064453,
                12600.83203125
            ],
            "ypr": [
                89.99995422363281,
                0.0,
                0.0
            ]
        },
        {
            "name": "Land_Pipe_Big_CornerL",
            "pos": [
                12054.400390625,
                128.10000610351563,
                12606.400390625
            ],
            "ypr": [
                0.0,
                0.0,
                0.0
            ]
        },
        {
            "name": "Land_Mil_Tent_Big2_1",
            "pos": [
                12038.931640625,
                132.24717712402345,
                12607.80859375
            ],
            "ypr": [
                0.0,
                0.0,
                0.0
            ]
        },
        {
            "name": "Land_Mil_Tent_Big2_1",
            "pos": [
                12047.5888671875,
                132.24716186523438,
                12607.748046875
            ],
            "ypr": [
                0.0,
                0.0,
                0.0
            ]
        },
        {
            "name": "Land_Mil_Tent_Big2_1",
            "pos": [
                12129.599609375,
                132.2469940185547,
                12768.400390625
            ],
            "ypr": [
                -90.0,
                0.0,
                0.0
            ]
        },
        {
            "name": "Land_Mil_Tent_Big3",
            "pos": [
                12125.7001953125,
                131.1999969482422,
                12758.7998046875
            ],
            "ypr": [
                -90.0,
                0.0,
                0.0
            ]
        },
        {
            "name": "Land_Mil_Tent_Big2_1",
            "pos": [
                12130.9306640625,
                132.2471466064453,
                12748.1005859375
            ],
            "ypr": [
                -89.99995422363281,
                0.0,
                0.0
            ]
        },
        {
            "name": "Land_Mil_Tent_Big3",
            "pos": [
                12124.900390625,
                131.1999969482422,
                12739.099609375
            ],
            "ypr": [
                90.0,
                0.0,
                0.0
            ]
        },
        {
            "name": "Land_Mil_Tent_Big2_1",
            "pos": [
                12119.8076171875,
                132.24713134765626,
                12749.7392578125
            ],
            "ypr": [
                -89.99995422363281,
                0.0,
                0.0
            ]
        },
        {
            "name": "Land_Mil_Tent_Big3",
            "pos": [
                12117.0341796875,
                131.1999969482422,
                12729.6142578125
            ],
            "ypr": [
                -90.0,
                0.0,
                0.0
            ]
        },
        {
            "name": "Land_Mil_Tent_Big2_1",
            "pos": [
                12122.2646484375,
                132.2471466064453,
                12718.9150390625
            ],
            "ypr": [
                -89.99995422363281,
                0.0,
                0.0
            ]
        },
        {
            "name": "Land_Mil_Tent_Big3",
            "pos": [
                12116.234375,
                131.1999969482422,
                12709.9140625
            ],
            "ypr": [
                90.0,
                0.0,
                0.0
            ]
        },
        {
            "name": "Land_Mil_Tent_Big2_1",
            "pos": [
                12111.1416015625,
                132.24713134765626,
                12720.5537109375
            ],
            "ypr": [
                -89.99995422363281,
                0.0,
                0.0
            ]
        },
        {
            "name": "Land_Mil_Tent_Big3",
            "pos": [
                12108.3681640625,
                131.1999969482422,
                12700.4287109375
            ],
            "ypr": [
                -90.0,
                0.0,
                0.0
            ]
        },
        {
            "name": "Land_Mil_Tent_Big2_1",
            "pos": [
                12113.5986328125,
                132.2471466064453,
                12689.7294921875
            ],
            "ypr": [
                -89.99995422363281,
                0.0,
                0.0
            ]
        },
        {
            "name": "Land_Mil_Tent_Big3",
            "pos": [
                12107.568359375,
                131.1999969482422,
                12680.728515625
            ],
            "ypr": [
                90.0,
                0.0,
                0.0
            ]
        },
        {
            "name": "Land_Mil_Tent_Big2_1",
            "pos": [
                12102.4755859375,
                132.24713134765626,
                12691.3681640625
            ],
            "ypr": [
                -89.99995422363281,
                0.0,
                0.0
            ]
        },
        {
            "name": "Land_Mil_Tent_Big3",
            "pos": [
                12099.7021484375,
                131.1999969482422,
                12671.2431640625
            ],
            "ypr": [
                -90.0,
                0.0,
                0.0
            ]
        },
        {
            "name": "Land_Mil_Tent_Big2_1",
            "pos": [
                12104.9326171875,
                132.2471466064453,
                12660.5439453125
            ],
            "ypr": [
                -89.99995422363281,
                0.0,
                0.0
            ]
        },
        {
            "name": "Land_Mil_Tent_Big3",
            "pos": [
                12098.90234375,
                131.1999969482422,
                12651.54296875
            ],
            "ypr": [
                90.0,
                0.0,
                0.0
            ]
        },
        {
            "name": "Land_Mil_Tent_Big2_1",
            "pos": [
                12093.8095703125,
                132.24713134765626,
                12662.1826171875
            ],
            "ypr": [
                -89.99995422363281,
                0.0,
                0.0
            ]
        },
        {
            "name": "Land_Mil_Tent_Big3",
            "pos": [
                12061.5,
                131.1999969482422,
                12613.3017578125
            ],
            "ypr": [
                -90.0,
                0.0,
                0.0
            ]
        },
        {
            "name": "Land_Mil_Tent_Big3",
            "pos": [
                12071.4609375,
                131.1999969482422,
                12618.9794921875
            ],
            "ypr": [
                -90.0,
                0.0,
                0.0
            ]
        },
        {
            "name": "Land_Mil_Tent_Big3",
            "pos": [
                12081.421875,
                131.1999969482422,
                12624.5576171875
            ],
            "ypr": [
                -90.0,
                0.0,
                0.0
            ]
        },
        {
            "name": "Land_Mil_Tent_Big3",
            "pos": [
                12091.3828125,
                131.1999969482422,
                12630.3349609375
            ],
            "ypr": [
                -90.0,
                0.0,
                0.0
            ]
        },
        {
            "name": "Land_Pipe_Big_BuildR",
            "pos": [
                12100.6953125,
                128.10000610351563,
                12643.0888671875
            ],
            "ypr": [
                0.0,
                0.0,
                0.0
            ]
        },
        {
            "name": "Land_Pipe_Big_BuildR",
            "pos": [
                12089.4443359375,
                128.10000610351563,
                12638.802734375
            ],
            "ypr": [
                179.99989318847657,
                0.0,
                0.0
            ]
        },
        {
            "name": "Land_Medical_Tent_Big",
            "pos": [
                12066.7001953125,
                130.1999969482422,
                12602.798828125
            ],
            "ypr": [
                90.0,
                0.0,
                0.0
            ]
        },
        {
            "name": "Land_Medical_Tent_Big",
            "pos": [
                12076.8603515625,
                130.1999969482422,
                12608.576171875
            ],
            "ypr": [
                90.0,
                0.0,
                0.0
            ]
        },
        {
            "name": "Land_Medical_Tent_Big",
            "pos": [
                12086.4228515625,
                130.1999969482422,
                12613.955078125
            ],
            "ypr": [
                90.0,
                0.0,
                0.0
            ]
        },
        {
            "name": "Land_Medical_Tent_Big",
            "pos": [
                12096.3837890625,
                130.1999969482422,
                12619.732421875
            ],
            "ypr": [
                90.0,
                0.0,
                0.0
            ]
        },
        {
            "name": "Land_Medical_Tent_Big",
            "pos": [
                12101.4990234375,
                130.1999969482422,
                12521.9013671875
            ],
            "ypr": [
                0.0,
                0.0,
                0.0
            ]
        },
        {
            "name": "Land_Medical_Tent_Big",
            "pos": [
                11965.099609375,
                130.1999969482422,
                12629.09765625
            ],
            "ypr": [
                0.0,
                0.0,
                0.0
            ]
        },
        {
            "name": "Land_Medical_Tent_Big",
            "pos": [
                12093.2021484375,
                130.1999969482422,
                12543.599609375
            ],
            "ypr": [
                0.0,
                0.0,
                0.0
            ]
        },
        {
            "name": "Land_Tisy_RadarPlatform_Top",
            "pos": [
                12054.2998046875,
                116.30000305175781,
                12542.2001953125
            ],
            "ypr": [
                179.99993896484376,
                0.0,
                0.0
            ]
        },
        {
            "name": "Land_Lighthouse",
            "pos": [
                12068.900390625,
                137.25599670410157,
                12521.099609375
            ],
            "ypr": [
                -90.0,
                0.0,
                0.0
            ]
        },
        {
            "name": "Land_Lighthouse",
            "pos": [
                11928.900390625,
                137.25599670410157,
                12627.900390625
            ],
            "ypr": [
                -90.0,
                0.0,
                0.0
            ]
        },
        {
            "name": "Land_Lighthouse",
            "pos": [
                12129.5,
                137.25599670410157,
                12774.7998046875
            ],
            "ypr": [
                0.0,
                0.0,
                0.0
            ]
        },
        {
            "name": "Land_Mil_Tent_Big2_1",
            "pos": [
                12075.099609375,
                132.2469940185547,
                12521.099609375
            ],
            "ypr": [
                0.0,
                0.0,
                0.0
            ]
        },
        {
            "name": "Land_Medical_Tent_Shower",
            "pos": [
                12083.142578125,
                131.63546752929688,
                12520.4287109375
            ],
            "ypr": [
                0.0,
                0.0,
                0.0
            ]
        },
        {
            "name": "Land_Mil_Tent_Big3",
            "pos": [
                12091.7001953125,
                131.1999969482422,
                12526.400390625
            ],
            "ypr": [
                0.0,
                0.0,
                0.0
            ]
        }
    ]
}