{
    "Objects": [
        {
            "name": "Dam_Concrete_20_Floodgate",
            "pos": [
                13156.8994140625,
                54.0,
                13599.140625
            ],
            "ypr": [
                0.0,
                0.0,
                25.0
            ]
        },
        {
            "name": "Dam_Concrete_20_Floodgate",
            "pos": [
                13139.19921875,
                62.29999923706055,
                13599.240234375
            ],
            "ypr": [
                0.0,
                0.0,
                25.0
            ]
        },
        {
            "name": "Dam_Concrete_20_Floodgate",
            "pos": [
                13121.28125,
                70.5999984741211,
                13599.341796875
            ],
            "ypr": [
                0.0,
                0.0,
                25.0
            ]
        },
        {
            "name": "Dam_Concrete_20_Floodgate",
            "pos": [
                13103.3837890625,
                78.9000015258789,
                13599.33984375
            ],
            "ypr": [
                0.0,
                0.0,
                25.0
            ]
        },
        {
            "name": "Dam_Concrete_20_Floodgate",
            "pos": [
                13088.3994140625,
                82.19999694824219,
                13599.33984375
            ],
            "ypr": [
                0.0,
                0.0,
                0.0
            ]
        },
        {
            "name": "Land_CementWorks_Hall2_Grey",
            "pos": [
                13064.7998046875,
                85.76599884033203,
                13629.599609375
            ],
            "ypr": [
                0.0,
                0.0,
                0.0
            ]
        },
        {
            "name": "Dam_Concrete_20_Floodgate",
            "pos": [
                13052.9287109375,
                82.19999694824219,
                13654.7998046875
            ],
            "ypr": [
                90.0,
                0.0,
                0.0
            ]
        },
        {
            "name": "Dam_Concrete_20_Floodgate",
            "pos": [
                13052.9287109375,
                78.9000015258789,
                13669.9248046875
            ],
            "ypr": [
                90.0,
                0.0,
                -25.0
            ]
        },
        {
            "name": "Dam_Concrete_20_Floodgate",
            "pos": [
                13052.9287109375,
                70.5999984741211,
                13687.8232421875
            ],
            "ypr": [
                90.0,
                0.0,
                -25.0
            ]
        },
        {
            "name": "Dam_Concrete_20_Floodgate",
            "pos": [
                13052.9287109375,
                62.29999923706055,
                13705.822265625
            ],
            "ypr": [
                90.0,
                0.0,
                -25.0
            ]
        },
        {
            "name": "Land_CementWorks_Hall2_Grey",
            "pos": [
                13042.7978515625,
                85.76599884033203,
                13629.6171875
            ],
            "ypr": [
                0.0,
                0.0,
                0.0
            ]
        },
        {
            "name": "Dam_Concrete_20_Floodgate",
            "pos": [
                13052.853515625,
                54.0,
                13723.896484375
            ],
            "ypr": [
                90.0,
                0.0,
                -25.0
            ]
        },
        {
            "name": "Dam_Concrete_20_Floodgate",
            "pos": [
                13052.841796875,
                45.70000076293945,
                13741.9111328125
            ],
            "ypr": [
                90.0,
                0.0,
                -25.0
            ]
        },
        {
            "name": "Dam_Concrete_20_Floodgate",
            "pos": [
                13063.3134765625,
                37.400001525878909,
                13759.91796875
            ],
            "ypr": [
                -90.0,
                0.0,
                25.0
            ]
        },
        {
            "name": "Land_CementWorks_Hall2_Grey",
            "pos": [
                13064.62109375,
                85.76599884033203,
                13589.2421875
            ],
            "ypr": [
                0.0,
                0.0,
                0.0
            ]
        },
        {
            "name": "Land_CementWorks_Hall2_Grey",
            "pos": [
                13042.51171875,
                85.76599884033203,
                13589.4609375
            ],
            "ypr": [
                0.0,
                0.0,
                0.0
            ]
        },
        {
            "name": "Dam_Concrete_20_Floodgate",
            "pos": [
                13052.0810546875,
                62.29999923706055,
                13503.58203125
            ],
            "ypr": [
                90.048583984375,
                0.0,
                25.0
            ]
        },
        {
            "name": "Dam_Concrete_20_Floodgate",
            "pos": [
                13052.2001953125,
                70.5999984741211,
                13521.7001953125
            ],
            "ypr": [
                90.048583984375,
                0.0,
                25.0
            ]
        },
        {
            "name": "Dam_Concrete_20_Floodgate",
            "pos": [
                13052.279296875,
                78.9000015258789,
                13539.7822265625
            ],
            "ypr": [
                90.048583984375,
                0.0,
                25.0
            ]
        },
        {
            "name": "Dam_Concrete_20_Floodgate",
            "pos": [
                13052.3857421875,
                82.19999694824219,
                13554.998046875
            ],
            "ypr": [
                90.048583984375,
                0.0,
                0.0
            ]
        },
        {
            "name": "Dam_Concrete_20_Floodgate",
            "pos": [
                13027.1005859375,
                82.19999694824219,
                13599.8017578125
            ],
            "ypr": [
                0.0,
                0.0,
                0.0
            ]
        },
        {
            "name": "Dam_Concrete_20_Floodgate",
            "pos": [
                13011.8818359375,
                78.9000015258789,
                13599.802734375
            ],
            "ypr": [
                0.0,
                0.0,
                -25.0
            ]
        },
        {
            "name": "Dam_Concrete_20_Floodgate",
            "pos": [
                12993.783203125,
                70.5999984741211,
                13599.802734375
            ],
            "ypr": [
                0.0,
                0.0,
                -25.0
            ]
        },
        {
            "name": "Dam_Concrete_20_Floodgate",
            "pos": [
                12975.68359375,
                62.29999923706055,
                13599.90234375
            ],
            "ypr": [
                0.0,
                0.0,
                -25.0
            ]
        },
        {
            "name": "Dam_Concrete_20_Floodgate",
            "pos": [
                12957.595703125,
                54.0,
                13599.90234375
            ],
            "ypr": [
                0.0,
                0.0,
                -25.0
            ]
        },
        {
            "name": "Land_Mil_Barracks_Round",
            "pos": [
                13083.19921875,
                72.0,
                13522.380859375
            ],
            "ypr": [
                -90.0,
                -0.07578277587890625,
                6.390460014343262
            ]
        },
        {
            "name": "Land_Mil_Barracks_Round",
            "pos": [
                13083.2001953125,
                71.0,
                13529.58203125
            ],
            "ypr": [
                -90.0,
                0.0,
                6.465980052947998
            ]
        },
        {
            "name": "Land_Mil_Barracks_Round",
            "pos": [
                13083.400390625,
                71.0,
                13536.58984375
            ],
            "ypr": [
                -89.98310089111328,
                -0.0019275598460808397,
                6.541348934173584
            ]
        },
        {
            "name": "Land_Mil_Barracks_Round",
            "pos": [
                13083.3017578125,
                69.5,
                13543.50390625
            ],
            "ypr": [
                -89.99998474121094,
                -6.425139427185059,
                0.0
            ]
        },
        {
            "name": "Land_Mil_Barracks_Round",
            "pos": [
                13083.595703125,
                68.5,
                13550.216796875
            ],
            "ypr": [
                -89.99998474121094,
                -6.350879669189453,
                -0.30555400252342226
            ]
        },
        {
            "name": "Land_Mil_Barracks_Round",
            "pos": [
                13079.2998046875,
                56.5,
                13662.7001953125
            ],
            "ypr": [
                -89.8543930053711,
                0.0,
                0.0
            ]
        },
        {
            "name": "Land_Mil_Barracks_Round",
            "pos": [
                13079.2998046875,
                56.0,
                13669.900390625
            ],
            "ypr": [
                -89.8543930053711,
                0.0,
                0.0
            ]
        },
        {
            "name": "Land_Mil_Barracks_Round",
            "pos": [
                13079.5,
                55.3473014831543,
                13676.900390625
            ],
            "ypr": [
                -89.8543930053711,
                -3.4181997776031496,
                -2.440889835357666
            ]
        },
        {
            "name": "Land_Mil_Barracks_Round",
            "pos": [
                13079.400390625,
                54.5,
                13683.7998046875
            ],
            "ypr": [
                -89.8543930053711,
                -3.4181997776031496,
                -2.440889835357666
            ]
        },
        {
            "name": "Land_Mil_Barracks_Round",
            "pos": [
                13079.7001953125,
                54.5,
                13690.5
            ],
            "ypr": [
                -89.8543930053711,
                -3.4181997776031496,
                -2.440889835357666
            ]
        },
        {
            "name": "Land_Mil_Barracks_Round",
            "pos": [
                13100.19921875,
                71.89966583251953,
                13523.517578125
            ],
            "ypr": [
                -90.0,
                -0.07578277587890625,
                6.390460014343262
            ]
        },
        {
            "name": "Land_Mil_Barracks_Round",
            "pos": [
                13100.2001953125,
                70.89966583251953,
                13530.71875
            ],
            "ypr": [
                -90.0,
                0.0,
                6.465980052947998
            ]
        },
        {
            "name": "Land_Mil_Barracks_Round",
            "pos": [
                13100.400390625,
                70.89966583251953,
                13537.7265625
            ],
            "ypr": [
                -89.98310089111328,
                -0.0019275598460808397,
                6.541346073150635
            ]
        },
        {
            "name": "Land_Mil_Barracks_Round",
            "pos": [
                13100.3017578125,
                69.39966583251953,
                13544.640625
            ],
            "ypr": [
                -89.99998474121094,
                -6.425137519836426,
                0.0
            ]
        },
        {
            "name": "Land_Mil_Barracks_Round",
            "pos": [
                13100.595703125,
                68.89966583251953,
                13551.353515625
            ],
            "ypr": [
                -89.99998474121094,
                -6.350879669189453,
                -0.30555400252342226
            ]
        },
        {
            "name": "Land_Mil_Barracks_Round",
            "pos": [
                13119.0029296875,
                72.36475372314453,
                13523.7587890625
            ],
            "ypr": [
                -90.0,
                -0.07578277587890625,
                6.390460014343262
            ]
        },
        {
            "name": "Land_Mil_Barracks_Round",
            "pos": [
                13119.0,
                71.36479949951172,
                13531.0
            ],
            "ypr": [
                -90.0,
                0.0,
                6.465980052947998
            ]
        },
        {
            "name": "Land_Mil_Barracks_Round",
            "pos": [
                13119.2041015625,
                71.36475372314453,
                13537.9677734375
            ],
            "ypr": [
                -89.98310089111328,
                -0.0019275598460808397,
                6.541348457336426
            ]
        },
        {
            "name": "Land_Mil_Barracks_Round",
            "pos": [
                13119.10546875,
                69.86475372314453,
                13544.8818359375
            ],
            "ypr": [
                -89.99998474121094,
                -6.4251389503479,
                0.0
            ]
        },
        {
            "name": "Land_Mil_Barracks_Round",
            "pos": [
                13119.3994140625,
                68.86475372314453,
                13551.5947265625
            ],
            "ypr": [
                -89.99998474121094,
                -6.350879669189453,
                -0.30555400252342226
            ]
        },
        {
            "name": "Land_Mil_Barracks_Round",
            "pos": [
                13096.0234375,
                56.98064422607422,
                13662.6767578125
            ],
            "ypr": [
                -89.8543930053711,
                0.0,
                0.0
            ]
        },
        {
            "name": "Land_Mil_Barracks_Round",
            "pos": [
                13096.0234375,
                56.48064422607422,
                13669.876953125
            ],
            "ypr": [
                -89.8543930053711,
                0.0,
                0.0
            ]
        },
        {
            "name": "Land_Mil_Barracks_Round",
            "pos": [
                13096.2236328125,
                55.827945709228519,
                13676.876953125
            ],
            "ypr": [
                -89.8543930053711,
                -3.4181995391845705,
                -2.440889596939087
            ]
        },
        {
            "name": "Land_Mil_Barracks_Round",
            "pos": [
                13096.1240234375,
                54.98064422607422,
                13683.7763671875
            ],
            "ypr": [
                -89.8543930053711,
                -3.4181995391845705,
                -2.440889596939087
            ]
        },
        {
            "name": "Land_Mil_Barracks_Round",
            "pos": [
                13096.423828125,
                54.98064422607422,
                13690.4765625
            ],
            "ypr": [
                -89.8543930053711,
                -3.4181995391845705,
                -2.440889596939087
            ]
        },
        {
            "name": "Land_Mil_Barracks_Round",
            "pos": [
                13112.17578125,
                57.461299896240237,
                13662.521484375
            ],
            "ypr": [
                -89.8543930053711,
                0.0,
                0.0
            ]
        },
        {
            "name": "Land_Mil_Barracks_Round",
            "pos": [
                13112.17578125,
                56.961299896240237,
                13669.7216796875
            ],
            "ypr": [
                -89.8543930053711,
                0.0,
                0.0
            ]
        },
        {
            "name": "Land_Mil_Barracks_Round",
            "pos": [
                13112.3759765625,
                56.30860137939453,
                13676.7216796875
            ],
            "ypr": [
                -89.8543930053711,
                -3.4181995391845705,
                -2.440889596939087
            ]
        },
        {
            "name": "Land_Mil_Barracks_Round",
            "pos": [
                13112.2763671875,
                55.461299896240237,
                13683.62109375
            ],
            "ypr": [
                -89.8543930053711,
                -3.4181995391845705,
                -2.440889596939087
            ]
        },
        {
            "name": "Land_Mil_Barracks_Round",
            "pos": [
                13112.576171875,
                55.461299896240237,
                13690.3212890625
            ],
            "ypr": [
                -89.8543930053711,
                -3.4181995391845705,
                -2.440889596939087
            ]
        },
        {
            "name": "Land_Mil_Barracks_Round",
            "pos": [
                13010.138671875,
                56.13969802856445,
                13653.53515625
            ],
            "ypr": [
                90.14566040039063,
                0.0,
                0.0
            ]
        },
        {
            "name": "Land_Mil_Barracks_Round",
            "pos": [
                13010.138671875,
                55.63969802856445,
                13660.7353515625
            ],
            "ypr": [
                90.14566040039063,
                0.0,
                0.0
            ]
        },
        {
            "name": "Land_Mil_Barracks_Round",
            "pos": [
                12993.4150390625,
                55.659053802490237,
                13653.55859375
            ],
            "ypr": [
                90.14566040039063,
                0.0,
                0.0
            ]
        },
        {
            "name": "Land_Mil_Barracks_Round",
            "pos": [
                12993.4150390625,
                55.159053802490237,
                13660.7587890625
            ],
            "ypr": [
                90.14566040039063,
                0.0,
                0.0
            ]
        },
        {
            "name": "Land_Mil_Barracks_Round",
            "pos": [
                12993.615234375,
                54.50635528564453,
                13667.7587890625
            ],
            "ypr": [
                90.14566040039063,
                -3.4181950092315676,
                -2.4408888816833498
            ]
        },
        {
            "name": "Land_Mil_Barracks_Round",
            "pos": [
                12993.515625,
                53.659053802490237,
                13674.658203125
            ],
            "ypr": [
                90.14566040039063,
                -3.4181950092315676,
                -2.4408888816833498
            ]
        },
        {
            "name": "Land_Mil_Barracks_Round",
            "pos": [
                13026.291015625,
                56.12035369873047,
                13660.580078125
            ],
            "ypr": [
                90.14566040039063,
                0.0,
                0.0
            ]
        },
        {
            "name": "Land_Mil_Barracks_Round",
            "pos": [
                13010.3388671875,
                54.98699951171875,
                13667.7353515625
            ],
            "ypr": [
                90.14566040039063,
                -3.4181947708129885,
                -2.4408888816833498
            ]
        },
        {
            "name": "Land_Mil_Barracks_Round",
            "pos": [
                13026.3916015625,
                54.62035369873047,
                13674.4794921875
            ],
            "ypr": [
                90.14566040039063,
                -3.4181947708129885,
                -2.4408888816833498
            ]
        },
        {
            "name": "Land_Mil_Barracks_Round",
            "pos": [
                13026.69140625,
                53.62035369873047,
                13681.1796875
            ],
            "ypr": [
                90.14566040039063,
                -3.4181947708129885,
                -2.4408888816833498
            ]
        },
        {
            "name": "Land_Mil_Barracks_Round",
            "pos": [
                13010.2392578125,
                54.13969802856445,
                13674.634765625
            ],
            "ypr": [
                90.14566040039063,
                -3.4181947708129885,
                -2.4408888816833498
            ]
        },
        {
            "name": "Land_Mil_Barracks_Round",
            "pos": [
                13010.5390625,
                53.13969802856445,
                13681.3349609375
            ],
            "ypr": [
                90.14566040039063,
                -3.4181947708129885,
                -2.4408888816833498
            ]
        },
        {
            "name": "Land_Mil_Barracks_Round",
            "pos": [
                13026.291015625,
                56.62035369873047,
                13653.3798828125
            ],
            "ypr": [
                90.14566040039063,
                0.0,
                0.0
            ]
        },
        {
            "name": "Land_Mil_Barracks_Round",
            "pos": [
                12993.8154296875,
                52.659053802490237,
                13681.3583984375
            ],
            "ypr": [
                90.14566040039063,
                -3.4181947708129885,
                -2.4408888816833498
            ]
        },
        {
            "name": "Land_Mil_Barracks_Round",
            "pos": [
                13026.4912109375,
                55.467655181884769,
                13667.580078125
            ],
            "ypr": [
                90.14566040039063,
                -3.4181947708129885,
                -2.4408888816833498
            ]
        },
        {
            "name": "Land_Mil_Barracks_Round",
            "pos": [
                12995.099609375,
                70.33110046386719,
                13527.400390625
            ],
            "ypr": [
                90.0,
                0.0,
                -4.999999046325684
            ]
        },
        {
            "name": "Land_Mil_Barracks_Round",
            "pos": [
                12994.599609375,
                69.37539672851563,
                13533.900390625
            ],
            "ypr": [
                90.0,
                0.0,
                -4.999999046325684
            ]
        },
        {
            "name": "Land_Mil_Barracks_Round",
            "pos": [
                12995.2998046875,
                68.33110046386719,
                13541.599609375
            ],
            "ypr": [
                90.01689910888672,
                0.0,
                -4.999999046325684
            ]
        },
        {
            "name": "Land_Mil_Barracks_Round",
            "pos": [
                12995.2001953125,
                67.19999694824219,
                13548.5
            ],
            "ypr": [
                90.0,
                -6.425139427185059,
                0.0
            ]
        },
        {
            "name": "Land_Mil_Barracks_Round",
            "pos": [
                12995.5,
                66.19999694824219,
                13555.2001953125
            ],
            "ypr": [
                90.0,
                -6.350879669189453,
                -0.30555400252342226
            ]
        },
        {
            "name": "Land_Mil_Barracks_Round",
            "pos": [
                13013.900390625,
                71.0,
                13527.599609375
            ],
            "ypr": [
                90.0,
                0.0,
                -4.999999046325684
            ]
        },
        {
            "name": "Land_Mil_Barracks_Round",
            "pos": [
                13013.7001953125,
                70.0,
                13534.5
            ],
            "ypr": [
                90.0,
                0.0,
                -4.999999046325684
            ]
        },
        {
            "name": "Land_Mil_Barracks_Round",
            "pos": [
                13014.099609375,
                69.0,
                13541.7998046875
            ],
            "ypr": [
                90.01689910888672,
                -0.0019275598460808397,
                -4.999999046325684
            ]
        },
        {
            "name": "Land_Mil_Barracks_Round",
            "pos": [
                13013.9677734375,
                67.79621124267578,
                13548.7236328125
            ],
            "ypr": [
                90.00003814697266,
                -6.425137042999268,
                0.0
            ]
        },
        {
            "name": "Land_Mil_Barracks_Round",
            "pos": [
                13014.26171875,
                66.79621124267578,
                13555.4365234375
            ],
            "ypr": [
                90.00003814697266,
                -6.350879669189453,
                -0.30555400252342226
            ]
        },
        {
            "name": "Land_Mil_Barracks_Round",
            "pos": [
                12978.099609375,
                69.93150329589844,
                13526.2001953125
            ],
            "ypr": [
                90.0,
                -0.07578279078006745,
                -4.999999523162842
            ]
        },
        {
            "name": "Land_Mil_Barracks_Round",
            "pos": [
                12978.099609375,
                68.93150329589844,
                13533.400390625
            ],
            "ypr": [
                90.0,
                0.0,
                -4.999999046325684
            ]
        },
        {
            "name": "Land_Mil_Barracks_Round",
            "pos": [
                12978.2998046875,
                67.93150329589844,
                13540.400390625
            ],
            "ypr": [
                90.01689910888672,
                0.0,
                -1.9999998807907105
            ]
        },
        {
            "name": "Land_Mil_Barracks_Round",
            "pos": [
                12978.2001953125,
                67.0,
                13547.2998046875
            ],
            "ypr": [
                90.0,
                -6.425139427185059,
                0.0
            ]
        },
        {
            "name": "Land_Mil_Barracks_Round",
            "pos": [
                12978.5,
                66.0,
                13554.099609375
            ],
            "ypr": [
                90.0,
                -6.350879669189453,
                -0.30555400252342226
            ]
        },
        {
            "name": "Land_Mil_Barracks1",
            "pos": [
                13089.0,
                61.18349838256836,
                13624.099609375
            ],
            "ypr": [
                0.0,
                -4.999999523162842,
                0.0
            ]
        },
        {
            "name": "Land_Mil_Barracks1",
            "pos": [
                13089.203125,
                59.32278060913086,
                13643.8857421875
            ],
            "ypr": [
                0.0,
                -4.999999046325684,
                0.0
            ]
        },
        {
            "name": "Land_Mil_Barracks1",
            "pos": [
                13120.568359375,
                59.82896423339844,
                13643.2783203125
            ],
            "ypr": [
                0.0,
                -4.999999046325684,
                0.0
            ]
        },
        {
            "name": "Land_Mil_Barracks1",
            "pos": [
                13120.0087890625,
                61.656158447265628,
                13623.560546875
            ],
            "ypr": [
                0.0,
                -4.999999046325684,
                0.0
            ]
        },
        {
            "name": "Land_Mil_Barracks1",
            "pos": [
                13084.244140625,
                66.6038589477539,
                13578.85546875
            ],
            "ypr": [
                0.0,
                -5.0,
                0.0
            ]
        },
        {
            "name": "Land_Mil_Barracks1",
            "pos": [
                13115.328125,
                67.02230072021485,
                13578.5146484375
            ],
            "ypr": [
                0.0,
                -5.0,
                0.0
            ]
        },
        {
            "name": "Land_Mil_Barracks1",
            "pos": [
                13115.5146484375,
                68.65911865234375,
                13563.9306640625
            ],
            "ypr": [
                0.0,
                -5.0,
                0.0
            ]
        },
        {
            "name": "Land_Mil_Barracks1",
            "pos": [
                13084.30078125,
                68.48497009277344,
                13562.8369140625
            ],
            "ypr": [
                0.0,
                -5.0,
                0.0
            ]
        },
        {
            "name": "Land_Mil_Barracks1",
            "pos": [
                13003.900390625,
                64.99549865722656,
                13579.2001953125
            ],
            "ypr": [
                179.99998474121095,
                4.999999523162842,
                0.0
            ]
        },
        {
            "name": "Land_Mil_Barracks1",
            "pos": [
                13003.7001953125,
                66.88390350341797,
                13564.2001953125
            ],
            "ypr": [
                179.99998474121095,
                4.999999523162842,
                0.0
            ]
        },
        {
            "name": "Land_Mil_Barracks1",
            "pos": [
                12975.2001953125,
                64.0291976928711,
                13579.400390625
            ],
            "ypr": [
                179.99998474121095,
                4.999999523162842,
                0.0
            ]
        },
        {
            "name": "Land_Mil_Barracks1",
            "pos": [
                12975.2001953125,
                66.04419708251953,
                13564.5
            ],
            "ypr": [
                179.99998474121095,
                4.999999523162842,
                0.0
            ]
        },
        {
            "name": "Land_Mil_Barracks1",
            "pos": [
                12988.7490234375,
                60.04311752319336,
                13621.919921875
            ],
            "ypr": [
                -179.9999237060547,
                0.0,
                0.0
            ]
        },
        {
            "name": "Land_Mil_Barracks1",
            "pos": [
                12988.466796875,
                58.14372634887695,
                13640.0185546875
            ],
            "ypr": [
                -179.9999237060547,
                0.0,
                0.0
            ]
        },
        {
            "name": "Land_Mil_Barracks1",
            "pos": [
                13021.900390625,
                58.869300842285159,
                13639.5
            ],
            "ypr": [
                179.99998474121095,
                4.999999523162842,
                0.0
            ]
        },
        {
            "name": "Land_Mil_Barracks1",
            "pos": [
                13021.0,
                60.78770065307617,
                13621.5
            ],
            "ypr": [
                179.99998474121095,
                4.999999523162842,
                0.0
            ]
        },
        {
            "name": "Land_Mil_ReinforcedTank2",
            "pos": [
                13057.400390625,
                84.0,
                13605.900390625
            ],
            "ypr": [
                0.0,
                0.0,
                0.0
            ]
        },
        {
            "name": "Land_Mil_Fortified_Nest_Big",
            "pos": [
                13057.900390625,
                92.0999984741211,
                13579.7001953125
            ],
            "ypr": [
                0.0,
                0.0,
                0.0
            ]
        },
        {
            "name": "Land_Mil_Fortified_Nest_Big",
            "pos": [
                13057.39453125,
                92.0999984741211,
                13632.4345703125
            ],
            "ypr": [
                -179.99998474121095,
                0.0,
                0.0
            ]
        },
        {
            "name": "Land_Mil_Fortified_Nest_Big",
            "pos": [
                13072.7001953125,
                92.0999984741211,
                13604.900390625
            ],
            "ypr": [
                -89.99998474121094,
                0.0,
                0.0
            ]
        },
        {
            "name": "Land_Mil_Fortified_Nest_Big",
            "pos": [
                13043.09375,
                92.0999984741211,
                13605.3525390625
            ],
            "ypr": [
                90.0,
                0.0,
                0.0
            ]
        }
    ]
}