{
    "Objects": [
        {
            "name": "Land_Airfield_Hangar_Green",
            "pos": [
                11628.599609375,
                114.0,
                12580.7998046875
            ],
            "ypr": [
                -71.0,
                0.0,
                0.0
            ]
        },
        {
            "name": "Land_Airfield_Hangar_Green",
            "pos": [
                11641.7001953125,
                114.0,
                12619.2998046875
            ],
            "ypr": [
                -71.0,
                0.0,
                0.0
            ]
        },
        {
            "name": "Land_Airfield_Hangar_Green",
            "pos": [
                11655.095703125,
                114.0,
                12657.5986328125
            ],
            "ypr": [
                -71.0,
                0.0,
                0.0
            ]
        },
        {
            "name": "Land_Medical_Tent_Big",
            "pos": [
                11686.900390625,
                108.0,
                12587.0
            ],
            "ypr": [
                18.999998092651368,
                0.0,
                0.0
            ]
        },
        {
            "name": "Land_Medical_Tent_Big",
            "pos": [
                11683.0,
                108.0,
                12576.2998046875
            ],
            "ypr": [
                18.999998092651368,
                0.0,
                0.0
            ]
        },
        {
            "name": "Land_Medical_Tent_Big",
            "pos": [
                11678.900390625,
                108.0,
                12565.2001953125
            ],
            "ypr": [
                18.999998092651368,
                0.0,
                0.0
            ]
        },
        {
            "name": "Land_Medical_Tent_Big",
            "pos": [
                11674.900390625,
                108.0,
                12554.2998046875
            ],
            "ypr": [
                18.999998092651368,
                0.0,
                0.0
            ]
        },
        {
            "name": "Land_Mil_Tent_Big1_5",
            "pos": [
                11693.400390625,
                108.0,
                12602.7001953125
            ],
            "ypr": [
                109.9999771118164,
                0.0,
                0.0
            ]
        },
        {
            "name": "Land_Mil_Tent_Big1_5",
            "pos": [
                11696.189453125,
                108.0,
                12610.4697265625
            ],
            "ypr": [
                109.9999771118164,
                0.0,
                0.0
            ]
        },
        {
            "name": "Land_Mil_Tent_Big1_5",
            "pos": [
                11698.978515625,
                108.0,
                12618.5380859375
            ],
            "ypr": [
                109.9999771118164,
                0.0,
                0.0
            ]
        },
        {
            "name": "Land_Mil_Tent_Big1_5",
            "pos": [
                11701.8671875,
                108.0,
                12626.8056640625
            ],
            "ypr": [
                109.9999771118164,
                0.0,
                0.0
            ]
        },
        {
            "name": "Land_Mil_Tent_Big1_5",
            "pos": [
                11704.85546875,
                108.0,
                12635.2724609375
            ],
            "ypr": [
                109.9999771118164,
                0.0,
                0.0
            ]
        },
        {
            "name": "Land_Airfield_Hangar_Green",
            "pos": [
                11754.4111328125,
                114.0,
                12537.4970703125
            ],
            "ypr": [
                108.99998474121094,
                0.0,
                0.0
            ]
        },
        {
            "name": "Land_Airfield_Hangar_Green",
            "pos": [
                11767.5107421875,
                114.0,
                12575.9970703125
            ],
            "ypr": [
                108.99998474121094,
                0.0,
                0.0
            ]
        },
        {
            "name": "Land_Airfield_Hangar_Green",
            "pos": [
                11780.9111328125,
                114.0,
                12614.296875
            ],
            "ypr": [
                108.99998474121094,
                0.0,
                0.0
            ]
        },
        {
            "name": "Land_Tisy_RadarPlatform_Top",
            "pos": [
                11729.5,
                105.0,
                12628.400390625
            ],
            "ypr": [
                18.999998092651368,
                0.0,
                0.0
            ]
        },
        {
            "name": "Dam_Concrete_20_Floodgate",
            "pos": [
                11716.7001953125,
                99.80000305175781,
                12607.5
            ],
            "ypr": [
                108.99998474121094,
                0.0,
                25.0
            ]
        },
        {
            "name": "Land_Misc_Well_Pump_Blue",
            "pos": [
                11734.111328125,
                113.0,
                12639.091796875
            ],
            "ypr": [
                0.0,
                0.0,
                0.0
            ]
        },
        {
            "name": "Land_Roadblock_WoodenCrate",
            "pos": [
                11719.0,
                112.60000610351563,
                12623.7001953125
            ],
            "ypr": [
                0.0,
                0.0,
                0.0
            ]
        },
        {
            "name": "Land_Roadblock_WoodenCrate",
            "pos": [
                11717.2021484375,
                112.60000610351563,
                12623.7001953125
            ],
            "ypr": [
                109.9999771118164,
                0.0,
                0.0
            ]
        },
        {
            "name": "Land_Roadblock_WoodenCrate",
            "pos": [
                11717.6005859375,
                112.60000610351563,
                12624.6962890625
            ],
            "ypr": [
                109.9999771118164,
                0.0,
                0.0
            ]
        },
        {
            "name": "Land_Roadblock_WoodenCrate",
            "pos": [
                11718.0,
                112.60000610351563,
                12625.900390625
            ],
            "ypr": [
                95.0,
                0.0,
                0.0
            ]
        },
        {
            "name": "Land_Roadblock_WoodenCrate",
            "pos": [
                11717.0029296875,
                112.60000610351563,
                12622.1064453125
            ],
            "ypr": [
                109.9999771118164,
                0.0,
                0.0
            ]
        },
        {
            "name": "Land_Roadblock_WoodenCrate",
            "pos": [
                11716.7041015625,
                112.60000610351563,
                12621.2099609375
            ],
            "ypr": [
                109.9999771118164,
                0.0,
                0.0
            ]
        },
        {
            "name": "Land_Roadblock_WoodenCrate",
            "pos": [
                11716.7998046875,
                113.25,
                12621.7001953125
            ],
            "ypr": [
                109.9999771118164,
                0.0,
                0.0
            ]
        },
        {
            "name": "Land_Roadblock_Table",
            "pos": [
                11729.7001953125,
                112.6929931640625,
                12639.2998046875
            ],
            "ypr": [
                95.0,
                0.0,
                0.0
            ]
        },
        {
            "name": "Land_Roadblock_WoodenCrate",
            "pos": [
                11738.4111328125,
                112.55752563476563,
                12639.958984375
            ],
            "ypr": [
                0.0,
                0.0,
                0.07646892964839935
            ]
        },
        {
            "name": "Land_Roadblock_WoodenCrate",
            "pos": [
                11738.099609375,
                112.55799865722656,
                12637.900390625
            ],
            "ypr": [
                90.0,
                0.0,
                0.07646886259317398
            ]
        },
        {
            "name": "Land_City_Store",
            "pos": [
                11615.900390625,
                109.30000305175781,
                12539.0
            ],
            "ypr": [
                -161.0,
                0.0,
                0.0
            ]
        },
        {
            "name": "Land_City_Store",
            "pos": [
                11743.7998046875,
                109.30000305175781,
                12502.599609375
            ],
            "ypr": [
                18.999998092651368,
                0.0,
                0.0
            ]
        },
        {
            "name": "Land_Radio_PanelBig",
            "pos": [
                11735.599609375,
                112.30000305175781,
                12643.400390625
            ],
            "ypr": [
                -69.99999237060547,
                0.0,
                0.0
            ]
        },
        {
            "name": "Land_Radio_PanelPAS",
            "pos": [
                11731.400390625,
                112.30000305175781,
                12643.0
            ],
            "ypr": [
                -120.0,
                0.0,
                0.0
            ]
        },
        {
            "name": "Land_CementWorks_Hall2_Brick",
            "pos": [
                11756.0,
                131.38699340820313,
                12489.2001953125
            ],
            "ypr": [
                -160.82891845703126,
                0.0,
                179.99989318847657
            ]
        },
        {
            "name": "Land_CementWorks_Hall2_Brick",
            "pos": [
                11769.099609375,
                131.38999938964845,
                12527.2001953125
            ],
            "ypr": [
                -160.82891845703126,
                0.0,
                -179.99989318847657
            ]
        },
        {
            "name": "Land_CementWorks_Hall2_Brick",
            "pos": [
                11782.7001953125,
                131.38999938964845,
                12565.5
            ],
            "ypr": [
                -160.82891845703126,
                0.0,
                -179.99989318847657
            ]
        },
        {
            "name": "Land_CementWorks_Hall2_Brick",
            "pos": [
                11796.099609375,
                131.38800048828126,
                12604.0
            ],
            "ypr": [
                -160.82891845703126,
                0.0,
                -179.99989318847657
            ]
        },
        {
            "name": "Land_CementWorks_Hall2_Brick",
            "pos": [
                11591.7001953125,
                131.39300537109376,
                12545.2001953125
            ],
            "ypr": [
                -160.82891845703126,
                0.0,
                -179.99989318847657
            ]
        },
        {
            "name": "Land_CementWorks_Hall2_Brick",
            "pos": [
                11612.2998046875,
                131.39100646972657,
                12538.099609375
            ],
            "ypr": [
                -160.82891845703126,
                0.0,
                -179.99989318847657
            ]
        },
        {
            "name": "Land_CementWorks_Hall2_Brick",
            "pos": [
                11632.599609375,
                131.38900756835938,
                12531.099609375
            ],
            "ypr": [
                -160.82891845703126,
                0.0,
                -179.99989318847657
            ]
        },
        {
            "name": "Land_CementWorks_Hall2_Brick",
            "pos": [
                11653.2998046875,
                131.38999938964845,
                12524.2998046875
            ],
            "ypr": [
                -160.82891845703126,
                0.0,
                179.99989318847657
            ]
        },
        {
            "name": "Land_CementWorks_Hall2_Brick",
            "pos": [
                11671.5,
                131.38999938964845,
                12517.599609375
            ],
            "ypr": [
                -160.82891845703126,
                0.0,
                -179.99989318847657
            ]
        },
        {
            "name": "Land_CementWorks_Hall2_Brick",
            "pos": [
                11707.490234375,
                131.38800048828126,
                12506.8046875
            ],
            "ypr": [
                19.999996185302736,
                0.0,
                179.99989318847657
            ]
        },
        {
            "name": "Land_CementWorks_Hall2_Brick",
            "pos": [
                11714.599609375,
                131.38600158691407,
                12503.2001953125
            ],
            "ypr": [
                -160.82891845703126,
                0.0,
                -179.99989318847657
            ]
        },
        {
            "name": "Land_CementWorks_Hall2_Brick",
            "pos": [
                11735.2998046875,
                131.38699340820313,
                12496.2998046875
            ],
            "ypr": [
                -160.82891845703126,
                0.0,
                -179.99989318847657
            ]
        },
        {
            "name": "Land_CementWorks_Hall2_Brick",
            "pos": [
                11625.400390625,
                131.39500427246095,
                12576.099609375
            ],
            "ypr": [
                -160.82891845703126,
                0.0,
                -179.99989318847657
            ]
        },
        {
            "name": "Land_CementWorks_Hall2_Brick",
            "pos": [
                11645.7998046875,
                131.39199829101563,
                12569.099609375
            ],
            "ypr": [
                -160.82891845703126,
                0.0,
                179.99989318847657
            ]
        },
        {
            "name": "Land_CementWorks_Hall2_Brick",
            "pos": [
                11666.30078125,
                131.39300537109376,
                12562.2998046875
            ],
            "ypr": [
                -160.82891845703126,
                0.0,
                179.99989318847657
            ]
        },
        {
            "name": "Land_CementWorks_Hall2_Brick",
            "pos": [
                11686.900390625,
                131.39300537109376,
                12555.2001953125
            ],
            "ypr": [
                -160.82891845703126,
                0.0,
                179.99989318847657
            ]
        },
        {
            "name": "Land_CementWorks_Hall2_Brick",
            "pos": [
                11707.001953125,
                131.39100646972657,
                12548.0009765625
            ],
            "ypr": [
                -160.82891845703126,
                0.0,
                -179.99989318847657
            ]
        },
        {
            "name": "Land_CementWorks_Hall2_Brick",
            "pos": [
                11727.7998046875,
                131.38900756835938,
                12541.2998046875
            ],
            "ypr": [
                -160.82891845703126,
                0.0,
                179.99989318847657
            ]
        },
        {
            "name": "Land_CementWorks_Hall2_Brick",
            "pos": [
                11748.400390625,
                131.38999938964845,
                12534.2998046875
            ],
            "ypr": [
                -160.82891845703126,
                0.0,
                179.99989318847657
            ]
        },
        {
            "name": "Land_CementWorks_Hall2_Brick",
            "pos": [
                11604.900390625,
                131.39599609375,
                12583.099609375
            ],
            "ypr": [
                -160.82891845703126,
                0.0,
                179.99989318847657
            ]
        },
        {
            "name": "Land_CementWorks_Hall2_Brick",
            "pos": [
                11639.0,
                131.39500427246095,
                12614.5
            ],
            "ypr": [
                -160.82891845703126,
                0.0,
                179.99989318847657
            ]
        },
        {
            "name": "Land_CementWorks_Hall2_Brick",
            "pos": [
                11659.2998046875,
                131.39199829101563,
                12607.5
            ],
            "ypr": [
                -160.82891845703126,
                0.0,
                179.99989318847657
            ]
        },
        {
            "name": "Land_CementWorks_Hall2_Brick",
            "pos": [
                11680.0,
                131.39300537109376,
                12600.599609375
            ],
            "ypr": [
                -160.82891845703126,
                0.0,
                179.99989318847657
            ]
        },
        {
            "name": "Land_CementWorks_Hall2_Brick",
            "pos": [
                11700.400390625,
                131.39300537109376,
                12593.599609375
            ],
            "ypr": [
                -160.82891845703126,
                0.0,
                179.99989318847657
            ]
        },
        {
            "name": "Land_CementWorks_Hall2_Brick",
            "pos": [
                11721.0,
                131.39100646972657,
                12586.5
            ],
            "ypr": [
                -160.82891845703126,
                0.0,
                179.99989318847657
            ]
        },
        {
            "name": "Land_CementWorks_Hall2_Brick",
            "pos": [
                11741.2998046875,
                131.38900756835938,
                12579.599609375
            ],
            "ypr": [
                -160.82891845703126,
                0.0,
                179.99989318847657
            ]
        },
        {
            "name": "Land_CementWorks_Hall2_Brick",
            "pos": [
                11761.900390625,
                131.38999938964845,
                12572.7001953125
            ],
            "ypr": [
                -160.82891845703126,
                0.0,
                179.99989318847657
            ]
        },
        {
            "name": "Land_CementWorks_Hall2_Brick",
            "pos": [
                11618.400390625,
                131.39599609375,
                12621.5
            ],
            "ypr": [
                -160.82891845703126,
                0.0,
                179.99989318847657
            ]
        },
        {
            "name": "Land_CementWorks_Hall2_Brick",
            "pos": [
                11652.400390625,
                131.39300537109376,
                12652.900390625
            ],
            "ypr": [
                -160.82891845703126,
                0.0,
                179.99989318847657
            ]
        },
        {
            "name": "Land_CementWorks_Hall2_Brick",
            "pos": [
                11672.7001953125,
                131.38999938964845,
                12646.0
            ],
            "ypr": [
                -160.82891845703126,
                0.0,
                179.99989318847657
            ]
        },
        {
            "name": "Land_CementWorks_Hall2_Brick",
            "pos": [
                11693.400390625,
                131.39100646972657,
                12639.099609375
            ],
            "ypr": [
                -160.82891845703126,
                0.0,
                179.99989318847657
            ]
        },
        {
            "name": "Land_CementWorks_Hall2_Brick",
            "pos": [
                11713.7998046875,
                131.39100646972657,
                12632.0
            ],
            "ypr": [
                -160.82891845703126,
                0.0,
                179.99989318847657
            ]
        },
        {
            "name": "Land_CementWorks_Hall2_Brick",
            "pos": [
                11734.400390625,
                131.38999938964845,
                12625.0
            ],
            "ypr": [
                -160.82891845703126,
                0.0,
                179.99989318847657
            ]
        },
        {
            "name": "Land_CementWorks_Hall2_Brick",
            "pos": [
                11754.7001953125,
                131.38699340820313,
                12618.0
            ],
            "ypr": [
                -160.82891845703126,
                0.0,
                179.99989318847657
            ]
        },
        {
            "name": "Land_CementWorks_Hall2_Brick",
            "pos": [
                11775.2998046875,
                131.38800048828126,
                12611.2001953125
            ],
            "ypr": [
                -160.82891845703126,
                0.0,
                179.99989318847657
            ]
        },
        {
            "name": "Land_CementWorks_Hall2_Brick",
            "pos": [
                11631.7998046875,
                131.39500427246095,
                12660.0
            ],
            "ypr": [
                -160.82891845703126,
                0.0,
                179.99989318847657
            ]
        },
        {
            "name": "Land_CementWorks_Hall2_Brick",
            "pos": [
                11695.2998046875,
                131.38800048828126,
                12500.099609375
            ],
            "ypr": [
                109.9999771118164,
                0.0,
                179.99989318847657
            ]
        },
        {
            "name": "Land_CementWorks_Hall2_Brick",
            "pos": [
                11759.203125,
                102.38653564453125,
                12496.1650390625
            ],
            "ypr": [
                19.171300888061525,
                0.0,
                0.0
            ]
        },
        {
            "name": "Land_CementWorks_Hall2_Brick",
            "pos": [
                11772.3017578125,
                102.38973999023438,
                12534.1484375
            ],
            "ypr": [
                19.171300888061525,
                0.0,
                0.0
            ]
        },
        {
            "name": "Land_CementWorks_Hall2_Brick",
            "pos": [
                11785.8515625,
                102.38973999023438,
                12572.49609375
            ],
            "ypr": [
                19.171300888061525,
                0.0,
                0.0
            ]
        },
        {
            "name": "Land_CementWorks_Hall2_Brick",
            "pos": [
                11799.248046875,
                102.3880615234375,
                12610.9677734375
            ],
            "ypr": [
                19.171300888061525,
                0.0,
                0.0
            ]
        },
        {
            "name": "Land_CementWorks_Hall2_Brick",
            "pos": [
                11594.9326171875,
                102.39303588867188,
                12552.125
            ],
            "ypr": [
                19.171300888061525,
                0.0,
                0.0
            ]
        },
        {
            "name": "Land_CementWorks_Hall2_Brick",
            "pos": [
                11615.48046875,
                102.3914794921875,
                12545.0966796875
            ],
            "ypr": [
                19.17136573791504,
                0.0,
                0.0
            ]
        },
        {
            "name": "Land_CementWorks_Hall2_Brick",
            "pos": [
                11635.8251953125,
                102.38894653320313,
                12538.1171875
            ],
            "ypr": [
                19.171464920043947,
                0.0,
                0.0
            ]
        },
        {
            "name": "Land_CementWorks_Hall2_Brick",
            "pos": [
                11656.4560546875,
                102.38980102539063,
                12531.26171875
            ],
            "ypr": [
                19.171464920043947,
                0.0,
                0.0
            ]
        },
        {
            "name": "Land_CementWorks_Hall2_Brick",
            "pos": [
                11676.9072265625,
                102.38980102539063,
                12524.1806640625
            ],
            "ypr": [
                19.171300888061525,
                0.0,
                0.0
            ]
        },
        {
            "name": "Land_CementWorks_Hall2_Brick",
            "pos": [
                11697.4609375,
                102.38827514648438,
                12517.15625
            ],
            "ypr": [
                19.17136573791504,
                0.0,
                0.0
            ]
        },
        {
            "name": "Land_CementWorks_Hall2_Brick",
            "pos": [
                11717.8037109375,
                102.3857421875,
                12510.1767578125
            ],
            "ypr": [
                19.171464920043947,
                0.0,
                0.0
            ]
        },
        {
            "name": "Land_CementWorks_Hall2_Brick",
            "pos": [
                11738.4404296875,
                102.38656616210938,
                12503.322265625
            ],
            "ypr": [
                19.171464920043947,
                0.0,
                0.0
            ]
        },
        {
            "name": "Land_CementWorks_Hall2_Brick",
            "pos": [
                11628.625,
                102.39468383789063,
                12583.0888671875
            ],
            "ypr": [
                19.17136573791504,
                0.0,
                0.0
            ]
        },
        {
            "name": "Land_CementWorks_Hall2_Brick",
            "pos": [
                11648.9716796875,
                102.39215087890625,
                12576.1064453125
            ],
            "ypr": [
                19.17136573791504,
                0.0,
                0.0
            ]
        },
        {
            "name": "Land_CementWorks_Hall2_Brick",
            "pos": [
                11669.6015625,
                102.39300537109375,
                12569.2509765625
            ],
            "ypr": [
                19.171464920043947,
                0.0,
                0.0
            ]
        },
        {
            "name": "Land_CementWorks_Hall2_Brick",
            "pos": [
                11690.048828125,
                102.39300537109375,
                12562.173828125
            ],
            "ypr": [
                19.171300888061525,
                0.0,
                0.0
            ]
        },
        {
            "name": "Land_CementWorks_Hall2_Brick",
            "pos": [
                11710.6044921875,
                102.3914794921875,
                12555.1435546875
            ],
            "ypr": [
                19.17136573791504,
                0.0,
                0.0
            ]
        },
        {
            "name": "Land_CementWorks_Hall2_Brick",
            "pos": [
                11730.947265625,
                102.38894653320313,
                12548.1669921875
            ],
            "ypr": [
                19.17136573791504,
                0.0,
                0.0
            ]
        },
        {
            "name": "Land_CementWorks_Hall2_Brick",
            "pos": [
                11751.580078125,
                102.3897705078125,
                12541.3115234375
            ],
            "ypr": [
                19.171464920043947,
                0.0,
                0.0
            ]
        },
        {
            "name": "Land_CementWorks_Hall2_Brick",
            "pos": [
                11608.0732421875,
                102.396240234375,
                12590.115234375
            ],
            "ypr": [
                19.171300888061525,
                0.0,
                0.0
            ]
        },
        {
            "name": "Land_CementWorks_Hall2_Brick",
            "pos": [
                11642.169921875,
                102.39471435546875,
                12621.4462890625
            ],
            "ypr": [
                19.17136573791504,
                0.0,
                0.0
            ]
        },
        {
            "name": "Land_CementWorks_Hall2_Brick",
            "pos": [
                11662.521484375,
                102.39218139648438,
                12614.4658203125
            ],
            "ypr": [
                19.17136573791504,
                0.0,
                0.0
            ]
        },
        {
            "name": "Land_CementWorks_Hall2_Brick",
            "pos": [
                11683.150390625,
                102.39300537109375,
                12607.6171875
            ],
            "ypr": [
                19.171464920043947,
                0.0,
                0.0
            ]
        },
        {
            "name": "Land_CementWorks_Hall2_Brick",
            "pos": [
                11703.5986328125,
                102.39303588867188,
                12600.5322265625
            ],
            "ypr": [
                19.171300888061525,
                0.0,
                0.0
            ]
        },
        {
            "name": "Land_CementWorks_Hall2_Brick",
            "pos": [
                11724.1494140625,
                102.3914794921875,
                12593.5029296875
            ],
            "ypr": [
                19.17136573791504,
                0.0,
                0.0
            ]
        },
        {
            "name": "Land_CementWorks_Hall2_Brick",
            "pos": [
                11744.4990234375,
                102.38894653320313,
                12586.5234375
            ],
            "ypr": [
                19.17136573791504,
                0.0,
                0.0
            ]
        },
        {
            "name": "Land_CementWorks_Hall2_Brick",
            "pos": [
                11765.1240234375,
                102.38980102539063,
                12579.66796875
            ],
            "ypr": [
                19.171464920043947,
                0.0,
                0.0
            ]
        },
        {
            "name": "Land_CementWorks_Hall2_Brick",
            "pos": [
                11621.623046875,
                102.396240234375,
                12628.4697265625
            ],
            "ypr": [
                19.171300888061525,
                0.0,
                0.0
            ]
        },
        {
            "name": "Land_CementWorks_Hall2_Brick",
            "pos": [
                11655.564453125,
                102.39300537109375,
                12659.91015625
            ],
            "ypr": [
                19.17136573791504,
                0.0,
                0.0
            ]
        },
        {
            "name": "Land_CementWorks_Hall2_Brick",
            "pos": [
                11675.9111328125,
                102.39047241210938,
                12652.9306640625
            ],
            "ypr": [
                19.17136573791504,
                0.0,
                0.0
            ]
        },
        {
            "name": "Land_CementWorks_Hall2_Brick",
            "pos": [
                11696.548828125,
                102.39132690429688,
                12646.0791015625
            ],
            "ypr": [
                19.171464920043947,
                0.0,
                0.0
            ]
        },
        {
            "name": "Land_CementWorks_Hall2_Brick",
            "pos": [
                11716.994140625,
                102.39132690429688,
                12638.9921875
            ],
            "ypr": [
                19.171300888061525,
                0.0,
                0.0
            ]
        },
        {
            "name": "Land_CementWorks_Hall2_Brick",
            "pos": [
                11737.546875,
                102.38980102539063,
                12631.96484375
            ],
            "ypr": [
                19.17136573791504,
                0.0,
                0.0
            ]
        },
        {
            "name": "Land_CementWorks_Hall2_Brick",
            "pos": [
                11757.8896484375,
                102.38726806640625,
                12624.9853515625
            ],
            "ypr": [
                19.17136573791504,
                0.0,
                0.0
            ]
        },
        {
            "name": "Land_CementWorks_Hall2_Brick",
            "pos": [
                11778.525390625,
                102.38809204101563,
                12618.1357421875
            ],
            "ypr": [
                19.171464920043947,
                0.0,
                0.0
            ]
        },
        {
            "name": "Land_CementWorks_Hall2_Brick",
            "pos": [
                11635.0107421875,
                102.39456176757813,
                12666.9345703125
            ],
            "ypr": [
                19.171300888061525,
                0.0,
                0.0
            ]
        },
        {
            "name": "Dam_Concrete_20_Floodgate",
            "pos": [
                11589.6142578125,
                110.99641418457031,
                12518.833984375
            ],
            "ypr": [
                18.709749221801759,
                0.0,
                -3.5762786865234377e-7
            ]
        },
        {
            "name": "Dam_Concrete_20_Floodgate",
            "pos": [
                11570.6572265625,
                110.99644470214844,
                12525.22265625
            ],
            "ypr": [
                18.709699630737306,
                0.0,
                0.0
            ]
        },
        {
            "name": "Dam_Concrete_20_Floodgate",
            "pos": [
                11608.544921875,
                110.99641418457031,
                12512.423828125
            ],
            "ypr": [
                18.709749221801759,
                0.0,
                -3.5762786865234377e-7
            ]
        },
        {
            "name": "Dam_Concrete_20_Floodgate",
            "pos": [
                11703.2490234375,
                110.99641418457031,
                12480.3466796875
            ],
            "ypr": [
                18.709749221801759,
                0.0,
                -3.5762786865234377e-7
            ]
        },
        {
            "name": "Dam_Concrete_20_Floodgate",
            "pos": [
                11684.30859375,
                110.99641418457031,
                12486.7509765625
            ],
            "ypr": [
                18.709749221801759,
                0.0,
                -3.5762786865234377e-7
            ]
        },
        {
            "name": "Dam_Concrete_20_Floodgate",
            "pos": [
                11665.365234375,
                110.99641418457031,
                12493.1845703125
            ],
            "ypr": [
                18.709749221801759,
                0.0,
                -3.5762786865234377e-7
            ]
        },
        {
            "name": "Dam_Concrete_20_Floodgate",
            "pos": [
                11646.41796875,
                110.99641418457031,
                12499.5927734375
            ],
            "ypr": [
                18.709749221801759,
                0.0,
                -3.5762786865234377e-7
            ]
        },
        {
            "name": "Dam_Concrete_20_Floodgate",
            "pos": [
                11627.48046875,
                110.99641418457031,
                12506.01171875
            ],
            "ypr": [
                18.709749221801759,
                0.0,
                -3.5762786865234377e-7
            ]
        },
        {
            "name": "Dam_Concrete_20_Floodgate",
            "pos": [
                11760.0654296875,
                111.39640808105469,
                12461.1025390625
            ],
            "ypr": [
                18.709749221801759,
                0.0,
                -3.5762786865234377e-7
            ]
        },
        {
            "name": "Dam_Concrete_20_Floodgate",
            "pos": [
                11741.12109375,
                110.99641418457031,
                12467.5283203125
            ],
            "ypr": [
                18.709749221801759,
                0.0,
                -3.5762786865234377e-7
            ]
        },
        {
            "name": "Dam_Concrete_20_Floodgate",
            "pos": [
                11722.185546875,
                110.99641418457031,
                12473.935546875
            ],
            "ypr": [
                18.7097225189209,
                0.0,
                -3.5762786865234377e-7
            ]
        },
        {
            "name": "Dam_Concrete_20_Floodgate",
            "pos": [
                11633.8125,
                110.8409423828125,
                12692.07421875
            ],
            "ypr": [
                -161.35484313964845,
                0.0,
                -3.5762786865234377e-7
            ]
        },
        {
            "name": "Dam_Concrete_20_Floodgate",
            "pos": [
                11652.7587890625,
                110.8409423828125,
                12685.6796875
            ],
            "ypr": [
                -161.35484313964845,
                0.0,
                -3.5762786865234377e-7
            ]
        },
        {
            "name": "Dam_Concrete_20_Floodgate",
            "pos": [
                11671.7080078125,
                110.8409423828125,
                12679.2841796875
            ],
            "ypr": [
                -161.35484313964845,
                0.0,
                -3.5762786865234377e-7
            ]
        },
        {
            "name": "Dam_Concrete_20_Floodgate",
            "pos": [
                11690.66015625,
                110.8409423828125,
                12672.8857421875
            ],
            "ypr": [
                -161.35484313964845,
                0.0,
                -3.5762786865234377e-7
            ]
        },
        {
            "name": "Dam_Concrete_20_Floodgate",
            "pos": [
                11728.5302734375,
                110.8409423828125,
                12660.095703125
            ],
            "ypr": [
                -161.35484313964845,
                0.0,
                -3.5762786865234377e-7
            ]
        },
        {
            "name": "Dam_Concrete_20_Floodgate",
            "pos": [
                11747.4873046875,
                110.8409423828125,
                12653.708984375
            ],
            "ypr": [
                -161.35484313964845,
                0.0,
                -3.5762786865234377e-7
            ]
        },
        {
            "name": "Dam_Concrete_20_Floodgate",
            "pos": [
                11766.423828125,
                110.8409423828125,
                12647.3251953125
            ],
            "ypr": [
                -161.35484313964845,
                0.0,
                -3.5762786865234377e-7
            ]
        },
        {
            "name": "Dam_Concrete_20_Floodgate",
            "pos": [
                11785.3759765625,
                110.8409423828125,
                12640.9326171875
            ],
            "ypr": [
                -161.35484313964845,
                0.0,
                -3.5762786865234377e-7
            ]
        },
        {
            "name": "Dam_Concrete_20_Floodgate",
            "pos": [
                11804.314453125,
                110.8409423828125,
                12634.5400390625
            ],
            "ypr": [
                -161.35484313964845,
                0.0,
                -3.5762786865234377e-7
            ]
        },
        {
            "name": "Dam_Concrete_20_Floodgate",
            "pos": [
                11709.6015625,
                110.8409423828125,
                12666.51171875
            ],
            "ypr": [
                -161.35484313964845,
                0.0,
                -3.5762786865234377e-7
            ]
        },
        {
            "name": "Dam_Concrete_20_Floodgate",
            "pos": [
                11617.513671875,
                110.86196899414063,
                12665.009765625
            ],
            "ypr": [
                108.92121887207031,
                0.0,
                -3.5762786865234377e-7
            ]
        },
        {
            "name": "Dam_Concrete_20_Floodgate",
            "pos": [
                11624.0029296875,
                110.86196899414063,
                12683.9208984375
            ],
            "ypr": [
                108.92121887207031,
                0.0,
                -3.5762786865234377e-7
            ]
        },
        {
            "name": "Dam_Concrete_20_Floodgate",
            "pos": [
                11611.03125,
                110.86196899414063,
                12646.1025390625
            ],
            "ypr": [
                108.92121887207031,
                0.0,
                -3.5762786865234377e-7
            ]
        },
        {
            "name": "Dam_Concrete_20_Floodgate",
            "pos": [
                11578.603515625,
                110.86196899414063,
                12551.5107421875
            ],
            "ypr": [
                108.92121887207031,
                0.0,
                -3.5762786865234377e-7
            ]
        },
        {
            "name": "Dam_Concrete_20_Floodgate",
            "pos": [
                11585.076171875,
                110.86196899414063,
                12570.435546875
            ],
            "ypr": [
                108.92121887207031,
                0.0,
                -3.5762786865234377e-7
            ]
        },
        {
            "name": "Dam_Concrete_20_Floodgate",
            "pos": [
                11591.5810546875,
                110.86196899414063,
                12589.3544921875
            ],
            "ypr": [
                108.92121887207031,
                0.0,
                -3.5762786865234377e-7
            ]
        },
        {
            "name": "Dam_Concrete_20_Floodgate",
            "pos": [
                11598.0615234375,
                110.86196899414063,
                12608.2724609375
            ],
            "ypr": [
                108.92121887207031,
                0.0,
                -3.5762786865234377e-7
            ]
        },
        {
            "name": "Dam_Concrete_20_Floodgate",
            "pos": [
                11604.5556640625,
                110.86196899414063,
                12627.1806640625
            ],
            "ypr": [
                108.92121887207031,
                0.0,
                -3.5762786865234377e-7
            ]
        },
        {
            "name": "Dam_Concrete_20_Floodgate",
            "pos": [
                11572.125,
                110.86196899414063,
                12532.6025390625
            ],
            "ypr": [
                108.92132568359375,
                0.0,
                -3.5762786865234377e-7
            ]
        },
        {
            "name": "Dam_Concrete_20_Floodgate",
            "pos": [
                11819.7822265625,
                110.88380432128906,
                12615.623046875
            ],
            "ypr": [
                -71.2280044555664,
                0.0,
                0.0
            ]
        },
        {
            "name": "Dam_Concrete_20_Floodgate",
            "pos": [
                11813.3818359375,
                110.88380432128906,
                12596.72265625
            ],
            "ypr": [
                -71.2280044555664,
                0.0,
                0.0
            ]
        },
        {
            "name": "Dam_Concrete_20_Floodgate",
            "pos": [
                11806.953125,
                110.88380432128906,
                12577.783203125
            ],
            "ypr": [
                -71.22795104980469,
                0.0,
                -3.5762786865234377e-7
            ]
        },
        {
            "name": "Dam_Concrete_20_Floodgate",
            "pos": [
                11794.0732421875,
                110.88380432128906,
                12539.9267578125
            ],
            "ypr": [
                -71.22795104980469,
                0.0,
                -3.5762786865234377e-7
            ]
        },
        {
            "name": "Dam_Concrete_20_Floodgate",
            "pos": [
                11787.650390625,
                110.88380432128906,
                12520.9951171875
            ],
            "ypr": [
                -71.22795104980469,
                0.0,
                -3.5762786865234377e-7
            ]
        },
        {
            "name": "Dam_Concrete_20_Floodgate",
            "pos": [
                11781.2109375,
                110.88380432128906,
                12502.078125
            ],
            "ypr": [
                -71.22795104980469,
                0.0,
                -3.5762786865234377e-7
            ]
        },
        {
            "name": "Dam_Concrete_20_Floodgate",
            "pos": [
                11774.76953125,
                110.88380432128906,
                12483.1240234375
            ],
            "ypr": [
                -71.22775268554688,
                0.0,
                -3.5762786865234377e-7
            ]
        },
        {
            "name": "Dam_Concrete_20_Floodgate",
            "pos": [
                11768.34765625,
                110.88380432128906,
                12464.205078125
            ],
            "ypr": [
                -71.22795104980469,
                0.0,
                -3.5762786865234377e-7
            ]
        },
        {
            "name": "Dam_Concrete_20_Floodgate",
            "pos": [
                11800.537109375,
                110.88380432128906,
                12558.8408203125
            ],
            "ypr": [
                -71.22795104980469,
                0.0,
                -3.5762786865234377e-7
            ]
        },
        {
            "name": "Dam_Concrete_20_Floodgate",
            "pos": [
                11589.6142578125,
                126.99641418457031,
                12518.833984375
            ],
            "ypr": [
                18.709749221801759,
                0.0,
                -3.5762786865234377e-7
            ]
        },
        {
            "name": "Dam_Concrete_20_Floodgate",
            "pos": [
                11570.6572265625,
                126.99644470214844,
                12525.22265625
            ],
            "ypr": [
                18.709699630737306,
                0.0,
                0.0
            ]
        },
        {
            "name": "Dam_Concrete_20_Floodgate",
            "pos": [
                11608.544921875,
                126.99641418457031,
                12512.423828125
            ],
            "ypr": [
                18.709749221801759,
                0.0,
                -3.5762786865234377e-7
            ]
        },
        {
            "name": "Dam_Concrete_20_Floodgate",
            "pos": [
                11703.2490234375,
                126.99641418457031,
                12480.3466796875
            ],
            "ypr": [
                18.709749221801759,
                0.0,
                -3.5762786865234377e-7
            ]
        },
        {
            "name": "Dam_Concrete_20_Floodgate",
            "pos": [
                11684.30859375,
                126.99641418457031,
                12486.7509765625
            ],
            "ypr": [
                18.709749221801759,
                0.0,
                -3.5762786865234377e-7
            ]
        },
        {
            "name": "Dam_Concrete_20_Floodgate",
            "pos": [
                11665.365234375,
                126.99641418457031,
                12493.1845703125
            ],
            "ypr": [
                18.709749221801759,
                0.0,
                -3.5762786865234377e-7
            ]
        },
        {
            "name": "Dam_Concrete_20_Floodgate",
            "pos": [
                11646.41796875,
                126.99641418457031,
                12499.5927734375
            ],
            "ypr": [
                18.709749221801759,
                0.0,
                -3.5762786865234377e-7
            ]
        },
        {
            "name": "Dam_Concrete_20_Floodgate",
            "pos": [
                11627.48046875,
                126.99641418457031,
                12506.01171875
            ],
            "ypr": [
                18.709749221801759,
                0.0,
                -3.5762786865234377e-7
            ]
        },
        {
            "name": "Dam_Concrete_20_Floodgate",
            "pos": [
                11760.099609375,
                127.39599609375,
                12461.099609375
            ],
            "ypr": [
                18.709699630737306,
                0.0,
                0.0
            ]
        },
        {
            "name": "Dam_Concrete_20_Floodgate",
            "pos": [
                11741.12109375,
                126.99641418457031,
                12467.5283203125
            ],
            "ypr": [
                18.709749221801759,
                0.0,
                -3.5762786865234377e-7
            ]
        },
        {
            "name": "Dam_Concrete_20_Floodgate",
            "pos": [
                11722.185546875,
                126.99641418457031,
                12473.935546875
            ],
            "ypr": [
                18.7097225189209,
                0.0,
                -3.5762786865234377e-7
            ]
        },
        {
            "name": "Dam_Concrete_20_Floodgate",
            "pos": [
                11633.8125,
                126.8409423828125,
                12692.07421875
            ],
            "ypr": [
                -161.35484313964845,
                0.0,
                -3.5762786865234377e-7
            ]
        },
        {
            "name": "Dam_Concrete_20_Floodgate",
            "pos": [
                11652.7587890625,
                126.8409423828125,
                12685.6796875
            ],
            "ypr": [
                -161.35484313964845,
                0.0,
                -3.5762786865234377e-7
            ]
        },
        {
            "name": "Dam_Concrete_20_Floodgate",
            "pos": [
                11671.7080078125,
                126.8409423828125,
                12679.2841796875
            ],
            "ypr": [
                -161.35484313964845,
                0.0,
                -3.5762786865234377e-7
            ]
        },
        {
            "name": "Dam_Concrete_20_Floodgate",
            "pos": [
                11690.66015625,
                126.8409423828125,
                12672.8857421875
            ],
            "ypr": [
                -161.35484313964845,
                0.0,
                -3.5762786865234377e-7
            ]
        },
        {
            "name": "Dam_Concrete_20_Floodgate",
            "pos": [
                11728.5302734375,
                126.8409423828125,
                12660.095703125
            ],
            "ypr": [
                -161.35484313964845,
                0.0,
                -3.5762786865234377e-7
            ]
        },
        {
            "name": "Dam_Concrete_20_Floodgate",
            "pos": [
                11747.4873046875,
                126.8409423828125,
                12653.708984375
            ],
            "ypr": [
                -161.35484313964845,
                0.0,
                -3.5762786865234377e-7
            ]
        },
        {
            "name": "Dam_Concrete_20_Floodgate",
            "pos": [
                11766.423828125,
                126.8409423828125,
                12647.3251953125
            ],
            "ypr": [
                -161.35484313964845,
                0.0,
                -3.5762786865234377e-7
            ]
        },
        {
            "name": "Dam_Concrete_20_Floodgate",
            "pos": [
                11785.3759765625,
                126.8409423828125,
                12640.9326171875
            ],
            "ypr": [
                -161.35484313964845,
                0.0,
                -3.5762786865234377e-7
            ]
        },
        {
            "name": "Dam_Concrete_20_Floodgate",
            "pos": [
                11804.314453125,
                126.8409423828125,
                12634.5400390625
            ],
            "ypr": [
                -161.35484313964845,
                0.0,
                -3.5762786865234377e-7
            ]
        },
        {
            "name": "Dam_Concrete_20_Floodgate",
            "pos": [
                11709.6015625,
                126.8409423828125,
                12666.51171875
            ],
            "ypr": [
                -161.35484313964845,
                0.0,
                -3.5762786865234377e-7
            ]
        },
        {
            "name": "Dam_Concrete_20_Floodgate",
            "pos": [
                11617.513671875,
                126.86196899414063,
                12665.009765625
            ],
            "ypr": [
                108.92121887207031,
                0.0,
                -3.5762786865234377e-7
            ]
        },
        {
            "name": "Dam_Concrete_20_Floodgate",
            "pos": [
                11624.0029296875,
                126.86196899414063,
                12683.9208984375
            ],
            "ypr": [
                108.92121887207031,
                0.0,
                -3.5762786865234377e-7
            ]
        },
        {
            "name": "Dam_Concrete_20_Floodgate",
            "pos": [
                11611.03125,
                126.86196899414063,
                12646.1025390625
            ],
            "ypr": [
                108.92121887207031,
                0.0,
                -3.5762786865234377e-7
            ]
        },
        {
            "name": "Dam_Concrete_20_Floodgate",
            "pos": [
                11578.603515625,
                126.86196899414063,
                12551.5107421875
            ],
            "ypr": [
                108.92121887207031,
                0.0,
                -3.5762786865234377e-7
            ]
        },
        {
            "name": "Dam_Concrete_20_Floodgate",
            "pos": [
                11585.076171875,
                126.86196899414063,
                12570.435546875
            ],
            "ypr": [
                108.92121887207031,
                0.0,
                -3.5762786865234377e-7
            ]
        },
        {
            "name": "Dam_Concrete_20_Floodgate",
            "pos": [
                11591.5810546875,
                126.86196899414063,
                12589.3544921875
            ],
            "ypr": [
                108.92121887207031,
                0.0,
                -3.5762786865234377e-7
            ]
        },
        {
            "name": "Dam_Concrete_20_Floodgate",
            "pos": [
                11598.0615234375,
                126.86196899414063,
                12608.2724609375
            ],
            "ypr": [
                108.92121887207031,
                0.0,
                -3.5762786865234377e-7
            ]
        },
        {
            "name": "Dam_Concrete_20_Floodgate",
            "pos": [
                11604.5556640625,
                126.86196899414063,
                12627.1806640625
            ],
            "ypr": [
                108.92121887207031,
                0.0,
                -3.5762786865234377e-7
            ]
        },
        {
            "name": "Dam_Concrete_20_Floodgate",
            "pos": [
                11572.125,
                126.86196899414063,
                12532.6025390625
            ],
            "ypr": [
                108.92132568359375,
                0.0,
                -3.5762786865234377e-7
            ]
        },
        {
            "name": "Dam_Concrete_20_Floodgate",
            "pos": [
                11819.7822265625,
                126.88380432128906,
                12615.623046875
            ],
            "ypr": [
                -71.22811126708985,
                0.0,
                0.0
            ]
        },
        {
            "name": "Dam_Concrete_20_Floodgate",
            "pos": [
                11813.3818359375,
                126.88380432128906,
                12596.72265625
            ],
            "ypr": [
                -71.2280044555664,
                0.0,
                0.0
            ]
        },
        {
            "name": "Dam_Concrete_20_Floodgate",
            "pos": [
                11806.953125,
                126.88380432128906,
                12577.783203125
            ],
            "ypr": [
                -71.22795104980469,
                0.0,
                -3.5762786865234377e-7
            ]
        },
        {
            "name": "Dam_Concrete_20_Floodgate",
            "pos": [
                11794.0732421875,
                126.88380432128906,
                12539.9267578125
            ],
            "ypr": [
                -71.22795104980469,
                0.0,
                -3.5762786865234377e-7
            ]
        },
        {
            "name": "Dam_Concrete_20_Floodgate",
            "pos": [
                11787.650390625,
                126.88380432128906,
                12520.9951171875
            ],
            "ypr": [
                -71.22795104980469,
                0.0,
                -3.5762786865234377e-7
            ]
        },
        {
            "name": "Dam_Concrete_20_Floodgate",
            "pos": [
                11781.2109375,
                126.88380432128906,
                12502.078125
            ],
            "ypr": [
                -71.22795104980469,
                0.0,
                -3.5762786865234377e-7
            ]
        },
        {
            "name": "Dam_Concrete_20_Floodgate",
            "pos": [
                11774.76953125,
                126.88380432128906,
                12483.1240234375
            ],
            "ypr": [
                -71.22775268554688,
                0.0,
                -3.5762786865234377e-7
            ]
        },
        {
            "name": "Dam_Concrete_20_Floodgate",
            "pos": [
                11768.34765625,
                126.88380432128906,
                12464.205078125
            ],
            "ypr": [
                -71.22795104980469,
                0.0,
                -3.5762786865234377e-7
            ]
        },
        {
            "name": "Dam_Concrete_20_Floodgate",
            "pos": [
                11800.537109375,
                126.88380432128906,
                12558.8408203125
            ],
            "ypr": [
                -71.22795104980469,
                0.0,
                -3.5762786865234377e-7
            ]
        },
        {
            "name": "Land_Lighthouse",
            "pos": [
                11695.0,
                140.3000030517578,
                12533.0
            ],
            "ypr": [
                19.999996185302736,
                0.0,
                0.0
            ]
        },
        {
            "name": "Land_Castle_Bergfrit",
            "pos": [
                11694.2998046875,
                116.30000305175781,
                12528.0
            ],
            "ypr": [
                21.0,
                0.0,
                0.0
            ]
        },
        {
            "name": "Land_Castle_Stairs",
            "pos": [
                11680.0,
                106.30000305175781,
                12531.5
            ],
            "ypr": [
                21.0,
                0.0,
                0.0
            ]
        },
        {
            "name": "Land_Ruin_Shed_Closed",
            "pos": [
                11686.2998046875,
                143.0,
                12537.099609375
            ],
            "ypr": [
                35.999996185302737,
                0.0,
                0.0
            ]
        },
        {
            "name": "Land_Ruin_Shed_Closed",
            "pos": [
                11699.5,
                142.39999389648438,
                12542.099609375
            ],
            "ypr": [
                109.9999771118164,
                0.0,
                0.0
            ]
        },
        {
            "name": "Land_Ruin_Shed_Closed",
            "pos": [
                11704.7001953125,
                142.1999969482422,
                12531.400390625
            ],
            "ypr": [
                0.0,
                0.0,
                0.0
            ]
        },
        {
            "name": "Land_Ruin_Shed_Closed",
            "pos": [
                11689.2998046875,
                144.0,
                12522.0
            ],
            "ypr": [
                90.0,
                0.0,
                3.0
            ]
        },
        {
            "name": "Barrel_Green",
            "pos": [
                11701.099609375,
                108.0,
                12533.400390625
            ],
            "ypr": [
                0.0,
                0.0,
                0.0
            ]
        },
        {
            "name": "Barrel_Green",
            "pos": [
                11700.2998046875,
                108.0,
                12533.7001953125
            ],
            "ypr": [
                0.0,
                0.0,
                0.0
            ]
        },
        {
            "name": "Barrel_Green",
            "pos": [
                11699.5029296875,
                108.0,
                12533.9990234375
            ],
            "ypr": [
                0.0,
                0.0,
                0.0
            ]
        },
        {
            "name": "Barrel_Green",
            "pos": [
                11698.7060546875,
                108.0,
                12534.2978515625
            ],
            "ypr": [
                0.0,
                0.0,
                0.0
            ]
        },
        {
            "name": "Barrel_Green",
            "pos": [
                11697.9091796875,
                108.0,
                12534.5966796875
            ],
            "ypr": [
                0.0,
                0.0,
                0.0
            ]
        },
        {
            "name": "Barrel_Green",
            "pos": [
                11697.1123046875,
                108.0,
                12534.9951171875
            ],
            "ypr": [
                0.0,
                0.0,
                0.0
            ]
        },
        {
            "name": "Barrel_Green",
            "pos": [
                11696.3154296875,
                108.0,
                12535.2939453125
            ],
            "ypr": [
                0.0,
                0.0,
                0.0
            ]
        },
        {
            "name": "Barrel_Green",
            "pos": [
                11695.4189453125,
                108.0,
                12535.5927734375
            ],
            "ypr": [
                0.0,
                0.0,
                0.0
            ]
        },
        {
            "name": "Barrel_Green",
            "pos": [
                11694.5224609375,
                108.0,
                12535.8916015625
            ],
            "ypr": [
                0.0,
                0.0,
                0.0
            ]
        },
        {
            "name": "Barrel_Green",
            "pos": [
                11693.6259765625,
                108.0,
                12536.1904296875
            ],
            "ypr": [
                0.0,
                0.0,
                0.0
            ]
        },
        {
            "name": "ZmbM_SoldierNormal",
            "pos": [
                11724.2998046875,
                108.0,
                12565.2001953125
            ],
            "ypr": [
                0.0,
                0.0,
                0.0
            ]
        }
    ]
}