{
    "Objects": [
        {
            "name": "Land_Ruin_Highway_Pillar1",
            "pos": [
                13258.900390625,
                0.0,
                3379.429931640625
            ],
            "ypr": [
                55.0000114440918,
                -90.0,
                -0.000005008955668017734
            ]
        },
        {
            "name": "Land_Ruin_Highway_Pillar1",
            "pos": [
                13253.322265625,
                0.0,
                3375.426025390625
            ],
            "ypr": [
                -124.99999237060547,
                -90.0,
                0.000022311800421448426
            ]
        },
        {
            "name": "Land_Castle_Wall1_20",
            "pos": [
                13251.900390625,
                -2.200000047683716,
                3375.669921875
            ],
            "ypr": [
                -125.99999237060547,
                0.0,
                0.0
            ]
        },
        {
            "name": "Land_Castle_Wall1_20",
            "pos": [
                13259.4052734375,
                -2.200000047683716,
                3381.17822265625
            ],
            "ypr": [
                54.99999237060547,
                0.0,
                0.0
            ]
        },
        {
            "name": "Land_Ruin_Highway_Pillar1",
            "pos": [
                13246.84765625,
                0.0,
                3396.346435546875
            ],
            "ypr": [
                -124.99998474121094,
                -90.0,
                179.99998474121095
            ]
        },
        {
            "name": "Land_Ruin_Highway_Pillar1",
            "pos": [
                13241.26953125,
                0.0,
                3392.342529296875
            ],
            "ypr": [
                55.0000114440918,
                -89.97201538085938,
                -179.99996948242188
            ]
        },
        {
            "name": "Land_Castle_Wall1_20",
            "pos": [
                13239.84765625,
                -2.200000047683716,
                3392.58642578125
            ],
            "ypr": [
                -125.99999237060547,
                0.0,
                0.0
            ]
        },
        {
            "name": "Land_Castle_Wall1_20",
            "pos": [
                13247.3525390625,
                -2.200000047683716,
                3398.0947265625
            ],
            "ypr": [
                54.99999237060547,
                0.0,
                0.0
            ]
        },
        {
            "name": "Land_Ruin_Highway_Pillar1",
            "pos": [
                13234.89453125,
                0.0,
                3413.162841796875
            ],
            "ypr": [
                -124.99998474121094,
                -90.0,
                179.99998474121095
            ]
        },
        {
            "name": "Land_Ruin_Highway_Pillar1",
            "pos": [
                13229.31640625,
                0.0,
                3409.158935546875
            ],
            "ypr": [
                55.0000114440918,
                -89.97201538085938,
                -179.99996948242188
            ]
        },
        {
            "name": "Land_Castle_Wall1_20",
            "pos": [
                13227.89453125,
                -2.200000047683716,
                3409.40283203125
            ],
            "ypr": [
                -125.99999237060547,
                0.0,
                0.0
            ]
        },
        {
            "name": "Land_Castle_Wall1_20",
            "pos": [
                13235.3994140625,
                -2.200000047683716,
                3414.9111328125
            ],
            "ypr": [
                54.99999237060547,
                0.0,
                0.0
            ]
        },
        {
            "name": "Land_Ruin_Highway_Pillar1",
            "pos": [
                13222.841796875,
                0.0,
                3430.079345703125
            ],
            "ypr": [
                55.0000114440918,
                -90.0,
                -0.000022311800421448426
            ]
        },
        {
            "name": "Land_Ruin_Highway_Pillar1",
            "pos": [
                13217.2998046875,
                0.0,
                3426.080078125
            ],
            "ypr": [
                54.99999237060547,
                -89.96043395996094,
                179.99998474121095
            ]
        },
        {
            "name": "Land_Castle_Wall1_20",
            "pos": [
                13215.7998046875,
                -2.200000047683716,
                3426.320068359375
            ],
            "ypr": [
                -125.99999237060547,
                0.0,
                0.0
            ]
        },
        {
            "name": "Land_Castle_Wall1_20",
            "pos": [
                13223.3466796875,
                -2.200000047683716,
                3431.82763671875
            ],
            "ypr": [
                54.99999237060547,
                0.0,
                0.0
            ]
        },
        {
            "name": "Land_Ruin_Highway_Pillar1",
            "pos": [
                13211.0,
                0.0,
                3446.9599609375
            ],
            "ypr": [
                54.9999885559082,
                -90.0,
                -0.000005008955668017734
            ]
        },
        {
            "name": "Land_Ruin_Highway_Pillar1",
            "pos": [
                13205.400390625,
                0.0,
                3442.9599609375
            ],
            "ypr": [
                54.99999237060547,
                -89.97201538085938,
                179.99998474121095
            ]
        },
        {
            "name": "Land_Castle_Wall1_20",
            "pos": [
                13204.0,
                -2.1463100910186769,
                3443.199951171875
            ],
            "ypr": [
                -125.99999237060547,
                0.0,
                0.0
            ]
        },
        {
            "name": "Land_Castle_Wall1_20",
            "pos": [
                13211.5,
                -2.1463100910186769,
                3448.7099609375
            ],
            "ypr": [
                54.99999237060547,
                0.0,
                0.0
            ]
        },
        {
            "name": "Land_Ruin_Highway_Pillar1",
            "pos": [
                13198.900390625,
                0.0,
                3463.8798828125
            ],
            "ypr": [
                54.9999885559082,
                -90.0,
                0.000005008955668017734
            ]
        },
        {
            "name": "Land_Ruin_Highway_Pillar1",
            "pos": [
                13193.2998046875,
                0.0,
                3459.8798828125
            ],
            "ypr": [
                54.99999237060547,
                -89.96043395996094,
                179.99998474121095
            ]
        },
        {
            "name": "Land_Castle_Wall1_20",
            "pos": [
                13191.908203125,
                -2.146314859390259,
                3460.120849609375
            ],
            "ypr": [
                -125.99999237060547,
                0.0,
                0.0
            ]
        },
        {
            "name": "Land_Castle_Wall1_20",
            "pos": [
                13199.4130859375,
                -2.146314859390259,
                3465.629150390625
            ],
            "ypr": [
                54.99999237060547,
                0.0,
                0.0
            ]
        },
        {
            "name": "Land_Ruin_Highway_Pillar1",
            "pos": [
                13187.0,
                0.0,
                3480.699951171875
            ],
            "ypr": [
                54.9999885559082,
                -90.0,
                0.000005008955668017734
            ]
        },
        {
            "name": "Land_Ruin_Highway_Pillar1",
            "pos": [
                13181.400390625,
                0.0,
                3476.68994140625
            ],
            "ypr": [
                54.99999237060547,
                -89.96043395996094,
                179.99998474121095
            ]
        },
        {
            "name": "Land_Castle_Wall1_20",
            "pos": [
                13179.955078125,
                -2.146314859390259,
                3476.937255859375
            ],
            "ypr": [
                -125.99999237060547,
                0.0,
                0.0
            ]
        },
        {
            "name": "Land_Castle_Wall1_20",
            "pos": [
                13187.4599609375,
                -2.146314859390259,
                3482.445556640625
            ],
            "ypr": [
                54.99999237060547,
                0.0,
                0.0
            ]
        },
        {
            "name": "Land_Ruin_Highway_Pillar1",
            "pos": [
                13174.900390625,
                0.0,
                3497.610107421875
            ],
            "ypr": [
                -124.99999237060547,
                -90.0,
                -180.0
            ]
        },
        {
            "name": "Land_Ruin_Highway_Pillar1",
            "pos": [
                13169.2998046875,
                0.0,
                3493.610107421875
            ],
            "ypr": [
                54.9999885559082,
                -89.9476547241211,
                179.99998474121095
            ]
        },
        {
            "name": "Land_Castle_Wall1_20",
            "pos": [
                13167.90234375,
                -2.146314859390259,
                3493.853759765625
            ],
            "ypr": [
                -125.99992370605469,
                0.0,
                0.0
            ]
        },
        {
            "name": "Land_Castle_Wall1_20",
            "pos": [
                13175.4072265625,
                -2.146314859390259,
                3499.362060546875
            ],
            "ypr": [
                54.99999237060547,
                0.0,
                0.0
            ]
        },
        {
            "name": "Land_Ruin_Highway_Pillar1",
            "pos": [
                13163.099609375,
                0.0,
                3514.280029296875
            ],
            "ypr": [
                -124.99999237060547,
                -90.0,
                -180.0
            ]
        },
        {
            "name": "Land_Ruin_Highway_Pillar1",
            "pos": [
                13157.5,
                0.0,
                3510.27001953125
            ],
            "ypr": [
                54.99999237060547,
                -89.97201538085938,
                179.99998474121095
            ]
        },
        {
            "name": "Land_Castle_Wall1_20",
            "pos": [
                13156.07421875,
                -2.1850967407226564,
                3510.517822265625
            ],
            "ypr": [
                -125.99999237060547,
                0.0,
                0.0
            ]
        },
        {
            "name": "Land_Castle_Wall1_20",
            "pos": [
                13163.599609375,
                -2.1851000785827638,
                3516.030029296875
            ],
            "ypr": [
                54.99999237060547,
                0.0,
                0.0
            ]
        },
        {
            "name": "Land_Ruin_Highway_Pillar1",
            "pos": [
                13151.0,
                0.0,
                3531.18994140625
            ],
            "ypr": [
                54.9999885559082,
                -90.0,
                0.000005008955668017734
            ]
        },
        {
            "name": "Land_Ruin_Highway_Pillar1",
            "pos": [
                13145.400390625,
                0.0,
                3527.18994140625
            ],
            "ypr": [
                54.99999237060547,
                -89.96043395996094,
                179.99998474121095
            ]
        },
        {
            "name": "Land_Castle_Wall1_20",
            "pos": [
                13144.021484375,
                -2.1850967407226564,
                3527.434326171875
            ],
            "ypr": [
                -125.99999237060547,
                0.0,
                0.0
            ]
        },
        {
            "name": "Land_Castle_Wall1_20",
            "pos": [
                13151.5263671875,
                -2.1850967407226564,
                3532.942626953125
            ],
            "ypr": [
                54.99999237060547,
                0.0,
                0.0
            ]
        },
        {
            "name": "Land_Ruin_Highway_Pillar1",
            "pos": [
                13139.099609375,
                0.0,
                3548.010009765625
            ],
            "ypr": [
                54.9999885559082,
                -90.0,
                0.000005008955668017734
            ]
        },
        {
            "name": "Land_Ruin_Highway_Pillar1",
            "pos": [
                13133.5,
                0.0,
                3544.010009765625
            ],
            "ypr": [
                54.99999237060547,
                -89.96043395996094,
                179.99998474121095
            ]
        },
        {
            "name": "Land_Castle_Wall1_20",
            "pos": [
                13132.068359375,
                -2.1850967407226564,
                3544.250732421875
            ],
            "ypr": [
                -125.99999237060547,
                0.0,
                0.0
            ]
        },
        {
            "name": "Land_Castle_Wall1_20",
            "pos": [
                13139.5732421875,
                -2.1850967407226564,
                3549.759033203125
            ],
            "ypr": [
                54.99999237060547,
                0.0,
                0.0
            ]
        },
        {
            "name": "Land_Ruin_Highway_Pillar1",
            "pos": [
                13127.0,
                0.0,
                3564.929931640625
            ],
            "ypr": [
                -124.99999237060547,
                -90.0,
                -180.0
            ]
        },
        {
            "name": "Land_Ruin_Highway_Pillar1",
            "pos": [
                13121.5,
                0.0,
                3560.929931640625
            ],
            "ypr": [
                54.99999237060547,
                -89.97201538085938,
                -179.99998474121095
            ]
        },
        {
            "name": "Land_Castle_Wall1_20",
            "pos": [
                13119.9736328125,
                -2.1850967407226564,
                3561.16796875
            ],
            "ypr": [
                -125.99999237060547,
                0.0,
                0.0
            ]
        },
        {
            "name": "Land_Castle_Wall1_20",
            "pos": [
                13127.5205078125,
                -2.1850967407226564,
                3566.675537109375
            ],
            "ypr": [
                54.99999237060547,
                0.0,
                0.0
            ]
        },
        {
            "name": "Land_Ruin_Highway_Pillar1",
            "pos": [
                13115.2001953125,
                0.0,
                3581.81005859375
            ],
            "ypr": [
                -124.99999237060547,
                -90.0,
                -180.0
            ]
        },
        {
            "name": "Land_Ruin_Highway_Pillar1",
            "pos": [
                13109.599609375,
                0.0,
                3577.81005859375
            ],
            "ypr": [
                54.9999885559082,
                -90.0,
                -180.0
            ]
        },
        {
            "name": "Land_Castle_Wall1_20",
            "pos": [
                13108.173828125,
                -2.131406784057617,
                3578.0478515625
            ],
            "ypr": [
                -125.99999237060547,
                0.0,
                0.0
            ]
        },
        {
            "name": "Land_Castle_Wall1_20",
            "pos": [
                13115.673828125,
                -2.131406784057617,
                3583.557861328125
            ],
            "ypr": [
                54.99999237060547,
                0.0,
                0.0
            ]
        },
        {
            "name": "Land_Ruin_Highway_Pillar1",
            "pos": [
                13103.099609375,
                0.0,
                3598.72998046875
            ],
            "ypr": [
                -124.99999237060547,
                -90.0,
                -180.0
            ]
        },
        {
            "name": "Land_Ruin_Highway_Pillar1",
            "pos": [
                13097.5,
                0.0,
                3594.72998046875
            ],
            "ypr": [
                54.99999237060547,
                -89.97201538085938,
                -179.99998474121095
            ]
        },
        {
            "name": "Land_Castle_Wall1_20",
            "pos": [
                13096.08203125,
                -2.131411552429199,
                3594.96875
            ],
            "ypr": [
                -125.99999237060547,
                0.0,
                0.0
            ]
        },
        {
            "name": "Land_Castle_Wall1_20",
            "pos": [
                13103.5869140625,
                -2.131411552429199,
                300.47705078125
            ],
            "ypr": [
                54.99999237060547,
                0.0,
                0.0
            ]
        },
        {
            "name": "Land_Ruin_Highway_Pillar1",
            "pos": [
                13091.2001953125,
                0.0,
                3615.550048828125
            ],
            "ypr": [
                -124.99999237060547,
                -90.0,
                -180.0
            ]
        },
        {
            "name": "Land_Ruin_Highway_Pillar1",
            "pos": [
                13085.599609375,
                0.0,
                3611.5400390625
            ],
            "ypr": [
                54.99999237060547,
                -89.97201538085938,
                -179.99998474121095
            ]
        },
        {
            "name": "Land_Castle_Wall1_20",
            "pos": [
                13084.12890625,
                -2.131411552429199,
                3611.78515625
            ],
            "ypr": [
                -125.99999237060547,
                0.0,
                0.0
            ]
        },
        {
            "name": "Land_Castle_Wall1_20",
            "pos": [
                13091.6337890625,
                -2.131411552429199,
                3617.29345703125
            ],
            "ypr": [
                54.99999237060547,
                0.0,
                0.0
            ]
        },
        {
            "name": "Land_Ruin_Highway_Pillar1",
            "pos": [
                13079.099609375,
                0.0,
                3632.4599609375
            ],
            "ypr": [
                54.9999885559082,
                -90.0,
                0.000005008955668017734
            ]
        },
        {
            "name": "Land_Ruin_Highway_Pillar1",
            "pos": [
                13073.5,
                0.0,
                3628.4599609375
            ],
            "ypr": [
                54.99999237060547,
                -89.95575714111328,
                -179.99998474121095
            ]
        },
        {
            "name": "Land_Castle_Wall1_20",
            "pos": [
                13072.099609375,
                -2.1314098834991457,
                3628.699951171875
            ],
            "ypr": [
                -125.99999237060547,
                0.0,
                0.0
            ]
        },
        {
            "name": "Land_Castle_Wall1_20",
            "pos": [
                13079.599609375,
                -2.1314098834991457,
                3634.2099609375
            ],
            "ypr": [
                54.99999237060547,
                0.0,
                0.0
            ]
        },
        {
            "name": "Land_Ruin_Highway_Pillar1",
            "pos": [
                13067.2939453125,
                0.0,
                3649.182861328125
            ],
            "ypr": [
                55.0000114440918,
                -90.0,
                -0.000005008955668017734
            ]
        },
        {
            "name": "Land_Ruin_Highway_Pillar1",
            "pos": [
                13061.693359375,
                0.0,
                3645.1728515625
            ],
            "ypr": [
                54.99999237060547,
                -89.97201538085938,
                -179.99996948242188
            ]
        },
        {
            "name": "Land_Castle_Wall1_20",
            "pos": [
                13060.2001953125,
                -2.1314098834991457,
                3645.419921875
            ],
            "ypr": [
                -125.99999237060547,
                0.0,
                0.0
            ]
        },
        {
            "name": "Land_Castle_Wall1_20",
            "pos": [
                13067.7001953125,
                -2.1314098834991457,
                3650.929931640625
            ],
            "ypr": [
                54.99999237060547,
                0.0,
                0.0
            ]
        },
        {
            "name": "Land_Ruin_Highway_Pillar1",
            "pos": [
                13055.193359375,
                0.0,
                3666.0927734375
            ],
            "ypr": [
                -124.99999237060547,
                -90.0,
                -179.99998474121095
            ]
        },
        {
            "name": "Land_Ruin_Highway_Pillar1",
            "pos": [
                13049.59375,
                0.0,
                3662.0927734375
            ],
            "ypr": [
                54.9999885559082,
                -89.95575714111328,
                -179.99996948242188
            ]
        },
        {
            "name": "Land_Castle_Wall1_20",
            "pos": [
                13048.2001953125,
                -2.1314098834991457,
                3662.330078125
            ],
            "ypr": [
                -125.99999237060547,
                0.0,
                0.0
            ]
        },
        {
            "name": "Land_Castle_Wall1_20",
            "pos": [
                13055.7001953125,
                -2.1314098834991457,
                3667.840087890625
            ],
            "ypr": [
                54.99999237060547,
                0.0,
                0.0
            ]
        },
        {
            "name": "Land_Ruin_Highway_Pillar1",
            "pos": [
                13043.43359375,
                0.0,
                3682.81201171875
            ],
            "ypr": [
                55.0000114440918,
                -90.0,
                -0.000005008955668017734
            ]
        },
        {
            "name": "Land_Ruin_Highway_Pillar1",
            "pos": [
                13037.833984375,
                0.0,
                3678.81201171875
            ],
            "ypr": [
                54.99999237060547,
                -89.97201538085938,
                -179.99996948242188
            ]
        },
        {
            "name": "Land_Castle_Wall1_20",
            "pos": [
                13036.400390625,
                -2.1314098834991457,
                3679.050048828125
            ],
            "ypr": [
                -125.99999237060547,
                0.0,
                0.0
            ]
        },
        {
            "name": "Land_Castle_Wall1_20",
            "pos": [
                13043.900390625,
                -2.1314098834991457,
                3684.56005859375
            ],
            "ypr": [
                54.99999237060547,
                0.0,
                0.0
            ]
        },
        {
            "name": "Land_Ruin_Highway_Pillar1",
            "pos": [
                13031.5341796875,
                0.0,
                3699.632080078125
            ],
            "ypr": [
                55.0000114440918,
                -90.0,
                -0.000005008955668017734
            ]
        },
        {
            "name": "Land_Ruin_Highway_Pillar1",
            "pos": [
                13025.93359375,
                0.0,
                3695.6220703125
            ],
            "ypr": [
                54.99999237060547,
                -89.97201538085938,
                -179.99996948242188
            ]
        },
        {
            "name": "Land_Castle_Wall1_20",
            "pos": [
                13024.5,
                -2.1314098834991457,
                3695.8701171875
            ],
            "ypr": [
                -125.99999237060547,
                0.0,
                0.0
            ]
        },
        {
            "name": "Land_Castle_Wall1_20",
            "pos": [
                13032.0,
                -2.1314098834991457,
                3701.3798828125
            ],
            "ypr": [
                54.99999237060547,
                0.0,
                0.0
            ]
        },
        {
            "name": "Land_Ruin_Highway_Pillar1",
            "pos": [
                13019.43359375,
                0.0,
                3716.5419921875
            ],
            "ypr": [
                -124.99999237060547,
                -90.0,
                -179.99998474121095
            ]
        },
        {
            "name": "Land_Ruin_Highway_Pillar1",
            "pos": [
                13013.833984375,
                0.0,
                3712.5419921875
            ],
            "ypr": [
                54.9999885559082,
                -89.95575714111328,
                -179.99996948242188
            ]
        },
        {
            "name": "Land_Castle_Wall1_20",
            "pos": [
                13012.400390625,
                -2.1314098834991457,
                3712.780029296875
            ],
            "ypr": [
                -125.99999237060547,
                0.0,
                0.0
            ]
        },
        {
            "name": "Land_Castle_Wall1_20",
            "pos": [
                13019.900390625,
                -2.1314098834991457,
                3718.2900390625
            ],
            "ypr": [
                54.99999237060547,
                0.0,
                0.0
            ]
        },
        {
            "name": "Land_Ruin_Highway_Pillar1",
            "pos": [
                13007.6279296875,
                0.0,
                3733.264892578125
            ],
            "ypr": [
                -124.99998474121094,
                -90.0,
                179.99998474121095
            ]
        },
        {
            "name": "Land_Ruin_Highway_Pillar1",
            "pos": [
                13002.02734375,
                0.0,
                3729.2548828125
            ],
            "ypr": [
                54.99999237060547,
                -89.97201538085938,
                -179.9999542236328
            ]
        },
        {
            "name": "Land_Castle_Wall1_20",
            "pos": [
                13000.599609375,
                -2.1314098834991457,
                3729.5
            ],
            "ypr": [
                -125.99999237060547,
                0.0,
                0.0
            ]
        },
        {
            "name": "Land_Castle_Wall1_20",
            "pos": [
                13008.099609375,
                -2.1314098834991457,
                3735.010009765625
            ],
            "ypr": [
                54.99999237060547,
                0.0,
                0.0
            ]
        },
        {
            "name": "Land_Ruin_Highway_Pillar1",
            "pos": [
                12995.52734375,
                0.0,
                3750.1748046875
            ],
            "ypr": [
                55.0000114440918,
                -90.0,
                0.000022311800421448426
            ]
        },
        {
            "name": "Land_Ruin_Highway_Pillar1",
            "pos": [
                12989.927734375,
                0.0,
                3746.1748046875
            ],
            "ypr": [
                54.9999885559082,
                -89.96572875976563,
                -179.9999542236328
            ]
        },
        {
            "name": "Land_Castle_Wall1_20",
            "pos": [
                12988.5,
                -2.0999999046325685,
                3746.419921875
            ],
            "ypr": [
                -125.99999237060547,
                0.0,
                0.0
            ]
        },
        {
            "name": "Land_Castle_Wall1_20",
            "pos": [
                12996.0,
                -2.1314098834991457,
                3751.919921875
            ],
            "ypr": [
                54.99999237060547,
                0.0,
                0.0
            ]
        },
        {
            "name": "Land_Castle_Gate",
            "pos": [
                12983.2998046875,
                8.699999809265137,
                3761.47998046875
            ],
            "ypr": [
                -35.999996185302737,
                1.654579997062683,
                -2.5239996910095217
            ]
        },
        {
            "name": "Land_Castle_Gate",
            "pos": [
                13258.01953125,
                8.399999618530274,
                3374.5947265625
            ],
            "ypr": [
                -35.999996185302737,
                0.0,
                0.0
            ]
        },
        {
            "name": "Bonfire",
            "pos": [
                13060.6005859375,
                9.199999809265137,
                3668.0390625
            ],
            "ypr": [
                54.99999237060547,
                0.0,
                0.0
            ]
        },
        {
            "name": "Land_Water_Station",
            "pos": [
                13060.798828125,
                4.248889923095703,
                3667.939453125
            ],
            "ypr": [
                -124.99998474121094,
                0.0,
                0.0
            ]
        },
        {
            "name": "Bonfire",
            "pos": [
                13000.2578125,
                7.747137069702148,
                3753.2294921875
            ],
            "ypr": [
                54.99999237060547,
                0.0,
                0.0
            ]
        },
        {
            "name": "Land_Water_Station",
            "pos": [
                13000.4560546875,
                2.796027660369873,
                3753.1298828125
            ],
            "ypr": [
                -124.99998474121094,
                0.0,
                0.0
            ]
        },
        {
            "name": "Bonfire",
            "pos": [
                13259.7607421875,
                8.740364074707032,
                3387.55322265625
            ],
            "ypr": [
                54.99999237060547,
                0.0,
                0.0
            ]
        },
        {
            "name": "Land_Water_Station",
            "pos": [
                13259.958984375,
                3.7892494201660158,
                3387.45361328125
            ],
            "ypr": [
                -124.99998474121094,
                0.0,
                0.0
            ]
        },
        {
            "name": "Bonfire",
            "pos": [
                13125.53515625,
                8.468270301818848,
                3576.090576171875
            ],
            "ypr": [
                54.99999237060547,
                0.0,
                0.0
            ]
        },
        {
            "name": "Land_Water_Station",
            "pos": [
                13125.7333984375,
                3.5171539783477785,
                3575.990966796875
            ],
            "ypr": [
                -124.99998474121094,
                0.0,
                0.0
            ]
        },
        {
            "name": "Bonfire",
            "pos": [
                13191.38671875,
                8.468242645263672,
                3483.843994140625
            ],
            "ypr": [
                54.99999237060547,
                0.0,
                0.0
            ]
        },
        {
            "name": "Land_Water_Station",
            "pos": [
                13191.5849609375,
                3.5171267986297609,
                3483.744384765625
            ],
            "ypr": [
                -124.99998474121094,
                0.0,
                0.0
            ]
        }
    ]
}