{
    "Objects": [
        {
            "name": "Land_Ruin_Highway_Pillar1",
            "pos": [
                2682.488525390625,
                -2.5784552097320558,
                1390.087890625
            ],
            "ypr": [
                -49.397403717041019,
                -90.0,
                179.99989318847657
            ]
        },
        {
            "name": "Land_Ruin_Highway_Pillar1",
            "pos": [
                2677.22314453125,
                -2.5784552097320558,
                1394.4967041015626
            ],
            "ypr": [
                130.6020965576172,
                -89.96043395996094,
                -179.99989318847657
            ]
        },
        {
            "name": "Land_Castle_Wall1_20",
            "pos": [
                2677.106689453125,
                -4.778459548950195,
                1395.9345703125
            ],
            "ypr": [
                -50.396976470947269,
                0.0,
                0.0
            ]
        },
        {
            "name": "Land_Castle_Wall1_20",
            "pos": [
                2684.306640625,
                -4.778468132019043,
                1390.033447265625
            ],
            "ypr": [
                130.6020965576172,
                0.0,
                0.0
            ]
        },
        {
            "name": "Land_Ruin_Highway_Pillar1",
            "pos": [
                2695.80322265625,
                -2.5784552097320558,
                1405.8465576171876
            ],
            "ypr": [
                -49.397403717041019,
                -90.0,
                179.99989318847657
            ]
        },
        {
            "name": "Land_Ruin_Highway_Pillar1",
            "pos": [
                2690.5390625,
                -2.5784552097320558,
                1410.2559814453126
            ],
            "ypr": [
                130.6020965576172,
                -89.96043395996094,
                -179.99989318847657
            ]
        },
        {
            "name": "Land_Castle_Wall1_20",
            "pos": [
                2690.421630859375,
                -4.778459548950195,
                1411.6944580078126
            ],
            "ypr": [
                -50.396976470947269,
                0.0,
                0.0
            ]
        },
        {
            "name": "Land_Castle_Wall1_20",
            "pos": [
                2697.622802734375,
                -4.778459548950195,
                1405.7930908203126
            ],
            "ypr": [
                130.6020965576172,
                0.0,
                0.0
            ]
        },
        {
            "name": "Land_Ruin_Highway_Pillar1",
            "pos": [
                2709.19287109375,
                -2.5784552097320558,
                1421.7283935546876
            ],
            "ypr": [
                130.60247802734376,
                -90.0,
                -0.00010427406232338399
            ]
        },
        {
            "name": "Land_Ruin_Highway_Pillar1",
            "pos": [
                2703.939697265625,
                -2.5784552097320558,
                1426.1014404296876
            ],
            "ypr": [
                -49.397403717041019,
                -90.0,
                -0.00010427406232338399
            ]
        },
        {
            "name": "Land_Castle_Wall1_20",
            "pos": [
                2703.801025390625,
                -4.778459548950195,
                1427.6148681640626
            ],
            "ypr": [
                -50.396976470947269,
                0.0,
                0.0
            ]
        },
        {
            "name": "Land_Castle_Wall1_20",
            "pos": [
                2711.01123046875,
                -4.778459548950195,
                1421.67333984375
            ],
            "ypr": [
                130.6020965576172,
                0.0,
                0.0
            ]
        },
        {
            "name": "Land_Ruin_Highway_Pillar1",
            "pos": [
                2722.597900390625,
                -2.5784552097320558,
                1437.39453125
            ],
            "ypr": [
                130.60247802734376,
                -90.0,
                -0.00010427406232338399
            ]
        },
        {
            "name": "Land_Ruin_Highway_Pillar1",
            "pos": [
                2717.33154296875,
                -2.5784552097320558,
                1441.82470703125
            ],
            "ypr": [
                130.60250854492188,
                -90.0,
                179.99989318847657
            ]
        },
        {
            "name": "Land_Castle_Wall1_20",
            "pos": [
                2717.21630859375,
                -4.72476863861084,
                1443.240966796875
            ],
            "ypr": [
                -50.396976470947269,
                0.0,
                0.0
            ]
        },
        {
            "name": "Land_Castle_Wall1_20",
            "pos": [
                2724.417724609375,
                -4.72476863861084,
                1437.347412109375
            ],
            "ypr": [
                130.6020965576172,
                0.0,
                0.0
            ]
        },
        {
            "name": "Land_Ruin_Highway_Pillar1",
            "pos": [
                2735.97900390625,
                -2.5784552097320558,
                1453.32177734375
            ],
            "ypr": [
                130.60247802734376,
                -90.0,
                0.00010427406232338399
            ]
        },
        {
            "name": "Land_Ruin_Highway_Pillar1",
            "pos": [
                2730.71142578125,
                -2.5784552097320558,
                1457.7518310546876
            ],
            "ypr": [
                -49.397403717041019,
                -90.0,
                -0.00010427406232338399
            ]
        },
        {
            "name": "Land_Castle_Wall1_20",
            "pos": [
                2730.59765625,
                -4.724774360656738,
                1459.1602783203126
            ],
            "ypr": [
                -50.396976470947269,
                0.0,
                0.0
            ]
        },
        {
            "name": "Land_Castle_Wall1_20",
            "pos": [
                2737.800048828125,
                -4.7247700691223148,
                1453.260009765625
            ],
            "ypr": [
                130.60198974609376,
                0.0,
                0.0
            ]
        },
        {
            "name": "Land_Castle_Gate",
            "pos": [
                2736.4599609375,
                6.0,
                1459.0699462890626
            ],
            "ypr": [
                42.19999694824219,
                0.0,
                0.0
            ]
        },
        {
            "name": "Land_Castle_Gate",
            "pos": [
                2677.0263671875,
                4.496314525604248,
                1389.7020263671876
            ],
            "ypr": [
                42.19999694824219,
                0.0,
                0.0
            ]
        },
        {
            "name": "Bonfire",
            "pos": [
                2733.47021484375,
                5.716131210327148,
                1442.1832275390626
            ],
            "ypr": [
                129.61776733398438,
                0.0,
                0.0
            ]
        },
        {
            "name": "Land_Water_Station",
            "pos": [
                2733.46533203125,
                0.7650203704833984,
                1441.960693359375
            ],
            "ypr": [
                -50.381752014160159,
                0.0,
                0.0
            ]
        },
        {
            "name": "Bonfire",
            "pos": [
                2693.9365234375,
                5.718926429748535,
                1395.575439453125
            ],
            "ypr": [
                129.61776733398438,
                0.0,
                0.0
            ]
        },
        {
            "name": "Land_Water_Station",
            "pos": [
                2693.931640625,
                0.7678161859512329,
                1395.3529052734376
            ],
            "ypr": [
                -50.381752014160159,
                0.0,
                0.0
            ]
        },
        {
            "name": "Land_Castle_Wall1_20",
            "pos": [
                2832.601806640625,
                -2.58065128326416,
                1790.7060546875
            ],
            "ypr": [
                119.61790466308594,
                0.0,
                0.0
            ]
        },
        {
            "name": "Land_Ruin_Highway_Pillar1",
            "pos": [
                2840.93212890625,
                -0.44923973083496096,
                1808.53173828125
            ],
            "ypr": [
                119.61811828613281,
                -90.0,
                0.00010427406232338399
            ]
        },
        {
            "name": "Land_Ruin_Highway_Pillar1",
            "pos": [
                2834.91748046875,
                -0.44923973083496096,
                1811.876708984375
            ],
            "ypr": [
                119.61790466308594,
                -89.96572875976563,
                -179.99989318847657
            ]
        },
        {
            "name": "Land_Castle_Wall1_20",
            "pos": [
                2834.53466796875,
                -2.5806493759155275,
                1813.243896484375
            ],
            "ypr": [
                -61.381710052490237,
                0.0,
                0.0
            ]
        },
        {
            "name": "Land_Castle_Wall1_20",
            "pos": [
                2842.726806640625,
                -2.5806493759155275,
                1808.8304443359376
            ],
            "ypr": [
                119.61790466308594,
                0.0,
                0.0
            ]
        },
        {
            "name": "Land_Ruin_Highway_Pillar1",
            "pos": [
                2850.98046875,
                -0.44923973083496096,
                1826.3668212890626
            ],
            "ypr": [
                119.61811828613281,
                -90.0,
                -0.00010427406232338399
            ]
        },
        {
            "name": "Land_Ruin_Highway_Pillar1",
            "pos": [
                2844.955322265625,
                -0.44923973083496096,
                1829.7078857421876
            ],
            "ypr": [
                119.61790466308594,
                -89.96043395996094,
                -179.99989318847657
            ]
        },
        {
            "name": "Land_Castle_Wall1_20",
            "pos": [
                2844.538818359375,
                -2.5806493759155275,
                1831.1627197265626
            ],
            "ypr": [
                -61.381710052490237,
                0.0,
                0.0
            ]
        },
        {
            "name": "Land_Castle_Wall1_20",
            "pos": [
                2852.73291015625,
                -2.5806493759155275,
                1826.748046875
            ],
            "ypr": [
                119.61790466308594,
                0.0,
                0.0
            ]
        },
        {
            "name": "Land_Ruin_Highway_Pillar1",
            "pos": [
                2861.070068359375,
                -0.44923973083496096,
                1844.547607421875
            ],
            "ypr": [
                -60.38182067871094,
                -90.0,
                -179.99989318847657
            ]
        },
        {
            "name": "Land_Ruin_Highway_Pillar1",
            "pos": [
                2855.0556640625,
                -0.44923973083496096,
                1847.89208984375
            ],
            "ypr": [
                119.61790466308594,
                -89.96572875976563,
                -179.99989318847657
            ]
        },
        {
            "name": "Land_Castle_Wall1_20",
            "pos": [
                2854.6728515625,
                -2.5806493759155275,
                1849.2529296875
            ],
            "ypr": [
                -61.381710052490237,
                0.0,
                0.0
            ]
        },
        {
            "name": "Land_Castle_Wall1_20",
            "pos": [
                2862.866455078125,
                -2.5806493759155275,
                1844.8389892578126
            ],
            "ypr": [
                119.61790466308594,
                0.0,
                0.0
            ]
        },
        {
            "name": "Land_Ruin_Highway_Pillar1",
            "pos": [
                2871.134765625,
                -0.44923973083496096,
                1862.3394775390626
            ],
            "ypr": [
                119.61811828613281,
                -90.0,
                -0.00010427406232338399
            ]
        },
        {
            "name": "Land_Ruin_Highway_Pillar1",
            "pos": [
                2865.120849609375,
                -0.44923973083496096,
                1865.6837158203126
            ],
            "ypr": [
                119.61790466308594,
                -89.96043395996094,
                -179.99989318847657
            ]
        },
        {
            "name": "Land_Castle_Wall1_20",
            "pos": [
                2864.721923828125,
                -2.5806493759155275,
                1867.080322265625
            ],
            "ypr": [
                -61.381710052490237,
                0.0,
                0.0
            ]
        },
        {
            "name": "Land_Castle_Wall1_20",
            "pos": [
                2872.9130859375,
                -2.5806493759155275,
                1862.666748046875
            ],
            "ypr": [
                119.61790466308594,
                0.0,
                0.0
            ]
        },
        {
            "name": "Land_Ruin_Highway_Pillar1",
            "pos": [
                2881.231201171875,
                -0.44923973083496096,
                1880.299072265625
            ],
            "ypr": [
                119.61811828613281,
                -90.0,
                -0.00010427406232338399
            ]
        },
        {
            "name": "Land_Ruin_Highway_Pillar1",
            "pos": [
                2875.207275390625,
                -0.44923973083496096,
                1883.6405029296876
            ],
            "ypr": [
                119.61790466308594,
                -89.96043395996094,
                -179.99989318847657
            ]
        },
        {
            "name": "Land_Castle_Wall1_20",
            "pos": [
                2874.816162109375,
                -2.5806493759155275,
                1885.0419921875
            ],
            "ypr": [
                -61.381710052490237,
                0.0,
                0.0
            ]
        },
        {
            "name": "Land_Castle_Wall1_20",
            "pos": [
                2883.0087890625,
                -2.5806493759155275,
                1880.6282958984376
            ],
            "ypr": [
                119.61790466308594,
                0.0,
                0.0
            ]
        },
        {
            "name": "Land_Ruin_Highway_Pillar1",
            "pos": [
                2891.321533203125,
                -0.44923973083496096,
                1898.480224609375
            ],
            "ypr": [
                -60.38182067871094,
                -90.0,
                -179.99989318847657
            ]
        },
        {
            "name": "Land_Ruin_Highway_Pillar1",
            "pos": [
                2885.307861328125,
                -0.44923973083496096,
                1901.824951171875
            ],
            "ypr": [
                119.61790466308594,
                -89.96572875976563,
                -179.99989318847657
            ]
        },
        {
            "name": "Land_Castle_Wall1_20",
            "pos": [
                2884.906982421875,
                -2.5806493759155275,
                1903.2225341796876
            ],
            "ypr": [
                -61.381710052490237,
                0.0,
                0.0
            ]
        },
        {
            "name": "Land_Castle_Wall1_20",
            "pos": [
                2893.099609375,
                -2.5806493759155275,
                1898.807861328125
            ],
            "ypr": [
                119.61790466308594,
                0.0,
                0.0
            ]
        },
        {
            "name": "Land_Ruin_Highway_Pillar1",
            "pos": [
                2901.369140625,
                -0.44923973083496096,
                1916.315185546875
            ],
            "ypr": [
                -60.38182067871094,
                -90.0,
                179.99989318847657
            ]
        },
        {
            "name": "Land_Ruin_Highway_Pillar1",
            "pos": [
                2895.34619140625,
                -0.44923973083496096,
                1919.6553955078126
            ],
            "ypr": [
                119.61790466308594,
                -89.97201538085938,
                -179.99989318847657
            ]
        },
        {
            "name": "Land_Castle_Wall1_20",
            "pos": [
                2894.95458984375,
                -2.5806493759155275,
                1921.0504150390626
            ],
            "ypr": [
                -61.381710052490237,
                0.0,
                0.0
            ]
        },
        {
            "name": "Land_Castle_Wall1_20",
            "pos": [
                2903.14794921875,
                -2.5806493759155275,
                1916.63623046875
            ],
            "ypr": [
                119.61790466308594,
                0.0,
                0.0
            ]
        },
        {
            "name": "Land_Ruin_Highway_Pillar1",
            "pos": [
                2911.460205078125,
                -0.44923973083496096,
                1934.4962158203126
            ],
            "ypr": [
                119.61811828613281,
                -90.0,
                0.00010427406232338399
            ]
        },
        {
            "name": "Land_Ruin_Highway_Pillar1",
            "pos": [
                2905.4462890625,
                -0.44923973083496096,
                1937.840576171875
            ],
            "ypr": [
                119.61795806884766,
                -89.95575714111328,
                -179.99989318847657
            ]
        },
        {
            "name": "Land_Castle_Wall1_20",
            "pos": [
                2905.055908203125,
                -2.5492401123046877,
                1939.2354736328126
            ],
            "ypr": [
                -61.381710052490237,
                0.0,
                0.0
            ]
        },
        {
            "name": "Land_Castle_Wall1_20",
            "pos": [
                2913.23974609375,
                -2.5806493759155275,
                1934.8167724609376
            ],
            "ypr": [
                119.61790466308594,
                0.0,
                0.0
            ]
        },
        {
            "name": "Land_Castle_Gate",
            "pos": [
                2917.63720703125,
                6.699999809265137,
                1952.1895751953126
            ],
            "ypr": [
                28.618000030517579,
                -9.999999046325684,
                0.0
            ]
        },
        {
            "name": "Land_Castle_Gate",
            "pos": [
                2684.652099609375,
                7.9499969482421879,
                1536.34912109375
            ],
            "ypr": [
                28.618120193481447,
                0.0,
                0.0
            ]
        },
        {
            "name": "Bonfire",
            "pos": [
                2865.14697265625,
                8.750761032104493,
                1840.496826171875
            ],
            "ypr": [
                119.61790466308594,
                0.0,
                0.0
            ]
        },
        {
            "name": "Land_Water_Station",
            "pos": [
                2865.14208984375,
                3.799650192260742,
                1840.2742919921876
            ],
            "ypr": [
                -60.381797790527347,
                0.0,
                0.0
            ]
        },
        {
            "name": "Bonfire",
            "pos": [
                2916.248046875,
                7.2978973388671879,
                1931.5301513671876
            ],
            "ypr": [
                119.61790466308594,
                0.0,
                0.0
            ]
        },
        {
            "name": "Land_Water_Station",
            "pos": [
                2916.2431640625,
                2.3467884063720705,
                1931.3089599609376
            ],
            "ypr": [
                -60.381797790527347,
                0.0,
                0.0
            ]
        },
        {
            "name": "Bonfire",
            "pos": [
                2697.106201171875,
                8.29112434387207,
                1540.33056640625
            ],
            "ypr": [
                119.61790466308594,
                0.0,
                0.0
            ]
        },
        {
            "name": "Land_Water_Station",
            "pos": [
                2697.101318359375,
                3.3400096893310549,
                1540.1087646484376
            ],
            "ypr": [
                -60.381797790527347,
                0.0,
                0.0
            ]
        },
        {
            "name": "Bonfire",
            "pos": [
                2809.907958984375,
                8.01902961730957,
                1742.416015625
            ],
            "ypr": [
                119.61790466308594,
                0.0,
                0.0
            ]
        },
        {
            "name": "Land_Water_Station",
            "pos": [
                2809.90283203125,
                3.067913055419922,
                1742.194580078125
            ],
            "ypr": [
                -60.381797790527347,
                0.0,
                0.0
            ]
        },
        {
            "name": "Bonfire",
            "pos": [
                2754.79296875,
                8.019002914428711,
                1643.3797607421876
            ],
            "ypr": [
                119.61790466308594,
                0.0,
                0.0
            ]
        },
        {
            "name": "Land_Water_Station",
            "pos": [
                2754.789306640625,
                3.0678863525390627,
                1643.157958984375
            ],
            "ypr": [
                -60.381797790527347,
                0.0,
                0.0
            ]
        },
        {
            "name": "Land_Ruin_Highway_Pillar1",
            "pos": [
                2689.3974609375,
                -0.44923973083496096,
                1537.6263427734376
            ],
            "ypr": [
                119.61811828613281,
                -90.0,
                -0.00010427406232338399
            ]
        },
        {
            "name": "Land_Ruin_Highway_Pillar1",
            "pos": [
                2683.388916015625,
                -0.44923973083496096,
                1540.949462890625
            ],
            "ypr": [
                -60.38182067871094,
                -90.0,
                0.00010427406232338399
            ]
        },
        {
            "name": "Land_Castle_Wall1_20",
            "pos": [
                2683.000244140625,
                -2.6492395401000978,
                1542.3389892578126
            ],
            "ypr": [
                -61.381710052490237,
                0.0,
                0.0
            ]
        },
        {
            "name": "Land_Castle_Wall1_20",
            "pos": [
                2691.193359375,
                -2.6492395401000978,
                1537.91845703125
            ],
            "ypr": [
                119.61790466308594,
                0.0,
                0.0
            ]
        },
        {
            "name": "Land_Ruin_Highway_Pillar1",
            "pos": [
                2699.51611328125,
                -0.44923973083496096,
                1555.76611328125
            ],
            "ypr": [
                -60.38182067871094,
                -90.0,
                179.99989318847657
            ]
        },
        {
            "name": "Land_Ruin_Highway_Pillar1",
            "pos": [
                2693.5068359375,
                -0.44923973083496096,
                1559.0908203125
            ],
            "ypr": [
                119.61790466308594,
                -89.96043395996094,
                -179.99989318847657
            ]
        },
        {
            "name": "Land_Castle_Wall1_20",
            "pos": [
                2693.1171875,
                -2.6492395401000978,
                1560.479736328125
            ],
            "ypr": [
                -61.381710052490237,
                0.0,
                0.0
            ]
        },
        {
            "name": "Land_Castle_Wall1_20",
            "pos": [
                2701.31103515625,
                -2.6492395401000978,
                1556.0587158203126
            ],
            "ypr": [
                119.61790466308594,
                0.0,
                0.0
            ]
        },
        {
            "name": "Land_Ruin_Highway_Pillar1",
            "pos": [
                2709.5849609375,
                -0.44923973083496096,
                1573.7744140625
            ],
            "ypr": [
                -60.38182067871094,
                -90.0,
                179.99989318847657
            ]
        },
        {
            "name": "Land_Ruin_Highway_Pillar1",
            "pos": [
                2703.576171875,
                -0.44923973083496096,
                1577.097412109375
            ],
            "ypr": [
                119.61790466308594,
                -89.96043395996094,
                -179.99989318847657
            ]
        },
        {
            "name": "Land_Castle_Wall1_20",
            "pos": [
                2703.1865234375,
                -2.6492395401000978,
                1578.4873046875
            ],
            "ypr": [
                -61.381710052490237,
                0.0,
                0.0
            ]
        },
        {
            "name": "Land_Castle_Wall1_20",
            "pos": [
                2711.380615234375,
                -2.6492395401000978,
                1574.0670166015626
            ],
            "ypr": [
                119.61790466308594,
                0.0,
                0.0
            ]
        },
        {
            "name": "Land_Ruin_Highway_Pillar1",
            "pos": [
                2719.7021484375,
                -0.44923973083496096,
                1591.9151611328126
            ],
            "ypr": [
                119.61811828613281,
                -90.0,
                -0.00010427406232338399
            ]
        },
        {
            "name": "Land_Ruin_Highway_Pillar1",
            "pos": [
                2713.712890625,
                -0.44923973083496096,
                1595.20654296875
            ],
            "ypr": [
                119.61811828613281,
                -90.0,
                179.99989318847657
            ]
        },
        {
            "name": "Land_Castle_Wall1_20",
            "pos": [
                2713.286376953125,
                -2.6492395401000978,
                1596.666259765625
            ],
            "ypr": [
                -61.381710052490237,
                0.0,
                0.0
            ]
        },
        {
            "name": "Land_Castle_Wall1_20",
            "pos": [
                2721.498046875,
                -2.6492395401000978,
                1592.207763671875
            ],
            "ypr": [
                119.61790466308594,
                0.0,
                0.0
            ]
        },
        {
            "name": "Land_Ruin_Highway_Pillar1",
            "pos": [
                2729.877197265625,
                -0.44923973083496096,
                1609.8486328125
            ],
            "ypr": [
                119.61811828613281,
                -90.0,
                -0.00010427406232338399
            ]
        },
        {
            "name": "Land_Ruin_Highway_Pillar1",
            "pos": [
                2723.863037109375,
                -0.44923973083496096,
                1613.1937255859376
            ],
            "ypr": [
                -60.38182067871094,
                -90.0,
                -0.00010427406232338399
            ]
        },
        {
            "name": "Land_Castle_Wall1_20",
            "pos": [
                2723.4794921875,
                -2.595548629760742,
                1614.5618896484376
            ],
            "ypr": [
                -61.381710052490237,
                0.0,
                0.0
            ]
        },
        {
            "name": "Land_Castle_Wall1_20",
            "pos": [
                2731.671875,
                -2.595548629760742,
                1610.148193359375
            ],
            "ypr": [
                119.61790466308594,
                0.0,
                0.0
            ]
        },
        {
            "name": "Land_Ruin_Highway_Pillar1",
            "pos": [
                2739.977294921875,
                -0.44923973083496096,
                1628.033203125
            ],
            "ypr": [
                119.61811828613281,
                -90.0,
                0.00010427406232338399
            ]
        },
        {
            "name": "Land_Ruin_Highway_Pillar1",
            "pos": [
                2733.9619140625,
                -0.44923973083496096,
                1631.37890625
            ],
            "ypr": [
                119.61811828613281,
                -90.0,
                179.99989318847657
            ]
        },
        {
            "name": "Land_Castle_Wall1_20",
            "pos": [
                2733.58251953125,
                -2.5955543518066408,
                1632.7396240234376
            ],
            "ypr": [
                -61.381710052490237,
                0.0,
                0.0
            ]
        },
        {
            "name": "Land_Castle_Wall1_20",
            "pos": [
                2741.77783203125,
                -2.5955543518066408,
                1628.3204345703126
            ],
            "ypr": [
                119.61790466308594,
                0.0,
                0.0
            ]
        },
        {
            "name": "Land_Ruin_Highway_Pillar1",
            "pos": [
                2750.072021484375,
                -0.44923973083496096,
                1645.995361328125
            ],
            "ypr": [
                119.61811828613281,
                -90.0,
                0.00010427406232338399
            ]
        },
        {
            "name": "Land_Ruin_Highway_Pillar1",
            "pos": [
                2744.049560546875,
                -0.44923973083496096,
                1649.3349609375
            ],
            "ypr": [
                119.61811828613281,
                -90.0,
                179.99989318847657
            ]
        },
        {
            "name": "Land_Castle_Wall1_20",
            "pos": [
                2743.653076171875,
                -2.5955543518066408,
                1650.746826171875
            ],
            "ypr": [
                -61.381710052490237,
                0.0,
                0.0
            ]
        },
        {
            "name": "Land_Castle_Wall1_20",
            "pos": [
                2751.846435546875,
                -2.5955543518066408,
                1646.32763671875
            ],
            "ypr": [
                119.61790466308594,
                0.0,
                0.0
            ]
        },
        {
            "name": "Land_Ruin_Highway_Pillar1",
            "pos": [
                2760.1630859375,
                -0.44923973083496096,
                1664.174560546875
            ],
            "ypr": [
                -60.38182067871094,
                -90.0,
                179.99989318847657
            ]
        },
        {
            "name": "Land_Ruin_Highway_Pillar1",
            "pos": [
                2754.1484375,
                -0.44923973083496096,
                1667.520751953125
            ],
            "ypr": [
                119.61790466308594,
                -89.96572875976563,
                179.99989318847657
            ]
        },
        {
            "name": "Land_Castle_Wall1_20",
            "pos": [
                2753.7705078125,
                -2.5955543518066408,
                1668.887451171875
            ],
            "ypr": [
                -61.381710052490237,
                0.0,
                0.0
            ]
        },
        {
            "name": "Land_Castle_Wall1_20",
            "pos": [
                2761.96337890625,
                -2.5955543518066408,
                1664.468017578125
            ],
            "ypr": [
                119.61790466308594,
                0.0,
                0.0
            ]
        },
        {
            "name": "Land_Ruin_Highway_Pillar1",
            "pos": [
                2770.16552734375,
                -0.44923973083496096,
                1681.983154296875
            ],
            "ypr": [
                -60.38182067871094,
                -90.0,
                179.99989318847657
            ]
        },
        {
            "name": "Land_Ruin_Highway_Pillar1",
            "pos": [
                2764.142822265625,
                -0.44923973083496096,
                1685.3232421875
            ],
            "ypr": [
                -60.38182067871094,
                -90.0,
                -0.00010427406232338399
            ]
        },
        {
            "name": "Land_Castle_Wall1_20",
            "pos": [
                2763.755859375,
                -2.634336471557617,
                1686.71728515625
            ],
            "ypr": [
                -61.381710052490237,
                0.0,
                0.0
            ]
        },
        {
            "name": "Land_Castle_Wall1_20",
            "pos": [
                2771.9619140625,
                -2.634340286254883,
                1682.2799072265626
            ],
            "ypr": [
                119.61790466308594,
                0.0,
                0.0
            ]
        },
        {
            "name": "Land_Ruin_Highway_Pillar1",
            "pos": [
                2780.2568359375,
                -0.44923973083496096,
                1700.1629638671876
            ],
            "ypr": [
                119.61811828613281,
                -90.0,
                0.00010427406232338399
            ]
        },
        {
            "name": "Land_Ruin_Highway_Pillar1",
            "pos": [
                2774.242919921875,
                -0.44923973083496096,
                1703.507568359375
            ],
            "ypr": [
                119.61811828613281,
                -90.0,
                179.99989318847657
            ]
        },
        {
            "name": "Land_Castle_Wall1_20",
            "pos": [
                2773.872314453125,
                -2.634336471557617,
                1704.8575439453126
            ],
            "ypr": [
                -61.381710052490237,
                0.0,
                0.0
            ]
        },
        {
            "name": "Land_Castle_Wall1_20",
            "pos": [
                2782.06640625,
                -2.634336471557617,
                1700.439208984375
            ],
            "ypr": [
                119.61790466308594,
                0.0,
                0.0
            ]
        },
        {
            "name": "Land_Ruin_Highway_Pillar1",
            "pos": [
                2790.351806640625,
                -0.44923973083496096,
                1718.1236572265626
            ],
            "ypr": [
                119.61811828613281,
                -90.0,
                0.00010427406232338399
            ]
        },
        {
            "name": "Land_Ruin_Highway_Pillar1",
            "pos": [
                2784.338623046875,
                -0.44923973083496096,
                1721.46923828125
            ],
            "ypr": [
                119.61811828613281,
                -90.0,
                179.99989318847657
            ]
        },
        {
            "name": "Land_Castle_Wall1_20",
            "pos": [
                2783.942626953125,
                -2.634336471557617,
                1722.8643798828126
            ],
            "ypr": [
                -61.381710052490237,
                0.0,
                0.0
            ]
        },
        {
            "name": "Land_Castle_Wall1_20",
            "pos": [
                2792.1357421875,
                -2.634336471557617,
                1718.446533203125
            ],
            "ypr": [
                119.61790466308594,
                0.0,
                0.0
            ]
        },
        {
            "name": "Land_Ruin_Highway_Pillar1",
            "pos": [
                2800.451416015625,
                -0.44923973083496096,
                1736.30908203125
            ],
            "ypr": [
                -60.38182067871094,
                -90.0,
                179.99989318847657
            ]
        },
        {
            "name": "Land_Ruin_Highway_Pillar1",
            "pos": [
                2794.481201171875,
                -0.44923973083496096,
                1739.5626220703126
            ],
            "ypr": [
                119.61790466308594,
                -89.97201538085938,
                -179.99989318847657
            ]
        },
        {
            "name": "Land_Castle_Wall1_20",
            "pos": [
                2794.0419921875,
                -2.634336471557617,
                1741.044921875
            ],
            "ypr": [
                -61.381710052490237,
                0.0,
                0.0
            ]
        },
        {
            "name": "Land_Castle_Wall1_20",
            "pos": [
                2802.2529296875,
                -2.634336471557617,
                1736.58642578125
            ],
            "ypr": [
                119.61790466308594,
                0.0,
                0.0
            ]
        },
        {
            "name": "Land_Ruin_Highway_Pillar1",
            "pos": [
                2810.6455078125,
                -0.44923973083496096,
                1754.2041015625
            ],
            "ypr": [
                -60.38182067871094,
                -90.0,
                179.99989318847657
            ]
        },
        {
            "name": "Land_Ruin_Highway_Pillar1",
            "pos": [
                2804.631103515625,
                -0.44923973083496096,
                1757.550537109375
            ],
            "ypr": [
                119.61790466308594,
                -89.97201538085938,
                179.99989318847657
            ]
        },
        {
            "name": "Land_Castle_Wall1_20",
            "pos": [
                2804.234619140625,
                -2.580646514892578,
                1758.9405517578126
            ],
            "ypr": [
                -61.381710052490237,
                0.0,
                0.0
            ]
        },
        {
            "name": "Land_Castle_Wall1_20",
            "pos": [
                2812.427734375,
                -2.580646514892578,
                1754.5264892578126
            ],
            "ypr": [
                119.61790466308594,
                0.0,
                0.0
            ]
        },
        {
            "name": "Land_Ruin_Highway_Pillar1",
            "pos": [
                2820.74560546875,
                -0.44923973083496096,
                1772.390869140625
            ],
            "ypr": [
                -60.38182067871094,
                -90.0,
                179.99989318847657
            ]
        },
        {
            "name": "Land_Ruin_Highway_Pillar1",
            "pos": [
                2814.731201171875,
                -0.44923973083496096,
                1775.7347412109376
            ],
            "ypr": [
                119.61790466308594,
                -89.97201538085938,
                -179.99989318847657
            ]
        },
        {
            "name": "Land_Castle_Wall1_20",
            "pos": [
                2814.338623046875,
                -2.58065128326416,
                1777.118408203125
            ],
            "ypr": [
                -61.381710052490237,
                0.0,
                0.0
            ]
        },
        {
            "name": "Land_Castle_Wall1_20",
            "pos": [
                2822.53271484375,
                -2.58065128326416,
                1772.6986083984376
            ],
            "ypr": [
                119.61790466308594,
                0.0,
                0.0
            ]
        },
        {
            "name": "Land_Ruin_Highway_Pillar1",
            "pos": [
                2830.841552734375,
                -0.44923973083496096,
                1790.351318359375
            ],
            "ypr": [
                -60.38182067871094,
                -90.0,
                179.99989318847657
            ]
        },
        {
            "name": "Land_Ruin_Highway_Pillar1",
            "pos": [
                2824.81689453125,
                -0.44923973083496096,
                1793.692626953125
            ],
            "ypr": [
                119.61790466308594,
                -89.97201538085938,
                -179.99989318847657
            ]
        },
        {
            "name": "Land_Castle_Wall1_20",
            "pos": [
                2824.407958984375,
                -2.58065128326416,
                1795.126220703125
            ],
            "ypr": [
                -61.381710052490237,
                0.0,
                0.0
            ]
        },
        {
            "name": "Land_Castle_Gate",
            "pos": [
                2922.986083984375,
                5.699999809265137,
                1962.3299560546876
            ],
            "ypr": [
                28.618000030517579,
                0.0,
                0.0
            ]
        }
    ]
}