{
    "Objects": [
        {
            "name": "Land_CementWorks_Hall2_Brick",
            "pos": [
                14430.33203125,
                -3.612436294555664,
                11485.95703125
            ],
            "ypr": [
                19.171300888061525,
                0.0,
                0.0
            ]
        },
        {
            "name": "Land_CementWorks_Hall2_Brick",
            "pos": [
                14450.87890625,
                -3.6139774322509767,
                11478.9267578125
            ],
            "ypr": [
                19.17136573791504,
                0.0,
                0.0
            ]
        },
        {
            "name": "Land_CementWorks_Hall2_Brick",
            "pos": [
                14471.2265625,
                -3.6165103912353517,
                11471.9462890625
            ],
            "ypr": [
                19.171464920043947,
                0.0,
                0.0
            ]
        },
        {
            "name": "Land_CementWorks_Hall2_Brick",
            "pos": [
                14491.86328125,
                -3.615671157836914,
                11465.099609375
            ],
            "ypr": [
                19.171464920043947,
                0.0,
                0.0
            ]
        },
        {
            "name": "Land_CementWorks_Hall2_Brick",
            "pos": [
                14512.3115234375,
                -3.6156558990478517,
                11458.01953125
            ],
            "ypr": [
                19.171300888061525,
                0.0,
                0.0
            ]
        },
        {
            "name": "Land_CementWorks_Hall2_Brick",
            "pos": [
                14532.8603515625,
                -3.617197036743164,
                11450.9833984375
            ],
            "ypr": [
                19.17136573791504,
                0.0,
                0.0
            ]
        },
        {
            "name": "Land_CementWorks_Hall2_Brick",
            "pos": [
                14553.2021484375,
                -3.619729995727539,
                11444.005859375
            ],
            "ypr": [
                19.171464920043947,
                0.0,
                0.0
            ]
        },
        {
            "name": "Land_CementWorks_Hall2_Brick",
            "pos": [
                14573.841796875,
                -3.6188907623291017,
                11437.154296875
            ],
            "ypr": [
                19.171464920043947,
                0.0,
                0.0
            ]
        },
        {
            "name": "Land_CementWorks_Hall2_Brick",
            "pos": [
                14464.021484375,
                -3.6107730865478517,
                11516.9189453125
            ],
            "ypr": [
                19.17136573791504,
                0.0,
                0.0
            ]
        },
        {
            "name": "Land_CementWorks_Hall2_Brick",
            "pos": [
                14484.3681640625,
                -3.6133060455322267,
                11509.94140625
            ],
            "ypr": [
                19.171464920043947,
                0.0,
                0.0
            ]
        },
        {
            "name": "Land_CementWorks_Hall2_Brick",
            "pos": [
                14505.0009765625,
                -3.612466812133789,
                11503.0869140625
            ],
            "ypr": [
                19.171464920043947,
                0.0,
                0.0
            ]
        },
        {
            "name": "Land_CementWorks_Hall2_Brick",
            "pos": [
                14525.4453125,
                -3.6124515533447267,
                11496.0068359375
            ],
            "ypr": [
                19.171300888061525,
                0.0,
                0.0
            ]
        },
        {
            "name": "Land_CementWorks_Hall2_Brick",
            "pos": [
                14546.0009765625,
                -3.613992691040039,
                11488.974609375
            ],
            "ypr": [
                19.17136573791504,
                0.0,
                0.0
            ]
        },
        {
            "name": "Land_CementWorks_Hall2_Brick",
            "pos": [
                14566.3486328125,
                -3.616525650024414,
                11481.998046875
            ],
            "ypr": [
                19.171464920043947,
                0.0,
                0.0
            ]
        },
        {
            "name": "Land_CementWorks_Hall2_Brick",
            "pos": [
                14586.9814453125,
                -3.6156864166259767,
                11475.1455078125
            ],
            "ypr": [
                19.171464920043947,
                0.0,
                0.0
            ]
        },
        {
            "name": "Land_CementWorks_Hall2_Brick",
            "pos": [
                14443.46875,
                -3.609231948852539,
                11523.94921875
            ],
            "ypr": [
                19.171300888061525,
                0.0,
                0.0
            ]
        },
        {
            "name": "Land_CementWorks_Hall2_Brick",
            "pos": [
                14477.5693359375,
                -3.610757827758789,
                11555.2744140625
            ],
            "ypr": [
                19.17136573791504,
                0.0,
                0.0
            ]
        },
        {
            "name": "Land_CementWorks_Hall2_Brick",
            "pos": [
                14497.9169921875,
                -3.613290786743164,
                11548.2978515625
            ],
            "ypr": [
                19.171464920043947,
                0.0,
                0.0
            ]
        },
        {
            "name": "Land_CementWorks_Hall2_Brick",
            "pos": [
                14518.544921875,
                -3.6124515533447267,
                11541.4453125
            ],
            "ypr": [
                19.171464920043947,
                0.0,
                0.0
            ]
        },
        {
            "name": "Land_CementWorks_Hall2_Brick",
            "pos": [
                14538.9951171875,
                -3.612436294555664,
                11534.3583984375
            ],
            "ypr": [
                19.171300888061525,
                0.0,
                0.0
            ]
        },
        {
            "name": "Land_CementWorks_Hall2_Brick",
            "pos": [
                14559.5458984375,
                -3.6139774322509767,
                11527.3310546875
            ],
            "ypr": [
                19.17136573791504,
                0.0,
                0.0
            ]
        },
        {
            "name": "Land_CementWorks_Hall2_Brick",
            "pos": [
                14579.8896484375,
                -3.6165103912353517,
                11520.357421875
            ],
            "ypr": [
                19.171464920043947,
                0.0,
                0.0
            ]
        },
        {
            "name": "Land_CementWorks_Hall2_Brick",
            "pos": [
                14600.5244140625,
                -3.615671157836914,
                11513.5029296875
            ],
            "ypr": [
                19.171464920043947,
                0.0,
                0.0
            ]
        },
        {
            "name": "Land_CementWorks_Hall2_Brick",
            "pos": [
                14457.021484375,
                -3.6092166900634767,
                11562.3017578125
            ],
            "ypr": [
                19.171300888061525,
                0.0,
                0.0
            ]
        },
        {
            "name": "Land_CementWorks_Hall2_Brick",
            "pos": [
                14490.96875,
                -3.6124515533447267,
                11593.740234375
            ],
            "ypr": [
                19.17136573791504,
                0.0,
                0.0
            ]
        },
        {
            "name": "Land_CementWorks_Hall2_Brick",
            "pos": [
                14511.3125,
                -3.6149845123291017,
                11586.763671875
            ],
            "ypr": [
                19.171464920043947,
                0.0,
                0.0
            ]
        },
        {
            "name": "Land_CementWorks_Hall2_Brick",
            "pos": [
                14531.9443359375,
                -3.614145278930664,
                11579.904296875
            ],
            "ypr": [
                19.171464920043947,
                0.0,
                0.0
            ]
        },
        {
            "name": "Land_CementWorks_Hall2_Brick",
            "pos": [
                14552.3896484375,
                -3.6141300201416017,
                11572.82421875
            ],
            "ypr": [
                19.171300888061525,
                0.0,
                0.0
            ]
        },
        {
            "name": "Land_CementWorks_Hall2_Brick",
            "pos": [
                14572.943359375,
                -3.615671157836914,
                11565.798828125
            ],
            "ypr": [
                19.17136573791504,
                0.0,
                0.0
            ]
        },
        {
            "name": "Land_CementWorks_Hall2_Brick",
            "pos": [
                14593.2900390625,
                -3.618204116821289,
                11558.8232421875
            ],
            "ypr": [
                19.171464920043947,
                0.0,
                0.0
            ]
        },
        {
            "name": "Land_CementWorks_Hall2_Brick",
            "pos": [
                14613.9208984375,
                -3.6173648834228517,
                11551.966796875
            ],
            "ypr": [
                19.171464920043947,
                0.0,
                0.0
            ]
        },
        {
            "name": "Land_CementWorks_Hall2_Brick",
            "pos": [
                14470.419921875,
                -3.610910415649414,
                11600.767578125
            ],
            "ypr": [
                19.171300888061525,
                0.0,
                0.0
            ]
        },
        {
            "name": "Land_CementWorks_Hall2_Brick",
            "pos": [
                14266.09375,
                -3.6058292388916017,
                11541.8818359375
            ],
            "ypr": [
                19.171348571777345,
                0.0,
                0.0
            ]
        },
        {
            "name": "Land_CementWorks_Hall2_Brick",
            "pos": [
                14286.6474609375,
                -3.6074771881103517,
                11534.8974609375
            ],
            "ypr": [
                19.17136573791504,
                0.0,
                0.0
            ]
        },
        {
            "name": "Land_CementWorks_Hall2_Brick",
            "pos": [
                14306.9970703125,
                -3.6100101470947267,
                11527.9189453125
            ],
            "ypr": [
                19.171464920043947,
                0.0,
                0.0
            ]
        },
        {
            "name": "Land_CementWorks_Hall2_Brick",
            "pos": [
                14327.6240234375,
                -3.609170913696289,
                11521.0625
            ],
            "ypr": [
                19.171464920043947,
                0.0,
                0.0
            ]
        },
        {
            "name": "Land_CementWorks_Hall2_Brick",
            "pos": [
                14348.0732421875,
                -3.6091556549072267,
                11513.978515625
            ],
            "ypr": [
                19.171300888061525,
                0.0,
                0.0
            ]
        },
        {
            "name": "Land_CementWorks_Hall2_Brick",
            "pos": [
                14368.625,
                -3.610696792602539,
                11506.9541015625
            ],
            "ypr": [
                19.17136573791504,
                0.0,
                0.0
            ]
        },
        {
            "name": "Land_CementWorks_Hall2_Brick",
            "pos": [
                14388.970703125,
                -3.613229751586914,
                11499.974609375
            ],
            "ypr": [
                19.171464920043947,
                0.0,
                0.0
            ]
        },
        {
            "name": "Land_CementWorks_Hall2_Brick",
            "pos": [
                14409.60546875,
                -3.6123905181884767,
                11493.1240234375
            ],
            "ypr": [
                19.171464920043947,
                0.0,
                0.0
            ]
        },
        {
            "name": "Land_CementWorks_Hall2_Brick",
            "pos": [
                14299.791015625,
                -3.6042728424072267,
                11572.8896484375
            ],
            "ypr": [
                19.17136573791504,
                0.0,
                0.0
            ]
        },
        {
            "name": "Land_CementWorks_Hall2_Brick",
            "pos": [
                14320.140625,
                -3.6068058013916017,
                11565.9091796875
            ],
            "ypr": [
                19.171464920043947,
                0.0,
                0.0
            ]
        },
        {
            "name": "Land_CementWorks_Hall2_Brick",
            "pos": [
                14340.7705078125,
                -3.605966567993164,
                11559.0546875
            ],
            "ypr": [
                19.171464920043947,
                0.0,
                0.0
            ]
        },
        {
            "name": "Land_CementWorks_Hall2_Brick",
            "pos": [
                14361.21875,
                -3.6059513092041017,
                11551.9736328125
            ],
            "ypr": [
                19.171300888061525,
                0.0,
                0.0
            ]
        },
        {
            "name": "Land_CementWorks_Hall2_Brick",
            "pos": [
                14381.76953125,
                -3.607492446899414,
                11544.9453125
            ],
            "ypr": [
                19.17136573791504,
                0.0,
                0.0
            ]
        },
        {
            "name": "Land_CementWorks_Hall2_Brick",
            "pos": [
                14402.109375,
                -3.610025405883789,
                11537.96484375
            ],
            "ypr": [
                19.171464920043947,
                0.0,
                0.0
            ]
        },
        {
            "name": "Land_CementWorks_Hall2_Brick",
            "pos": [
                14422.7490234375,
                -3.6091861724853517,
                11531.1142578125
            ],
            "ypr": [
                19.171464920043947,
                0.0,
                0.0
            ]
        },
        {
            "name": "Land_CementWorks_Hall2_Brick",
            "pos": [
                14279.244140625,
                -3.602731704711914,
                11579.919921875
            ],
            "ypr": [
                19.171300888061525,
                0.0,
                0.0
            ]
        },
        {
            "name": "Land_CementWorks_Hall2_Brick",
            "pos": [
                14313.34375,
                -3.604257583618164,
                11611.2451171875
            ],
            "ypr": [
                19.17136573791504,
                0.0,
                0.0
            ]
        },
        {
            "name": "Land_CementWorks_Hall2_Brick",
            "pos": [
                14333.68359375,
                -3.606790542602539,
                11604.2705078125
            ],
            "ypr": [
                19.171464920043947,
                0.0,
                0.0
            ]
        },
        {
            "name": "Land_CementWorks_Hall2_Brick",
            "pos": [
                14354.3203125,
                -3.6059513092041017,
                11597.4140625
            ],
            "ypr": [
                19.171464920043947,
                0.0,
                0.0
            ]
        },
        {
            "name": "Land_CementWorks_Hall2_Brick",
            "pos": [
                14374.765625,
                -3.605936050415039,
                11590.333984375
            ],
            "ypr": [
                19.171300888061525,
                0.0,
                0.0
            ]
        },
        {
            "name": "Land_CementWorks_Hall2_Brick",
            "pos": [
                14395.314453125,
                -3.6074771881103517,
                11583.306640625
            ],
            "ypr": [
                19.17136573791504,
                0.0,
                0.0
            ]
        },
        {
            "name": "Land_CementWorks_Hall2_Brick",
            "pos": [
                14415.6611328125,
                -3.6100101470947267,
                11576.32421875
            ],
            "ypr": [
                19.171464920043947,
                0.0,
                0.0
            ]
        },
        {
            "name": "Land_CementWorks_Hall2_Brick",
            "pos": [
                14436.29296875,
                -3.609170913696289,
                11569.4716796875
            ],
            "ypr": [
                19.171464920043947,
                0.0,
                0.0
            ]
        },
        {
            "name": "Land_CementWorks_Hall2_Brick",
            "pos": [
                14292.783203125,
                -3.6027164459228517,
                11618.2763671875
            ],
            "ypr": [
                19.171300888061525,
                0.0,
                0.0
            ]
        },
        {
            "name": "Land_CementWorks_Hall2_Brick",
            "pos": [
                14326.7373046875,
                -3.6059513092041017,
                11649.7099609375
            ],
            "ypr": [
                19.17136573791504,
                0.0,
                0.0
            ]
        },
        {
            "name": "Land_CementWorks_Hall2_Brick",
            "pos": [
                14347.0791015625,
                -3.6084842681884767,
                11642.736328125
            ],
            "ypr": [
                19.171464920043947,
                0.0,
                0.0
            ]
        },
        {
            "name": "Land_CementWorks_Hall2_Brick",
            "pos": [
                14367.708984375,
                -3.607645034790039,
                11635.87890625
            ],
            "ypr": [
                19.171464920043947,
                0.0,
                0.0
            ]
        },
        {
            "name": "Land_CementWorks_Hall2_Brick",
            "pos": [
                14388.16015625,
                -3.6076297760009767,
                11628.7919921875
            ],
            "ypr": [
                19.171300888061525,
                0.0,
                0.0
            ]
        },
        {
            "name": "Land_CementWorks_Hall2_Brick",
            "pos": [
                14408.7109375,
                -3.609170913696289,
                11621.765625
            ],
            "ypr": [
                19.17136573791504,
                0.0,
                0.0
            ]
        },
        {
            "name": "Land_CementWorks_Hall2_Brick",
            "pos": [
                14429.0595703125,
                -3.611703872680664,
                11614.78515625
            ],
            "ypr": [
                19.171464920043947,
                0.0,
                0.0
            ]
        },
        {
            "name": "Land_CementWorks_Hall2_Brick",
            "pos": [
                14449.69140625,
                -3.6108646392822267,
                11607.939453125
            ],
            "ypr": [
                19.171464920043947,
                0.0,
                0.0
            ]
        },
        {
            "name": "Land_CementWorks_Hall2_Brick",
            "pos": [
                14306.1806640625,
                -3.604410171508789,
                11656.740234375
            ],
            "ypr": [
                19.171300888061525,
                0.0,
                0.0
            ]
        },
        {
            "name": "Land_CementWorks_Hall2_Brick",
            "pos": [
                14483.5,
                -3.6280300617218019,
                11639.099609375
            ],
            "ypr": [
                19.171300888061525,
                0.0,
                0.0
            ]
        },
        {
            "name": "Land_CementWorks_Hall2_Brick",
            "pos": [
                14504.009765625,
                -3.6295719146728517,
                11632.0576171875
            ],
            "ypr": [
                19.17136573791504,
                0.0,
                0.0
            ]
        },
        {
            "name": "Land_CementWorks_Hall2_Brick",
            "pos": [
                14524.3544921875,
                -3.6321048736572267,
                11625.08203125
            ],
            "ypr": [
                19.171464920043947,
                0.0,
                0.0
            ]
        },
        {
            "name": "Land_CementWorks_Hall2_Brick",
            "pos": [
                14544.9873046875,
                -3.631265640258789,
                11618.2314453125
            ],
            "ypr": [
                19.171464920043947,
                0.0,
                0.0
            ]
        },
        {
            "name": "Land_CementWorks_Hall2_Brick",
            "pos": [
                14565.4375,
                -3.6312503814697267,
                11611.1494140625
            ],
            "ypr": [
                19.171300888061525,
                0.0,
                0.0
            ]
        },
        {
            "name": "Land_CementWorks_Hall2_Brick",
            "pos": [
                14585.9853515625,
                -3.632791519165039,
                11604.1181640625
            ],
            "ypr": [
                19.17136573791504,
                0.0,
                0.0
            ]
        },
        {
            "name": "Land_CementWorks_Hall2_Brick",
            "pos": [
                14606.3330078125,
                -3.635324478149414,
                11597.1416015625
            ],
            "ypr": [
                19.171464920043947,
                0.0,
                0.0
            ]
        },
        {
            "name": "Land_CementWorks_Hall2_Brick",
            "pos": [
                14626.96484375,
                -3.6344852447509767,
                11590.2861328125
            ],
            "ypr": [
                19.171464920043947,
                0.0,
                0.0
            ]
        },
        {
            "name": "Land_CementWorks_Hall2_Brick",
            "pos": [
                14517.15234375,
                -3.6263675689697267,
                11670.0498046875
            ],
            "ypr": [
                19.17136573791504,
                0.0,
                0.0
            ]
        },
        {
            "name": "Land_CementWorks_Hall2_Brick",
            "pos": [
                14537.498046875,
                -3.6289005279541017,
                11663.0751953125
            ],
            "ypr": [
                19.171464920043947,
                0.0,
                0.0
            ]
        },
        {
            "name": "Land_CementWorks_Hall2_Brick",
            "pos": [
                14558.1337890625,
                -3.628061294555664,
                11656.220703125
            ],
            "ypr": [
                19.171464920043947,
                0.0,
                0.0
            ]
        },
        {
            "name": "Land_CementWorks_Hall2_Brick",
            "pos": [
                14578.5791015625,
                -3.6280460357666017,
                11649.138671875
            ],
            "ypr": [
                19.171300888061525,
                0.0,
                0.0
            ]
        },
        {
            "name": "Land_CementWorks_Hall2_Brick",
            "pos": [
                14599.1279296875,
                -3.629587173461914,
                11642.1025390625
            ],
            "ypr": [
                19.17136573791504,
                0.0,
                0.0
            ]
        },
        {
            "name": "Land_CementWorks_Hall2_Brick",
            "pos": [
                14619.4814453125,
                -3.632120132446289,
                11635.1259765625
            ],
            "ypr": [
                19.171464920043947,
                0.0,
                0.0
            ]
        },
        {
            "name": "Land_CementWorks_Hall2_Brick",
            "pos": [
                14640.107421875,
                -3.6312808990478517,
                11628.2763671875
            ],
            "ypr": [
                19.171464920043947,
                0.0,
                0.0
            ]
        },
        {
            "name": "Land_CementWorks_Hall2_Brick",
            "pos": [
                14496.5986328125,
                -3.624826431274414,
                11677.0830078125
            ],
            "ypr": [
                19.171300888061525,
                0.0,
                0.0
            ]
        },
        {
            "name": "Land_CementWorks_Hall2_Brick",
            "pos": [
                14530.6982421875,
                -3.626352310180664,
                11708.4130859375
            ],
            "ypr": [
                19.17136573791504,
                0.0,
                0.0
            ]
        },
        {
            "name": "Land_CementWorks_Hall2_Brick",
            "pos": [
                14551.044921875,
                -3.628885269165039,
                11701.43359375
            ],
            "ypr": [
                19.171464920043947,
                0.0,
                0.0
            ]
        },
        {
            "name": "Land_CementWorks_Hall2_Brick",
            "pos": [
                14571.6787109375,
                -3.6280460357666017,
                11694.576171875
            ],
            "ypr": [
                19.171464920043947,
                0.0,
                0.0
            ]
        },
        {
            "name": "Land_CementWorks_Hall2_Brick",
            "pos": [
                14592.12890625,
                -3.628030776977539,
                11687.4970703125
            ],
            "ypr": [
                19.171300888061525,
                0.0,
                0.0
            ]
        },
        {
            "name": "Land_CementWorks_Hall2_Brick",
            "pos": [
                14612.677734375,
                -3.6295719146728517,
                11680.4638671875
            ],
            "ypr": [
                19.17136573791504,
                0.0,
                0.0
            ]
        },
        {
            "name": "Land_CementWorks_Hall2_Brick",
            "pos": [
                14633.0205078125,
                -3.6321048736572267,
                11673.486328125
            ],
            "ypr": [
                19.171464920043947,
                0.0,
                0.0
            ]
        },
        {
            "name": "Land_CementWorks_Hall2_Brick",
            "pos": [
                14653.654296875,
                -3.631265640258789,
                11666.63671875
            ],
            "ypr": [
                19.171464920043947,
                0.0,
                0.0
            ]
        },
        {
            "name": "Land_CementWorks_Hall2_Brick",
            "pos": [
                14510.1484375,
                -3.6248111724853517,
                11715.4306640625
            ],
            "ypr": [
                19.171300888061525,
                0.0,
                0.0
            ]
        },
        {
            "name": "Land_CementWorks_Hall2_Brick",
            "pos": [
                14544.0986328125,
                -3.6280460357666017,
                11746.8759765625
            ],
            "ypr": [
                19.17136573791504,
                0.0,
                0.0
            ]
        },
        {
            "name": "Land_CementWorks_Hall2_Brick",
            "pos": [
                14564.4462890625,
                -3.6305789947509767,
                11739.896484375
            ],
            "ypr": [
                19.171464920043947,
                0.0,
                0.0
            ]
        },
        {
            "name": "Land_CementWorks_Hall2_Brick",
            "pos": [
                14585.076171875,
                -3.629739761352539,
                11733.0400390625
            ],
            "ypr": [
                19.171464920043947,
                0.0,
                0.0
            ]
        },
        {
            "name": "Land_CementWorks_Hall2_Brick",
            "pos": [
                14605.521484375,
                -3.6297245025634767,
                11725.9580078125
            ],
            "ypr": [
                19.171300888061525,
                0.0,
                0.0
            ]
        },
        {
            "name": "Land_CementWorks_Hall2_Brick",
            "pos": [
                14626.0732421875,
                -3.631265640258789,
                11718.9306640625
            ],
            "ypr": [
                19.17136573791504,
                0.0,
                0.0
            ]
        },
        {
            "name": "Land_CementWorks_Hall2_Brick",
            "pos": [
                14646.4169921875,
                -3.633798599243164,
                11711.951171875
            ],
            "ypr": [
                19.171464920043947,
                0.0,
                0.0
            ]
        },
        {
            "name": "Land_CementWorks_Hall2_Brick",
            "pos": [
                14667.0556640625,
                -3.6329593658447267,
                11705.095703125
            ],
            "ypr": [
                19.171464920043947,
                0.0,
                0.0
            ]
        },
        {
            "name": "Land_CementWorks_Hall2_Brick",
            "pos": [
                14523.544921875,
                -3.626504898071289,
                11753.90234375
            ],
            "ypr": [
                19.171300888061525,
                0.0,
                0.0
            ]
        },
        {
            "name": "Land_CementWorks_Hall2_Brick",
            "pos": [
                14319.2294921875,
                -3.621530532836914,
                11695.0595703125
            ],
            "ypr": [
                19.171300888061525,
                0.0,
                0.0
            ]
        },
        {
            "name": "Land_CementWorks_Hall2_Brick",
            "pos": [
                14339.77734375,
                -3.6230716705322267,
                11688.03125
            ],
            "ypr": [
                19.17136573791504,
                0.0,
                0.0
            ]
        },
        {
            "name": "Land_CementWorks_Hall2_Brick",
            "pos": [
                14360.1220703125,
                -3.6256046295166017,
                11681.0517578125
            ],
            "ypr": [
                19.171464920043947,
                0.0,
                0.0
            ]
        },
        {
            "name": "Land_CementWorks_Hall2_Brick",
            "pos": [
                14380.7529296875,
                -3.624765396118164,
                11674.1962890625
            ],
            "ypr": [
                19.171464920043947,
                0.0,
                0.0
            ]
        },
        {
            "name": "Land_CementWorks_Hall2_Brick",
            "pos": [
                14401.2041015625,
                -3.6247501373291017,
                11667.115234375
            ],
            "ypr": [
                19.171300888061525,
                0.0,
                0.0
            ]
        },
        {
            "name": "Land_CementWorks_Hall2_Brick",
            "pos": [
                14421.7578125,
                -3.626291275024414,
                11660.0908203125
            ],
            "ypr": [
                19.17136573791504,
                0.0,
                0.0
            ]
        },
        {
            "name": "Land_CementWorks_Hall2_Brick",
            "pos": [
                14442.1005859375,
                -3.628824234008789,
                11653.111328125
            ],
            "ypr": [
                19.171464920043947,
                0.0,
                0.0
            ]
        },
        {
            "name": "Land_CementWorks_Hall2_Brick",
            "pos": [
                14462.7373046875,
                -3.6279850006103517,
                11646.2568359375
            ],
            "ypr": [
                19.171464920043947,
                0.0,
                0.0
            ]
        },
        {
            "name": "Land_CementWorks_Hall2_Brick",
            "pos": [
                14352.921875,
                -3.6198673248291017,
                11726.0234375
            ],
            "ypr": [
                19.17136573791504,
                0.0,
                0.0
            ]
        },
        {
            "name": "Land_CementWorks_Hall2_Brick",
            "pos": [
                14373.2685546875,
                -3.6224002838134767,
                11719.041015625
            ],
            "ypr": [
                19.17136573791504,
                0.0,
                0.0
            ]
        },
        {
            "name": "Land_CementWorks_Hall2_Brick",
            "pos": [
                14393.8984375,
                -3.621561050415039,
                11712.185546875
            ],
            "ypr": [
                19.171464920043947,
                0.0,
                0.0
            ]
        },
        {
            "name": "Land_CementWorks_Hall2_Brick",
            "pos": [
                14414.345703125,
                -3.6215457916259767,
                11705.1083984375
            ],
            "ypr": [
                19.171300888061525,
                0.0,
                0.0
            ]
        },
        {
            "name": "Land_CementWorks_Hall2_Brick",
            "pos": [
                14434.9013671875,
                -3.623086929321289,
                11698.078125
            ],
            "ypr": [
                19.17136573791504,
                0.0,
                0.0
            ]
        },
        {
            "name": "Land_CementWorks_Hall2_Brick",
            "pos": [
                14455.244140625,
                -3.625619888305664,
                11691.1015625
            ],
            "ypr": [
                19.17136573791504,
                0.0,
                0.0
            ]
        },
        {
            "name": "Land_CementWorks_Hall2_Brick",
            "pos": [
                14475.876953125,
                -3.6247806549072267,
                11684.24609375
            ],
            "ypr": [
                19.171464920043947,
                0.0,
                0.0
            ]
        },
        {
            "name": "Land_CementWorks_Hall2_Brick",
            "pos": [
                14332.3701171875,
                -3.618326187133789,
                11733.0498046875
            ],
            "ypr": [
                19.171300888061525,
                0.0,
                0.0
            ]
        },
        {
            "name": "Land_CementWorks_Hall2_Brick",
            "pos": [
                14366.466796875,
                -3.619852066040039,
                11764.380859375
            ],
            "ypr": [
                19.17136573791504,
                0.0,
                0.0
            ]
        },
        {
            "name": "Land_CementWorks_Hall2_Brick",
            "pos": [
                14386.818359375,
                -3.622385025024414,
                11757.400390625
            ],
            "ypr": [
                19.17136573791504,
                0.0,
                0.0
            ]
        },
        {
            "name": "Land_CementWorks_Hall2_Brick",
            "pos": [
                14407.447265625,
                -3.6215457916259767,
                11750.5517578125
            ],
            "ypr": [
                19.171464920043947,
                0.0,
                0.0
            ]
        },
        {
            "name": "Land_CementWorks_Hall2_Brick",
            "pos": [
                14427.8955078125,
                -3.621530532836914,
                11743.466796875
            ],
            "ypr": [
                19.171300888061525,
                0.0,
                0.0
            ]
        },
        {
            "name": "Land_CementWorks_Hall2_Brick",
            "pos": [
                14448.4462890625,
                -3.6230716705322267,
                11736.4375
            ],
            "ypr": [
                19.17136573791504,
                0.0,
                0.0
            ]
        },
        {
            "name": "Land_CementWorks_Hall2_Brick",
            "pos": [
                14468.7958984375,
                -3.6256046295166017,
                11729.4580078125
            ],
            "ypr": [
                19.17136573791504,
                0.0,
                0.0
            ]
        },
        {
            "name": "Land_CementWorks_Hall2_Brick",
            "pos": [
                14489.4208984375,
                -3.624765396118164,
                11722.6025390625
            ],
            "ypr": [
                19.171464920043947,
                0.0,
                0.0
            ]
        },
        {
            "name": "Land_CementWorks_Hall2_Brick",
            "pos": [
                14345.919921875,
                -3.6183109283447267,
                11771.404296875
            ],
            "ypr": [
                19.171300888061525,
                0.0,
                0.0
            ]
        },
        {
            "name": "Land_CementWorks_Hall2_Brick",
            "pos": [
                14379.861328125,
                -3.6215457916259767,
                11802.8447265625
            ],
            "ypr": [
                19.17136573791504,
                0.0,
                0.0
            ]
        },
        {
            "name": "Land_CementWorks_Hall2_Brick",
            "pos": [
                14400.2080078125,
                -3.6240787506103517,
                11795.865234375
            ],
            "ypr": [
                19.17136573791504,
                0.0,
                0.0
            ]
        },
        {
            "name": "Land_CementWorks_Hall2_Brick",
            "pos": [
                14420.845703125,
                -3.623239517211914,
                11789.013671875
            ],
            "ypr": [
                19.171464920043947,
                0.0,
                0.0
            ]
        },
        {
            "name": "Land_CementWorks_Hall2_Brick",
            "pos": [
                14441.291015625,
                -3.6232242584228517,
                11781.9267578125
            ],
            "ypr": [
                19.171300888061525,
                0.0,
                0.0
            ]
        },
        {
            "name": "Land_CementWorks_Hall2_Brick",
            "pos": [
                14461.84375,
                -3.624765396118164,
                11774.8994140625
            ],
            "ypr": [
                19.17136573791504,
                0.0,
                0.0
            ]
        },
        {
            "name": "Land_CementWorks_Hall2_Brick",
            "pos": [
                14482.1865234375,
                -3.627298355102539,
                11767.919921875
            ],
            "ypr": [
                19.17136573791504,
                0.0,
                0.0
            ]
        },
        {
            "name": "Land_CementWorks_Hall2_Brick",
            "pos": [
                14502.822265625,
                -3.6264591217041017,
                11761.0703125
            ],
            "ypr": [
                19.171464920043947,
                0.0,
                0.0
            ]
        },
        {
            "name": "Land_CementWorks_Hall2_Brick",
            "pos": [
                14359.3076171875,
                -3.620004653930664,
                11809.869140625
            ],
            "ypr": [
                19.171300888061525,
                0.0,
                0.0
            ]
        },
        {
            "name": "Dam_Concrete_20_Floodgate",
            "pos": [
                14158.4443359375,
                -4.257436752319336,
                11563.6435546875
            ],
            "ypr": [
                -161.69480895996095,
                0.0,
                -3.5762786865234377e-7
            ]
        },
        {
            "name": "Dam_Concrete_20_Floodgate",
            "pos": [
                14177.431640625,
                -4.257436752319336,
                11557.361328125
            ],
            "ypr": [
                -161.69480895996095,
                0.0,
                -3.5762786865234377e-7
            ]
        },
        {
            "name": "Dam_Concrete_20_Floodgate",
            "pos": [
                14196.4248046875,
                -4.257436752319336,
                11551.0751953125
            ],
            "ypr": [
                -161.69480895996095,
                0.0,
                -3.5762786865234377e-7
            ]
        },
        {
            "name": "Dam_Concrete_20_Floodgate",
            "pos": [
                14215.4033203125,
                -4.257436752319336,
                11544.79296875
            ],
            "ypr": [
                -161.69480895996095,
                0.0,
                -3.5762786865234377e-7
            ]
        },
        {
            "name": "Dam_Concrete_20_Floodgate",
            "pos": [
                14234.4267578125,
                -4.257441520690918,
                11538.5087890625
            ],
            "ypr": [
                -161.6949462890625,
                0.0,
                0.0
            ]
        },
        {
            "name": "Dam_Concrete_20_Floodgate",
            "pos": [
                14251.9892578125,
                -5.552436828613281,
                11532.693359375
            ],
            "ypr": [
                -161.69480895996095,
                0.0,
                -7.999996185302734
            ]
        },
        {
            "name": "Dam_Concrete_20_Floodgate",
            "pos": [
                14139.4658203125,
                -4.257436752319336,
                11569.919921875
            ],
            "ypr": [
                -161.69480895996095,
                0.0,
                -3.5762786865234377e-7
            ]
        },
        {
            "name": "Dam_Concrete_20_Floodgate",
            "pos": [
                14044.53515625,
                -4.257436752319336,
                11601.3251953125
            ],
            "ypr": [
                -161.69480895996095,
                0.0,
                -3.5762786865234377e-7
            ]
        },
        {
            "name": "Dam_Concrete_20_Floodgate",
            "pos": [
                14063.517578125,
                -4.257436752319336,
                11595.0478515625
            ],
            "ypr": [
                -161.69480895996095,
                0.0,
                -3.5762786865234377e-7
            ]
        },
        {
            "name": "Dam_Concrete_20_Floodgate",
            "pos": [
                14082.5087890625,
                -4.257436752319336,
                11588.759765625
            ],
            "ypr": [
                -161.69480895996095,
                0.0,
                -3.5762786865234377e-7
            ]
        },
        {
            "name": "Dam_Concrete_20_Floodgate",
            "pos": [
                14101.49609375,
                -4.257436752319336,
                11582.48046875
            ],
            "ypr": [
                -161.69480895996095,
                0.0,
                -3.5762786865234377e-7
            ]
        },
        {
            "name": "Dam_Concrete_20_Floodgate",
            "pos": [
                14120.482421875,
                -4.257436752319336,
                11576.1982421875
            ],
            "ypr": [
                -161.69480895996095,
                0.0,
                -3.5762786865234377e-7
            ]
        },
        {
            "name": "Dam_Concrete_20_Floodgate",
            "pos": [
                13854.712890625,
                -4.257436752319336,
                11664.1318359375
            ],
            "ypr": [
                -161.69480895996095,
                0.0,
                -3.5762786865234377e-7
            ]
        },
        {
            "name": "Dam_Concrete_20_Floodgate",
            "pos": [
                13873.7021484375,
                -4.257436752319336,
                11657.8466796875
            ],
            "ypr": [
                -161.69480895996095,
                0.0,
                -3.5762786865234377e-7
            ]
        },
        {
            "name": "Dam_Concrete_20_Floodgate",
            "pos": [
                13892.67578125,
                -4.257436752319336,
                11651.56640625
            ],
            "ypr": [
                -161.69480895996095,
                0.0,
                -3.5762786865234377e-7
            ]
        },
        {
            "name": "Dam_Concrete_20_Floodgate",
            "pos": [
                13911.669921875,
                -4.257436752319336,
                11645.2822265625
            ],
            "ypr": [
                -161.69480895996095,
                0.0,
                -3.5762786865234377e-7
            ]
        },
        {
            "name": "Dam_Concrete_20_Floodgate",
            "pos": [
                13949.6240234375,
                -4.257436752319336,
                11632.72265625
            ],
            "ypr": [
                -161.69480895996095,
                0.0,
                -3.5762786865234377e-7
            ]
        },
        {
            "name": "Dam_Concrete_20_Floodgate",
            "pos": [
                13968.6103515625,
                -4.257436752319336,
                11626.4384765625
            ],
            "ypr": [
                -161.69480895996095,
                0.0,
                -3.5762786865234377e-7
            ]
        },
        {
            "name": "Dam_Concrete_20_Floodgate",
            "pos": [
                13987.5888671875,
                -4.257436752319336,
                11620.1708984375
            ],
            "ypr": [
                -161.69480895996095,
                0.0,
                -3.5762786865234377e-7
            ]
        },
        {
            "name": "Dam_Concrete_20_Floodgate",
            "pos": [
                14006.5732421875,
                -4.257436752319336,
                11613.87890625
            ],
            "ypr": [
                -161.69480895996095,
                0.0,
                -3.5762786865234377e-7
            ]
        },
        {
            "name": "Dam_Concrete_20_Floodgate",
            "pos": [
                14025.5615234375,
                -4.257436752319336,
                11607.60546875
            ],
            "ypr": [
                -161.69480895996095,
                0.0,
                -3.5762786865234377e-7
            ]
        },
        {
            "name": "Dam_Concrete_20_Floodgate",
            "pos": [
                13930.64453125,
                -4.257436752319336,
                11639.015625
            ],
            "ypr": [
                -161.69480895996095,
                0.0,
                -3.5762786865234377e-7
            ]
        },
        {
            "name": "Land_DieselPowerPlant_Tank_Big",
            "pos": [
                14353.900390625,
                2.0,
                11833.7998046875
            ],
            "ypr": [
                0.0,
                0.0,
                0.0
            ]
        },
        {
            "name": "Land_DieselPowerPlant_Tank_Big",
            "pos": [
                14691.2001953125,
                2.0,
                11720.099609375
            ],
            "ypr": [
                0.0,
                0.0,
                0.0
            ]
        },
        {
            "name": "Land_DieselPowerPlant_Tank_Big",
            "pos": [
                14583.2998046875,
                2.0,
                11404.099609375
            ],
            "ypr": [
                0.0,
                0.0,
                0.0
            ]
        },
        {
            "name": "Land_DieselPowerPlant_Tank_Big",
            "pos": [
                14244.099609375,
                2.0,
                11516.400390625
            ],
            "ypr": [
                0.0,
                0.0,
                0.0
            ]
        },
        {
            "name": "Dam_Concrete_20_Floodgate",
            "pos": [
                14265.015625,
                -4.341805458068848,
                11505.6162109375
            ],
            "ypr": [
                18.709749221801759,
                0.0,
                -3.5762786865234377e-7
            ]
        },
        {
            "name": "Dam_Concrete_20_Floodgate",
            "pos": [
                14246.0712890625,
                -4.341805458068848,
                11512.0380859375
            ],
            "ypr": [
                18.709749221801759,
                0.0,
                -3.5762786865234377e-7
            ]
        },
        {
            "name": "Dam_Concrete_20_Floodgate",
            "pos": [
                14283.9462890625,
                -4.341805458068848,
                11499.2060546875
            ],
            "ypr": [
                18.709749221801759,
                0.0,
                -3.5762786865234377e-7
            ]
        },
        {
            "name": "Dam_Concrete_20_Floodgate",
            "pos": [
                14378.650390625,
                -4.341805458068848,
                11467.12890625
            ],
            "ypr": [
                18.709749221801759,
                0.0,
                -3.5762786865234377e-7
            ]
        },
        {
            "name": "Dam_Concrete_20_Floodgate",
            "pos": [
                14359.7099609375,
                -4.341805458068848,
                11473.533203125
            ],
            "ypr": [
                18.709749221801759,
                0.0,
                -3.5762786865234377e-7
            ]
        },
        {
            "name": "Dam_Concrete_20_Floodgate",
            "pos": [
                14340.7666015625,
                -4.341805458068848,
                11479.966796875
            ],
            "ypr": [
                18.709749221801759,
                0.0,
                -3.5762786865234377e-7
            ]
        },
        {
            "name": "Dam_Concrete_20_Floodgate",
            "pos": [
                14321.8193359375,
                -4.341805458068848,
                11486.375
            ],
            "ypr": [
                18.709749221801759,
                0.0,
                -3.5762786865234377e-7
            ]
        },
        {
            "name": "Dam_Concrete_20_Floodgate",
            "pos": [
                14302.8818359375,
                -4.341805458068848,
                11492.7939453125
            ],
            "ypr": [
                18.709749221801759,
                0.0,
                -3.5762786865234377e-7
            ]
        },
        {
            "name": "Dam_Concrete_20_Floodgate",
            "pos": [
                14568.0263671875,
                -4.341805458068848,
                11402.9833984375
            ],
            "ypr": [
                18.709749221801759,
                0.0,
                -3.5762786865234377e-7
            ]
        },
        {
            "name": "Dam_Concrete_20_Floodgate",
            "pos": [
                14549.0869140625,
                -4.341805458068848,
                11409.4052734375
            ],
            "ypr": [
                18.709749221801759,
                0.0,
                -3.5762786865234377e-7
            ]
        },
        {
            "name": "Dam_Concrete_20_Floodgate",
            "pos": [
                14530.1455078125,
                -4.341805458068848,
                11415.82421875
            ],
            "ypr": [
                18.709749221801759,
                0.0,
                -3.5762786865234377e-7
            ]
        },
        {
            "name": "Dam_Concrete_20_Floodgate",
            "pos": [
                14511.205078125,
                -4.341805458068848,
                11422.234375
            ],
            "ypr": [
                18.709749221801759,
                0.0,
                -3.5762786865234377e-7
            ]
        },
        {
            "name": "Dam_Concrete_20_Floodgate",
            "pos": [
                14473.349609375,
                -4.341805458068848,
                11435.06640625
            ],
            "ypr": [
                18.709749221801759,
                0.0,
                -3.5762786865234377e-7
            ]
        },
        {
            "name": "Dam_Concrete_20_Floodgate",
            "pos": [
                14454.3974609375,
                -4.341805458068848,
                11441.4814453125
            ],
            "ypr": [
                18.709749221801759,
                0.0,
                -3.5762786865234377e-7
            ]
        },
        {
            "name": "Dam_Concrete_20_Floodgate",
            "pos": [
                14435.466796875,
                -4.341805458068848,
                11447.884765625
            ],
            "ypr": [
                18.709749221801759,
                0.0,
                -3.5762786865234377e-7
            ]
        },
        {
            "name": "Dam_Concrete_20_Floodgate",
            "pos": [
                14416.5224609375,
                -4.341805458068848,
                11454.310546875
            ],
            "ypr": [
                18.709749221801759,
                0.0,
                -3.5762786865234377e-7
            ]
        },
        {
            "name": "Dam_Concrete_20_Floodgate",
            "pos": [
                14397.5869140625,
                -4.341805458068848,
                11460.7177734375
            ],
            "ypr": [
                18.7097225189209,
                0.0,
                -3.5762786865234377e-7
            ]
        },
        {
            "name": "Dam_Concrete_20_Floodgate",
            "pos": [
                14492.26953125,
                -4.341805458068848,
                11428.6376953125
            ],
            "ypr": [
                18.709749221801759,
                0.0,
                -3.5762786865234377e-7
            ]
        },
        {
            "name": "Dam_Concrete_20_Floodgate",
            "pos": [
                14661.2353515625,
                -4.573613166809082,
                11732.7255859375
            ],
            "ypr": [
                -161.35484313964845,
                0.0,
                -3.5762786865234377e-7
            ]
        },
        {
            "name": "Dam_Concrete_20_Floodgate",
            "pos": [
                14680.1875,
                -4.573613166809082,
                11726.333984375
            ],
            "ypr": [
                -161.35484313964845,
                0.0,
                -3.5762786865234377e-7
            ]
        },
        {
            "name": "Dam_Concrete_20_Floodgate",
            "pos": [
                14642.298828125,
                -4.573613166809082,
                11739.119140625
            ],
            "ypr": [
                -161.35484313964845,
                0.0,
                -3.5762786865234377e-7
            ]
        },
        {
            "name": "Dam_Concrete_20_Floodgate",
            "pos": [
                14547.552734375,
                -4.573613166809082,
                11771.087890625
            ],
            "ypr": [
                -161.35484313964845,
                0.0,
                -3.5762786865234377e-7
            ]
        },
        {
            "name": "Dam_Concrete_20_Floodgate",
            "pos": [
                14566.5009765625,
                -4.573613166809082,
                11764.6953125
            ],
            "ypr": [
                -161.35484313964845,
                0.0,
                -3.5762786865234377e-7
            ]
        },
        {
            "name": "Dam_Concrete_20_Floodgate",
            "pos": [
                14585.458984375,
                -4.573613166809082,
                11758.2861328125
            ],
            "ypr": [
                -161.35484313964845,
                0.0,
                -3.5762786865234377e-7
            ]
        },
        {
            "name": "Dam_Concrete_20_Floodgate",
            "pos": [
                14604.4150390625,
                -4.573613166809082,
                11751.9013671875
            ],
            "ypr": [
                -161.35484313964845,
                0.0,
                -3.5762786865234377e-7
            ]
        },
        {
            "name": "Dam_Concrete_20_Floodgate",
            "pos": [
                14623.3564453125,
                -4.573613166809082,
                11745.5087890625
            ],
            "ypr": [
                -161.35484313964845,
                0.0,
                -3.5762786865234377e-7
            ]
        },
        {
            "name": "Dam_Concrete_20_Floodgate",
            "pos": [
                14358.109375,
                -4.573613166809082,
                11835.0087890625
            ],
            "ypr": [
                -161.35484313964845,
                0.0,
                -3.5762786865234377e-7
            ]
        },
        {
            "name": "Dam_Concrete_20_Floodgate",
            "pos": [
                14377.0556640625,
                -4.573613166809082,
                11828.6142578125
            ],
            "ypr": [
                -161.35484313964845,
                0.0,
                -3.5762786865234377e-7
            ]
        },
        {
            "name": "Dam_Concrete_20_Floodgate",
            "pos": [
                14396.0048828125,
                -4.573613166809082,
                11822.21875
            ],
            "ypr": [
                -161.35484313964845,
                0.0,
                -3.5762786865234377e-7
            ]
        },
        {
            "name": "Dam_Concrete_20_Floodgate",
            "pos": [
                14414.95703125,
                -4.573613166809082,
                11815.8203125
            ],
            "ypr": [
                -161.35484313964845,
                0.0,
                -3.5762786865234377e-7
            ]
        },
        {
            "name": "Dam_Concrete_20_Floodgate",
            "pos": [
                14452.8271484375,
                -4.573613166809082,
                11803.0302734375
            ],
            "ypr": [
                -161.35484313964845,
                0.0,
                -3.5762786865234377e-7
            ]
        },
        {
            "name": "Dam_Concrete_20_Floodgate",
            "pos": [
                14471.7841796875,
                -4.573613166809082,
                11796.6435546875
            ],
            "ypr": [
                -161.35484313964845,
                0.0,
                -3.5762786865234377e-7
            ]
        },
        {
            "name": "Dam_Concrete_20_Floodgate",
            "pos": [
                14490.720703125,
                -4.573613166809082,
                11790.259765625
            ],
            "ypr": [
                -161.35484313964845,
                0.0,
                -3.5762786865234377e-7
            ]
        },
        {
            "name": "Dam_Concrete_20_Floodgate",
            "pos": [
                14509.6728515625,
                -4.573613166809082,
                11783.8671875
            ],
            "ypr": [
                -161.35484313964845,
                0.0,
                -3.5762786865234377e-7
            ]
        },
        {
            "name": "Dam_Concrete_20_Floodgate",
            "pos": [
                14528.611328125,
                -4.573613166809082,
                11777.474609375
            ],
            "ypr": [
                -161.35484313964845,
                0.0,
                -3.5762786865234377e-7
            ]
        },
        {
            "name": "Dam_Concrete_20_Floodgate",
            "pos": [
                14433.8984375,
                -4.573613166809082,
                11809.4462890625
            ],
            "ypr": [
                -161.35484313964845,
                0.0,
                -3.5762786865234377e-7
            ]
        },
        {
            "name": "Dam_Concrete_20_Floodgate",
            "pos": [
                14341.810546875,
                -4.152592658996582,
                11807.9443359375
            ],
            "ypr": [
                108.92121887207031,
                0.0,
                -3.5762786865234377e-7
            ]
        },
        {
            "name": "Dam_Concrete_20_Floodgate",
            "pos": [
                14348.2998046875,
                -4.152592658996582,
                11826.85546875
            ],
            "ypr": [
                108.92121887207031,
                0.0,
                -3.5762786865234377e-7
            ]
        },
        {
            "name": "Dam_Concrete_20_Floodgate",
            "pos": [
                14335.328125,
                -4.152592658996582,
                11789.037109375
            ],
            "ypr": [
                108.92121887207031,
                0.0,
                -3.5762786865234377e-7
            ]
        },
        {
            "name": "Dam_Concrete_20_Floodgate",
            "pos": [
                14302.900390625,
                -4.152592658996582,
                11694.4453125
            ],
            "ypr": [
                108.92121887207031,
                0.0,
                -3.5762786865234377e-7
            ]
        },
        {
            "name": "Dam_Concrete_20_Floodgate",
            "pos": [
                14309.373046875,
                -4.152592658996582,
                11713.3701171875
            ],
            "ypr": [
                108.92121887207031,
                0.0,
                -3.5762786865234377e-7
            ]
        },
        {
            "name": "Dam_Concrete_20_Floodgate",
            "pos": [
                14315.8779296875,
                -4.152592658996582,
                11732.2890625
            ],
            "ypr": [
                108.92121887207031,
                0.0,
                -3.5762786865234377e-7
            ]
        },
        {
            "name": "Dam_Concrete_20_Floodgate",
            "pos": [
                14322.3583984375,
                -4.152592658996582,
                11751.20703125
            ],
            "ypr": [
                108.92121887207031,
                0.0,
                -3.5762786865234377e-7
            ]
        },
        {
            "name": "Dam_Concrete_20_Floodgate",
            "pos": [
                14328.8525390625,
                -4.152592658996582,
                11770.115234375
            ],
            "ypr": [
                108.92121887207031,
                0.0,
                -3.5762786865234377e-7
            ]
        },
        {
            "name": "Dam_Concrete_20_Floodgate",
            "pos": [
                14251.0390625,
                -4.152592658996582,
                11543.1455078125
            ],
            "ypr": [
                108.92121887207031,
                0.0,
                -3.5762786865234377e-7
            ]
        },
        {
            "name": "Dam_Concrete_20_Floodgate",
            "pos": [
                14257.5146484375,
                -4.152592658996582,
                11562.060546875
            ],
            "ypr": [
                108.92121887207031,
                0.0,
                -3.5762786865234377e-7
            ]
        },
        {
            "name": "Dam_Concrete_20_Floodgate",
            "pos": [
                14270.494140625,
                -4.152592658996582,
                11599.87890625
            ],
            "ypr": [
                108.92121887207031,
                0.0,
                -3.5762786865234377e-7
            ]
        },
        {
            "name": "Dam_Concrete_20_Floodgate",
            "pos": [
                14276.9775390625,
                -4.152592658996582,
                11618.791015625
            ],
            "ypr": [
                108.92121887207031,
                0.0,
                -3.5762786865234377e-7
            ]
        },
        {
            "name": "Dam_Concrete_20_Floodgate",
            "pos": [
                14283.4541015625,
                -4.152592658996582,
                11637.6982421875
            ],
            "ypr": [
                108.92121887207031,
                0.0,
                -3.5762786865234377e-7
            ]
        },
        {
            "name": "Dam_Concrete_20_Floodgate",
            "pos": [
                14289.9453125,
                -4.152592658996582,
                11656.6318359375
            ],
            "ypr": [
                108.92134857177735,
                0.0,
                -3.5762786865234377e-7
            ]
        },
        {
            "name": "Dam_Concrete_20_Floodgate",
            "pos": [
                14296.421875,
                -4.152592658996582,
                11675.537109375
            ],
            "ypr": [
                108.92132568359375,
                0.0,
                -3.5762786865234377e-7
            ]
        },
        {
            "name": "Dam_Concrete_20_Floodgate",
            "pos": [
                14263.98828125,
                -4.152592658996582,
                11580.9775390625
            ],
            "ypr": [
                108.92121887207031,
                0.0,
                -3.5762786865234377e-7
            ]
        },
        {
            "name": "Dam_Concrete_20_Floodgate",
            "pos": [
                14596.5166015625,
                -4.587521553039551,
                11425.4599609375
            ],
            "ypr": [
                -71.22795104980469,
                0.0,
                -3.5762786865234377e-7
            ]
        },
        {
            "name": "Dam_Concrete_20_Floodgate",
            "pos": [
                14590.05859375,
                -4.587521553039551,
                11406.544921875
            ],
            "ypr": [
                -71.22795104980469,
                0.0,
                -3.5762786865234377e-7
            ]
        },
        {
            "name": "Dam_Concrete_20_Floodgate",
            "pos": [
                14602.9521484375,
                -4.587521553039551,
                11444.3837890625
            ],
            "ypr": [
                -71.22795104980469,
                0.0,
                -3.5762786865234377e-7
            ]
        },
        {
            "name": "Dam_Concrete_20_Floodgate",
            "pos": [
                14635.12109375,
                -4.587521553039551,
                11539.0546875
            ],
            "ypr": [
                -71.22795104980469,
                0.0,
                -3.5762786865234377e-7
            ]
        },
        {
            "name": "Dam_Concrete_20_Floodgate",
            "pos": [
                14628.705078125,
                -4.587521553039551,
                11520.12109375
            ],
            "ypr": [
                -71.22795104980469,
                0.0,
                -3.5762786865234377e-7
            ]
        },
        {
            "name": "Dam_Concrete_20_Floodgate",
            "pos": [
                14622.2373046875,
                -4.587521553039551,
                11501.1884765625
            ],
            "ypr": [
                -71.22795104980469,
                0.0,
                -3.5762786865234377e-7
            ]
        },
        {
            "name": "Dam_Concrete_20_Floodgate",
            "pos": [
                14615.8134765625,
                -4.587521553039551,
                11482.2529296875
            ],
            "ypr": [
                -71.22795104980469,
                0.0,
                -3.5762786865234377e-7
            ]
        },
        {
            "name": "Dam_Concrete_20_Floodgate",
            "pos": [
                14609.361328125,
                -4.587521553039551,
                11463.3291015625
            ],
            "ypr": [
                -71.22795104980469,
                0.0,
                -3.5762786865234377e-7
            ]
        },
        {
            "name": "Dam_Concrete_20_Floodgate",
            "pos": [
                14692.9853515625,
                -4.5875244140625,
                11709.40234375
            ],
            "ypr": [
                -71.2280044555664,
                0.0,
                0.0
            ]
        },
        {
            "name": "Dam_Concrete_20_Floodgate",
            "pos": [
                14686.5849609375,
                -4.5875244140625,
                11690.501953125
            ],
            "ypr": [
                -71.2280044555664,
                0.0,
                0.0
            ]
        },
        {
            "name": "Dam_Concrete_20_Floodgate",
            "pos": [
                14680.15625,
                -4.587521553039551,
                11671.5625
            ],
            "ypr": [
                -71.22795104980469,
                0.0,
                -3.5762786865234377e-7
            ]
        },
        {
            "name": "Dam_Concrete_20_Floodgate",
            "pos": [
                14667.2763671875,
                -4.587521553039551,
                11633.7060546875
            ],
            "ypr": [
                -71.22795104980469,
                0.0,
                -3.5762786865234377e-7
            ]
        },
        {
            "name": "Dam_Concrete_20_Floodgate",
            "pos": [
                14660.853515625,
                -4.587521553039551,
                11614.7744140625
            ],
            "ypr": [
                -71.22795104980469,
                0.0,
                -3.5762786865234377e-7
            ]
        },
        {
            "name": "Dam_Concrete_20_Floodgate",
            "pos": [
                14654.4140625,
                -4.587521553039551,
                11595.857421875
            ],
            "ypr": [
                -71.22795104980469,
                0.0,
                -3.5762786865234377e-7
            ]
        },
        {
            "name": "Dam_Concrete_20_Floodgate",
            "pos": [
                14647.97265625,
                -4.587521553039551,
                11576.9033203125
            ],
            "ypr": [
                -71.22775268554688,
                0.0,
                -3.5762786865234377e-7
            ]
        },
        {
            "name": "Dam_Concrete_20_Floodgate",
            "pos": [
                14641.55078125,
                -4.587521553039551,
                11557.984375
            ],
            "ypr": [
                -71.22795104980469,
                0.0,
                -3.5762786865234377e-7
            ]
        },
        {
            "name": "Dam_Concrete_20_Floodgate",
            "pos": [
                14673.740234375,
                -4.587521553039551,
                11652.6201171875
            ],
            "ypr": [
                -71.22795104980469,
                0.0,
                -3.5762786865234377e-7
            ]
        }
    ]
}