{
    "Objects": [
        {
            "name": "Land_CementWorks_Hall2_Brick",
            "pos": [
                14430.33203125,
                -3.612436294555664,
                11485.95703125
            ],
            "ypr": [
                19.171300888061525,
                0.0,
                0.0
            ]
        },
        {
            "name": "Land_CementWorks_Hall2_Brick",
            "pos": [
                14450.87890625,
                -3.6139774322509767,
                11478.9267578125
            ],
            "ypr": [
                19.17136573791504,
                0.0,
                0.0
            ]
        },
        {
            "name": "Land_CementWorks_Hall2_Brick",
            "pos": [
                14471.2265625,
                -3.6165103912353517,
                11471.9462890625
            ],
            "ypr": [
                19.171464920043947,
                0.0,
                0.0
            ]
        },
        {
            "name": "Land_CementWorks_Hall2_Brick",
            "pos": [
                14491.86328125,
                -3.615671157836914,
                11465.099609375
            ],
            "ypr": [
                19.171464920043947,
                0.0,
                0.0
            ]
        },
        {
            "name": "Land_CementWorks_Hall2_Brick",
            "pos": [
                14512.3115234375,
                -3.6156558990478517,
                11458.01953125
            ],
            "ypr": [
                19.171300888061525,
                0.0,
                0.0
            ]
        },
        {
            "name": "Land_CementWorks_Hall2_Brick",
            "pos": [
                14532.8603515625,
                -3.617197036743164,
                11450.9833984375
            ],
            "ypr": [
                19.17136573791504,
                0.0,
                0.0
            ]
        },
        {
            "name": "Land_CementWorks_Hall2_Brick",
            "pos": [
                14553.2021484375,
                -3.619729995727539,
                11444.005859375
            ],
            "ypr": [
                19.171464920043947,
                0.0,
                0.0
            ]
        },
        {
            "name": "Land_CementWorks_Hall2_Brick",
            "pos": [
                14573.841796875,
                -3.6188907623291017,
                11437.154296875
            ],
            "ypr": [
                19.171464920043947,
                0.0,
                0.0
            ]
        },
        {
            "name": "Land_CementWorks_Hall2_Brick",
            "pos": [
                14464.021484375,
                -3.6107730865478517,
                11516.9189453125
            ],
            "ypr": [
                19.17136573791504,
                0.0,
                0.0
            ]
        },
        {
            "name": "Land_CementWorks_Hall2_Brick",
            "pos": [
                14484.3681640625,
                -3.6133060455322267,
                11509.94140625
            ],
            "ypr": [
                19.171464920043947,
                0.0,
                0.0
            ]
        },
        {
            "name": "Land_CementWorks_Hall2_Brick",
            "pos": [
                14505.0009765625,
                -3.612466812133789,
                11503.0869140625
            ],
            "ypr": [
                19.171464920043947,
                0.0,
                0.0
            ]
        },
        {
            "name": "Land_CementWorks_Hall2_Brick",
            "pos": [
                14525.4453125,
                -3.6124515533447267,
                11496.0068359375
            ],
            "ypr": [
                19.171300888061525,
                0.0,
                0.0
            ]
        },
        {
            "name": "Land_CementWorks_Hall2_Brick",
            "pos": [
                14546.0009765625,
                -3.613992691040039,
                11488.974609375
            ],
            "ypr": [
                19.17136573791504,
                0.0,
                0.0
            ]
        },
        {
            "name": "Land_CementWorks_Hall2_Brick",
            "pos": [
                14566.3486328125,
                -3.616525650024414,
                11481.998046875
            ],
            "ypr": [
                19.171464920043947,
                0.0,
                0.0
            ]
        },
        {
            "name": "Land_CementWorks_Hall2_Brick",
            "pos": [
                14586.9814453125,
                -3.6156864166259767,
                11475.1455078125
            ],
            "ypr": [
                19.171464920043947,
                0.0,
                0.0
            ]
        },
        {
            "name": "Land_CementWorks_Hall2_Brick",
            "pos": [
                14443.46875,
                -3.609231948852539,
                11523.94921875
            ],
            "ypr": [
                19.171300888061525,
                0.0,
                0.0
            ]
        },
        {
            "name": "Land_CementWorks_Hall2_Brick",
            "pos": [
                14477.5693359375,
                -3.610757827758789,
                11555.2744140625
            ],
            "ypr": [
                19.17136573791504,
                0.0,
                0.0
            ]
        },
        {
            "name": "Land_CementWorks_Hall2_Brick",
            "pos": [
                14497.9169921875,
                -3.613290786743164,
                11548.2978515625
            ],
            "ypr": [
                19.171464920043947,
                0.0,
                0.0
            ]
        },
        {
            "name": "Land_CementWorks_Hall2_Brick",
            "pos": [
                14518.544921875,
                -3.6124515533447267,
                11541.4453125
            ],
            "ypr": [
                19.171464920043947,
                0.0,
                0.0
            ]
        },
        {
            "name": "Land_CementWorks_Hall2_Brick",
            "pos": [
                14538.9951171875,
                -3.612436294555664,
                11534.3583984375
            ],
            "ypr": [
                19.171300888061525,
                0.0,
                0.0
            ]
        },
        {
            "name": "Land_CementWorks_Hall2_Brick",
            "pos": [
                14559.5458984375,
                -3.6139774322509767,
                11527.3310546875
            ],
            "ypr": [
                19.17136573791504,
                0.0,
                0.0
            ]
        },
        {
            "name": "Land_CementWorks_Hall2_Brick",
            "pos": [
                14579.8896484375,
                -3.6165103912353517,
                11520.357421875
            ],
            "ypr": [
                19.171464920043947,
                0.0,
                0.0
            ]
        },
        {
            "name": "Land_CementWorks_Hall2_Brick",
            "pos": [
                14600.5244140625,
                -3.615671157836914,
                11513.5029296875
            ],
            "ypr": [
                19.171464920043947,
                0.0,
                0.0
            ]
        },
        {
            "name": "Land_CementWorks_Hall2_Brick",
            "pos": [
                14457.021484375,
                -3.6092166900634767,
                11562.3017578125
            ],
            "ypr": [
                19.171300888061525,
                0.0,
                0.0
            ]
        },
        {
            "name": "Land_CementWorks_Hall2_Brick",
            "pos": [
                14490.96875,
                -3.6124515533447267,
                11593.740234375
            ],
            "ypr": [
                19.17136573791504,
                0.0,
                0.0
            ]
        },
        {
            "name": "Land_CementWorks_Hall2_Brick",
            "pos": [
                14511.3125,
                -3.6149845123291017,
                11586.763671875
            ],
            "ypr": [
                19.171464920043947,
                0.0,
                0.0
            ]
        },
        {
            "name": "Land_CementWorks_Hall2_Brick",
            "pos": [
                14531.9443359375,
                -3.614145278930664,
                11579.904296875
            ],
            "ypr": [
                19.171464920043947,
                0.0,
                0.0
            ]
        },
        {
            "name": "Land_CementWorks_Hall2_Brick",
            "pos": [
                14552.3896484375,
                -3.6141300201416017,
                11572.82421875
            ],
            "ypr": [
                19.171300888061525,
                0.0,
                0.0
            ]
        },
        {
            "name": "Land_CementWorks_Hall2_Brick",
            "pos": [
                14572.943359375,
                -3.615671157836914,
                11565.798828125
            ],
            "ypr": [
                19.17136573791504,
                0.0,
                0.0
            ]
        },
        {
            "name": "Land_CementWorks_Hall2_Brick",
            "pos": [
                14593.2900390625,
                -3.618204116821289,
                11558.8232421875
            ],
            "ypr": [
                19.171464920043947,
                0.0,
                0.0
            ]
        },
        {
            "name": "Land_CementWorks_Hall2_Brick",
            "pos": [
                14613.9208984375,
                -3.6173648834228517,
                11551.966796875
            ],
            "ypr": [
                19.171464920043947,
                0.0,
                0.0
            ]
        },
        {
            "name": "Land_CementWorks_Hall2_Brick",
            "pos": [
                14470.419921875,
                -3.610910415649414,
                11600.767578125
            ],
            "ypr": [
                19.171300888061525,
                0.0,
                0.0
            ]
        },
        {
            "name": "Land_CementWorks_Hall2_Brick",
            "pos": [
                14266.09375,
                -3.6058292388916017,
                11541.8818359375
            ],
            "ypr": [
                19.171348571777345,
                0.0,
                0.0
            ]
        },
        {
            "name": "Land_CementWorks_Hall2_Brick",
            "pos": [
                14286.6474609375,
                -3.6074771881103517,
                11534.8974609375
            ],
            "ypr": [
                19.17136573791504,
                0.0,
                0.0
            ]
        },
        {
            "name": "Land_CementWorks_Hall2_Brick",
            "pos": [
                14306.9970703125,
                -3.6100101470947267,
                11527.9189453125
            ],
            "ypr": [
                19.171464920043947,
                0.0,
                0.0
            ]
        },
        {
            "name": "Land_CementWorks_Hall2_Brick",
            "pos": [
                14327.6240234375,
                -3.609170913696289,
                11521.0625
            ],
            "ypr": [
                19.171464920043947,
                0.0,
                0.0
            ]
        },
        {
            "name": "Land_CementWorks_Hall2_Brick",
            "pos": [
                14348.0732421875,
                -3.6091556549072267,
                11513.978515625
            ],
            "ypr": [
                19.171300888061525,
                0.0,
                0.0
            ]
        },
        {
            "name": "Land_CementWorks_Hall2_Brick",
            "pos": [
                14368.625,
                -3.610696792602539,
                11506.9541015625
            ],
            "ypr": [
                19.17136573791504,
                0.0,
                0.0
            ]
        },
        {
            "name": "Land_CementWorks_Hall2_Brick",
            "pos": [
                14388.970703125,
                -3.613229751586914,
                11499.974609375
            ],
            "ypr": [
                19.171464920043947,
                0.0,
                0.0
            ]
        },
        {
            "name": "Land_CementWorks_Hall2_Brick",
            "pos": [
                14409.60546875,
                -3.6123905181884767,
                11493.1240234375
            ],
            "ypr": [
                19.171464920043947,
                0.0,
                0.0
            ]
        },
        {
            "name": "Land_CementWorks_Hall2_Brick",
            "pos": [
                14299.791015625,
                -3.6042728424072267,
                11572.8896484375
            ],
            "ypr": [
                19.17136573791504,
                0.0,
                0.0
            ]
        },
        {
            "name": "Land_CementWorks_Hall2_Brick",
            "pos": [
                14320.140625,
                -3.6068058013916017,
                11565.9091796875
            ],
            "ypr": [
                19.171464920043947,
                0.0,
                0.0
            ]
        },
        {
            "name": "Land_CementWorks_Hall2_Brick",
            "pos": [
                14340.7705078125,
                -3.605966567993164,
                11559.0546875
            ],
            "ypr": [
                19.171464920043947,
                0.0,
                0.0
            ]
        },
        {
            "name": "Land_CementWorks_Hall2_Brick",
            "pos": [
                14361.21875,
                -3.6059513092041017,
                11551.9736328125
            ],
            "ypr": [
                19.171300888061525,
                0.0,
                0.0
            ]
        },
        {
            "name": "Land_CementWorks_Hall2_Brick",
            "pos": [
                14381.76953125,
                -3.607492446899414,
                11544.9453125
            ],
            "ypr": [
                19.17136573791504,
                0.0,
                0.0
            ]
        },
        {
            "name": "Land_CementWorks_Hall2_Brick",
            "pos": [
                14402.109375,
                -3.610025405883789,
                11537.96484375
            ],
            "ypr": [
                19.171464920043947,
                0.0,
                0.0
            ]
        },
        {
            "name": "Land_CementWorks_Hall2_Brick",
            "pos": [
                14422.7490234375,
                -3.6091861724853517,
                11531.1142578125
            ],
            "ypr": [
                19.171464920043947,
                0.0,
                0.0
            ]
        },
        {
            "name": "Land_CementWorks_Hall2_Brick",
            "pos": [
                14279.244140625,
                -3.602731704711914,
                11579.919921875
            ],
            "ypr": [
                19.171300888061525,
                0.0,
                0.0
            ]
        },
        {
            "name": "Land_CementWorks_Hall2_Brick",
            "pos": [
                14313.34375,
                -3.604257583618164,
                11611.2451171875
            ],
            "ypr": [
                19.17136573791504,
                0.0,
                0.0
            ]
        },
        {
            "name": "Land_CementWorks_Hall2_Brick",
            "pos": [
                14333.68359375,
                -3.606790542602539,
                11604.2705078125
            ],
            "ypr": [
                19.171464920043947,
                0.0,
                0.0
            ]
        },
        {
            "name": "Land_CementWorks_Hall2_Brick",
            "pos": [
                14354.3203125,
                -3.6059513092041017,
                11597.4140625
            ],
            "ypr": [
                19.171464920043947,
                0.0,
                0.0
            ]
        },
        {
            "name": "Land_CementWorks_Hall2_Brick",
            "pos": [
                14374.765625,
                -3.605936050415039,
                11590.333984375
            ],
            "ypr": [
                19.171300888061525,
                0.0,
                0.0
            ]
        },
        {
            "name": "Land_CementWorks_Hall2_Brick",
            "pos": [
                14395.314453125,
                -3.6074771881103517,
                11583.306640625
            ],
            "ypr": [
                19.17136573791504,
                0.0,
                0.0
            ]
        },
        {
            "name": "Land_CementWorks_Hall2_Brick",
            "pos": [
                14415.6611328125,
                -3.6100101470947267,
                11576.32421875
            ],
            "ypr": [
                19.171464920043947,
                0.0,
                0.0
            ]
        },
        {
            "name": "Land_CementWorks_Hall2_Brick",
            "pos": [
                14436.29296875,
                -3.609170913696289,
                11569.4716796875
            ],
            "ypr": [
                19.171464920043947,
                0.0,
                0.0
            ]
        },
        {
            "name": "Land_CementWorks_Hall2_Brick",
            "pos": [
                14292.783203125,
                -3.6027164459228517,
                11618.2763671875
            ],
            "ypr": [
                19.171300888061525,
                0.0,
                0.0
            ]
        },
        {
            "name": "Land_CementWorks_Hall2_Brick",
            "pos": [
                14326.7373046875,
                -3.6059513092041017,
                11649.7099609375
            ],
            "ypr": [
                19.17136573791504,
                0.0,
                0.0
            ]
        },
        {
            "name": "Land_CementWorks_Hall2_Brick",
            "pos": [
                14347.0791015625,
                -3.6084842681884767,
                11642.736328125
            ],
            "ypr": [
                19.171464920043947,
                0.0,
                0.0
            ]
        },
        {
            "name": "Land_CementWorks_Hall2_Brick",
            "pos": [
                14367.708984375,
                -3.607645034790039,
                11635.87890625
            ],
            "ypr": [
                19.171464920043947,
                0.0,
                0.0
            ]
        },
        {
            "name": "Land_CementWorks_Hall2_Brick",
            "pos": [
                14388.16015625,
                -3.6076297760009767,
                11628.7919921875
            ],
            "ypr": [
                19.171300888061525,
                0.0,
                0.0
            ]
        },
        {
            "name": "Land_CementWorks_Hall2_Brick",
            "pos": [
                14408.7109375,
                -3.609170913696289,
                11621.765625
            ],
            "ypr": [
                19.17136573791504,
                0.0,
                0.0
            ]
        },
        {
            "name": "Land_CementWorks_Hall2_Brick",
            "pos": [
                14429.0595703125,
                -3.611703872680664,
                11614.78515625
            ],
            "ypr": [
                19.171464920043947,
                0.0,
                0.0
            ]
        },
        {
            "name": "Land_CementWorks_Hall2_Brick",
            "pos": [
                14449.69140625,
                -3.6108646392822267,
                11607.939453125
            ],
            "ypr": [
                19.171464920043947,
                0.0,
                0.0
            ]
        },
        {
            "name": "Land_CementWorks_Hall2_Brick",
            "pos": [
                14306.1806640625,
                -3.604410171508789,
                11656.740234375
            ],
            "ypr": [
                19.171300888061525,
                0.0,
                0.0
            ]
        },
        {
            "name": "Land_CementWorks_Hall2_Brick",
            "pos": [
                14483.5,
                -3.6280300617218019,
                11639.099609375
            ],
            "ypr": [
                19.171300888061525,
                0.0,
                0.0
            ]
        },
        {
            "name": "Land_CementWorks_Hall2_Brick",
            "pos": [
                14504.009765625,
                -3.6295719146728517,
                11632.0576171875
            ],
            "ypr": [
                19.17136573791504,
                0.0,
                0.0
            ]
        },
        {
            "name": "Land_CementWorks_Hall2_Brick",
            "pos": [
                14524.3544921875,
                -3.6321048736572267,
                11625.08203125
            ],
            "ypr": [
                19.171464920043947,
                0.0,
                0.0
            ]
        },
        {
            "name": "Land_CementWorks_Hall2_Brick",
            "pos": [
                14544.9873046875,
                -3.631265640258789,
                11618.2314453125
            ],
            "ypr": [
                19.171464920043947,
                0.0,
                0.0
            ]
        },
        {
            "name": "Land_CementWorks_Hall2_Brick",
            "pos": [
                14565.4375,
                -3.6312503814697267,
                11611.1494140625
            ],
            "ypr": [
                19.171300888061525,
                0.0,
                0.0
            ]
        },
        {
            "name": "Land_CementWorks_Hall2_Brick",
            "pos": [
                14585.9853515625,
                -3.632791519165039,
                11604.1181640625
            ],
            "ypr": [
                19.17136573791504,
                0.0,
                0.0
            ]
        },
        {
            "name": "Land_CementWorks_Hall2_Brick",
            "pos": [
                14606.3330078125,
                -3.635324478149414,
                11597.1416015625
            ],
            "ypr": [
                19.171464920043947,
                0.0,
                0.0
            ]
        },
        {
            "name": "Land_CementWorks_Hall2_Brick",
            "pos": [
                14626.96484375,
                -3.6344852447509767,
                11590.2861328125
            ],
            "ypr": [
                19.171464920043947,
                0.0,
                0.0
            ]
        },
        {
            "name": "Land_CementWorks_Hall2_Brick",
            "pos": [
                14517.15234375,
                -3.6263675689697267,
                11670.0498046875
            ],
            "ypr": [
                19.17136573791504,
                0.0,
                0.0
            ]
        },
        {
            "name": "Land_CementWorks_Hall2_Brick",
            "pos": [
                14537.498046875,
                -3.6289005279541017,
                11663.0751953125
            ],
            "ypr": [
                19.171464920043947,
                0.0,
                0.0
            ]
        },
        {
            "name": "Land_CementWorks_Hall2_Brick",
            "pos": [
                14558.1337890625,
                -3.628061294555664,
                11656.220703125
            ],
            "ypr": [
                19.171464920043947,
                0.0,
                0.0
            ]
        },
        {
            "name": "Land_CementWorks_Hall2_Brick",
            "pos": [
                14578.5791015625,
                -3.6280460357666017,
                11649.138671875
            ],
            "ypr": [
                19.171300888061525,
                0.0,
                0.0
            ]
        },
        {
            "name": "Land_CementWorks_Hall2_Brick",
            "pos": [
                14599.1279296875,
                -3.629587173461914,
                11642.1025390625
            ],
            "ypr": [
                19.17136573791504,
                0.0,
                0.0
            ]
        },
        {
            "name": "Land_CementWorks_Hall2_Brick",
            "pos": [
                14619.4814453125,
                -3.632120132446289,
                11635.1259765625
            ],
            "ypr": [
                19.171464920043947,
                0.0,
                0.0
            ]
        },
        {
            "name": "Land_CementWorks_Hall2_Brick",
            "pos": [
                14640.107421875,
                -3.6312808990478517,
                11628.2763671875
            ],
            "ypr": [
                19.171464920043947,
                0.0,
                0.0
            ]
        },
        {
            "name": "Land_CementWorks_Hall2_Brick",
            "pos": [
                14496.5986328125,
                -3.624826431274414,
                11677.0830078125
            ],
            "ypr": [
                19.171300888061525,
                0.0,
                0.0
            ]
        },
        {
            "name": "Land_CementWorks_Hall2_Brick",
            "pos": [
                14530.6982421875,
                -3.626352310180664,
                11708.4130859375
            ],
            "ypr": [
                19.17136573791504,
                0.0,
                0.0
            ]
        },
        {
            "name": "Land_CementWorks_Hall2_Brick",
            "pos": [
                14551.044921875,
                -3.628885269165039,
                11701.43359375
            ],
            "ypr": [
                19.171464920043947,
                0.0,
                0.0
            ]
        },
        {
            "name": "Land_CementWorks_Hall2_Brick",
            "pos": [
                14571.6787109375,
                -3.6280460357666017,
                11694.576171875
            ],
            "ypr": [
                19.171464920043947,
                0.0,
                0.0
            ]
        },
        {
            "name": "Land_CementWorks_Hall2_Brick",
            "pos": [
                14592.12890625,
                -3.628030776977539,
                11687.4970703125
            ],
            "ypr": [
                19.171300888061525,
                0.0,
                0.0
            ]
        },
        {
            "name": "Land_CementWorks_Hall2_Brick",
            "pos": [
                14612.677734375,
                -3.6295719146728517,
                11680.4638671875
            ],
            "ypr": [
                19.17136573791504,
                0.0,
                0.0
            ]
        },
        {
            "name": "Land_CementWorks_Hall2_Brick",
            "pos": [
                14633.0205078125,
                -3.6321048736572267,
                11673.486328125
            ],
            "ypr": [
                19.171464920043947,
                0.0,
                0.0
            ]
        },
        {
            "name": "Land_CementWorks_Hall2_Brick",
            "pos": [
                14653.654296875,
                -3.631265640258789,
                11666.63671875
            ],
            "ypr": [
                19.171464920043947,
                0.0,
                0.0
            ]
        },
        {
            "name": "Land_CementWorks_Hall2_Brick",
            "pos": [
                14510.1484375,
                -3.6248111724853517,
                11715.4306640625
            ],
            "ypr": [
                19.171300888061525,
                0.0,
                0.0
            ]
        },
        {
            "name": "Land_CementWorks_Hall2_Brick",
            "pos": [
                14544.0986328125,
                -3.6280460357666017,
                11746.8759765625
            ],
            "ypr": [
                19.17136573791504,
                0.0,
                0.0
            ]
        },
        {
            "name": "Land_CementWorks_Hall2_Brick",
            "pos": [
                14564.4462890625,
                -3.6305789947509767,
                11739.896484375
            ],
            "ypr": [
                19.171464920043947,
                0.0,
                0.0
            ]
        },
        {
            "name": "Land_CementWorks_Hall2_Brick",
            "pos": [
                14585.076171875,
                -3.629739761352539,
                11733.0400390625
            ],
            "ypr": [
                19.171464920043947,
                0.0,
                0.0
            ]
        },
        {
            "name": "Land_CementWorks_Hall2_Brick",
            "pos": [
                14605.521484375,
                -3.6297245025634767,
                11725.9580078125
            ],
            "ypr": [
                19.171300888061525,
                0.0,
                0.0
            ]
        },
        {
            "name": "Land_CementWorks_Hall2_Brick",
            "pos": [
                14626.0732421875,
                -3.631265640258789,
                11718.9306640625
            ],
            "ypr": [
                19.17136573791504,
                0.0,
                0.0
            ]
        },
        {
            "name": "Land_CementWorks_Hall2_Brick",
            "pos": [
                14646.4169921875,
                -3.633798599243164,
                11711.951171875
            ],
            "ypr": [
                19.171464920043947,
                0.0,
                0.0
            ]
        },
        {
            "name": "Land_CementWorks_Hall2_Brick",
            "pos": [
                14667.0556640625,
                -3.6329593658447267,
                11705.095703125
            ],
            "ypr": [
                19.171464920043947,
                0.0,
                0.0
            ]
        },
        {
            "name": "Land_CementWorks_Hall2_Brick",
            "pos": [
                14523.544921875,
                -3.626504898071289,
                11753.90234375
            ],
            "ypr": [
                19.171300888061525,
                0.0,
                0.0
            ]
        },
        {
            "name": "Land_CementWorks_Hall2_Brick",
            "pos": [
                14319.2294921875,
                -3.621530532836914,
                11695.0595703125
            ],
            "ypr": [
                19.171300888061525,
                0.0,
                0.0
            ]
        },
        {
            "name": "Land_CementWorks_Hall2_Brick",
            "pos": [
                14339.77734375,
                -3.6230716705322267,
                11688.03125
            ],
            "ypr": [
                19.17136573791504,
                0.0,
                0.0
            ]
        },
        {
            "name": "Land_CementWorks_Hall2_Brick",
            "pos": [
                14360.1220703125,
                -3.6256046295166017,
                11681.0517578125
            ],
            "ypr": [
                19.171464920043947,
                0.0,
                0.0
            ]
        },
        {
            "name": "Land_CementWorks_Hall2_Brick",
            "pos": [
                14380.7529296875,
                -3.624765396118164,
                11674.1962890625
            ],
            "ypr": [
                19.171464920043947,
                0.0,
                0.0
            ]
        },
        {
            "name": "Land_CementWorks_Hall2_Brick",
            "pos": [
                14401.2041015625,
                -3.6247501373291017,
                11667.115234375
            ],
            "ypr": [
                19.171300888061525,
                0.0,
                0.0
            ]
        },
        {
            "name": "Land_CementWorks_Hall2_Brick",
            "pos": [
                14421.7578125,
                -3.626291275024414,
                11660.0908203125
            ],
            "ypr": [
                19.17136573791504,
                0.0,
                0.0
            ]
        },
        {
            "name": "Land_CementWorks_Hall2_Brick",
            "pos": [
                14442.1005859375,
                -3.628824234008789,
                11653.111328125
            ],
            "ypr": [
                19.171464920043947,
                0.0,
                0.0
            ]
        },
        {
            "name": "Land_CementWorks_Hall2_Brick",
            "pos": [
                14462.7373046875,
                -3.6279850006103517,
                11646.2568359375
            ],
            "ypr": [
                19.171464920043947,
                0.0,
                0.0
            ]
        },
        {
            "name": "Land_CementWorks_Hall2_Brick",
            "pos": [
                14352.921875,
                -3.6198673248291017,
                11726.0234375
            ],
            "ypr": [
                19.17136573791504,
                0.0,
                0.0
            ]
        },
        {
            "name": "Land_CementWorks_Hall2_Brick",
            "pos": [
                14373.2685546875,
                -3.6224002838134767,
                11719.041015625
            ],
            "ypr": [
                19.17136573791504,
                0.0,
                0.0
            ]
        },
        {
            "name": "Land_CementWorks_Hall2_Brick",
            "pos": [
                14393.8984375,
                -3.621561050415039,
                11712.185546875
            ],
            "ypr": [
                19.171464920043947,
                0.0,
                0.0
            ]
        },
        {
            "name": "Land_CementWorks_Hall2_Brick",
            "pos": [
                14414.345703125,
                -3.6215457916259767,
                11705.1083984375
            ],
            "ypr": [
                19.171300888061525,
                0.0,
                0.0
            ]
        },
        {
            "name": "Land_CementWorks_Hall2_Brick",
            "pos": [
                14434.9013671875,
                -3.623086929321289,
                11698.078125
            ],
            "ypr": [
                19.17136573791504,
                0.0,
                0.0
            ]
        },
        {
            "name": "Land_CementWorks_Hall2_Brick",
            "pos": [
                14455.244140625,
                -3.625619888305664,
                11691.1015625
            ],
            "ypr": [
                19.17136573791504,
                0.0,
                0.0
            ]
        },
        {
            "name": "Land_CementWorks_Hall2_Brick",
            "pos": [
                14475.876953125,
                -3.6247806549072267,
                11684.24609375
            ],
            "ypr": [
                19.171464920043947,
                0.0,
                0.0
            ]
        },
        {
            "name": "Land_CementWorks_Hall2_Brick",
            "pos": [
                14332.3701171875,
                -3.618326187133789,
                11733.0498046875
            ],
            "ypr": [
                19.171300888061525,
                0.0,
                0.0
            ]
        },
        {
            "name": "Land_CementWorks_Hall2_Brick",
            "pos": [
                14366.466796875,
                -3.619852066040039,
                11764.380859375
            ],
            "ypr": [
                19.17136573791504,
                0.0,
                0.0
            ]
        },
        {
            "name": "Land_CementWorks_Hall2_Brick",
            "pos": [
                14386.818359375,
                -3.622385025024414,
                11757.400390625
            ],
            "ypr": [
                19.17136573791504,
                0.0,
                0.0
            ]
        },
        {
            "name": "Land_CementWorks_Hall2_Brick",
            "pos": [
                14407.447265625,
                -3.6215457916259767,
                11750.5517578125
            ],
            "ypr": [
                19.171464920043947,
                0.0,
                0.0
            ]
        },
        {
            "name": "Land_CementWorks_Hall2_Brick",
            "pos": [
                14427.8955078125,
                -3.621530532836914,
                11743.466796875
            ],
            "ypr": [
                19.171300888061525,
                0.0,
                0.0
            ]
        },
        {
            "name": "Land_CementWorks_Hall2_Brick",
            "pos": [
                14448.4462890625,
                -3.6230716705322267,
                11736.4375
            ],
            "ypr": [
                19.17136573791504,
                0.0,
                0.0
            ]
        },
        {
            "name": "Land_CementWorks_Hall2_Brick",
            "pos": [
                14468.7958984375,
                -3.6256046295166017,
                11729.4580078125
            ],
            "ypr": [
                19.17136573791504,
                0.0,
                0.0
            ]
        },
        {
            "name": "Land_CementWorks_Hall2_Brick",
            "pos": [
                14489.4208984375,
                -3.624765396118164,
                11722.6025390625
            ],
            "ypr": [
                19.171464920043947,
                0.0,
                0.0
            ]
        },
        {
            "name": "Land_CementWorks_Hall2_Brick",
            "pos": [
                14345.919921875,
                -3.6183109283447267,
                11771.404296875
            ],
            "ypr": [
                19.171300888061525,
                0.0,
                0.0
            ]
        },
        {
            "name": "Land_CementWorks_Hall2_Brick",
            "pos": [
                14379.861328125,
                -3.6215457916259767,
                11802.8447265625
            ],
            "ypr": [
                19.17136573791504,
                0.0,
                0.0
            ]
        },
        {
            "name": "Land_CementWorks_Hall2_Brick",
            "pos": [
                14400.2080078125,
                -3.6240787506103517,
                11795.865234375
            ],
            "ypr": [
                19.17136573791504,
                0.0,
                0.0
            ]
        },
        {
            "name": "Land_CementWorks_Hall2_Brick",
            "pos": [
                14420.845703125,
                -3.623239517211914,
                11789.013671875
            ],
            "ypr": [
                19.171464920043947,
                0.0,
                0.0
            ]
        },
        {
            "name": "Land_CementWorks_Hall2_Brick",
            "pos": [
                14441.291015625,
                -3.6232242584228517,
                11781.9267578125
            ],
            "ypr": [
                19.171300888061525,
                0.0,
                0.0
            ]
        },
        {
            "name": "Land_CementWorks_Hall2_Brick",
            "pos": [
                14461.84375,
                -3.624765396118164,
                11774.8994140625
            ],
            "ypr": [
                19.17136573791504,
                0.0,
                0.0
            ]
        },
        {
            "name": "Land_CementWorks_Hall2_Brick",
            "pos": [
                14482.1865234375,
                -3.627298355102539,
                11767.919921875
            ],
            "ypr": [
                19.17136573791504,
                0.0,
                0.0
            ]
        },
        {
            "name": "Land_CementWorks_Hall2_Brick",
            "pos": [
                14502.822265625,
                -3.6264591217041017,
                11761.0703125
            ],
            "ypr": [
                19.171464920043947,
                0.0,
                0.0
            ]
        },
        {
            "name": "Land_CementWorks_Hall2_Brick",
            "pos": [
                14359.3076171875,
                -3.620004653930664,
                11809.869140625
            ],
            "ypr": [
                19.171300888061525,
                0.0,
                0.0
            ]
        },
        {
            "name": "Land_Castle_Donjon",
            "pos": [
                14585.970703125,
                3.155569076538086,
                11404.6982421875
            ],
            "ypr": [
                -71.84878540039063,
                0.0,
                0.0
            ]
        },
        {
            "name": "Land_Castle_Donjon",
            "pos": [
                14590.5615234375,
                3.1552934646606447,
                11417.8818359375
            ],
            "ypr": [
                -71.84878540039063,
                0.0,
                0.0
            ]
        },
        {
            "name": "Land_Castle_Donjon",
            "pos": [
                14594.904296875,
                3.1552934646606447,
                11430.7724609375
            ],
            "ypr": [
                -71.84878540039063,
                0.0,
                0.0
            ]
        },
        {
            "name": "Land_Castle_Donjon",
            "pos": [
                14599.4912109375,
                3.155019760131836,
                11443.9599609375
            ],
            "ypr": [
                -71.84878540039063,
                0.0,
                0.0
            ]
        },
        {
            "name": "Land_Castle_Donjon",
            "pos": [
                14603.8779296875,
                3.1552934646606447,
                11457.083984375
            ],
            "ypr": [
                -71.84878540039063,
                0.0,
                0.0
            ]
        },
        {
            "name": "Land_Castle_Donjon",
            "pos": [
                14608.4677734375,
                3.155019760131836,
                11470.2666015625
            ],
            "ypr": [
                -71.84878540039063,
                0.0,
                0.0
            ]
        },
        {
            "name": "Land_Castle_Donjon",
            "pos": [
                14612.8134765625,
                3.155019760131836,
                11483.158203125
            ],
            "ypr": [
                -71.84878540039063,
                0.0,
                0.0
            ]
        },
        {
            "name": "Land_Castle_Donjon",
            "pos": [
                14617.400390625,
                3.154745101928711,
                11496.3486328125
            ],
            "ypr": [
                -71.84878540039063,
                0.0,
                0.0
            ]
        },
        {
            "name": "Land_Castle_Donjon",
            "pos": [
                14621.7958984375,
                3.1556148529052736,
                11509.0361328125
            ],
            "ypr": [
                -71.84878540039063,
                0.0,
                0.0
            ]
        },
        {
            "name": "Land_Castle_Donjon",
            "pos": [
                14626.3857421875,
                3.1553401947021486,
                11522.2197265625
            ],
            "ypr": [
                -71.84878540039063,
                0.0,
                0.0
            ]
        },
        {
            "name": "Land_Castle_Donjon",
            "pos": [
                14630.732421875,
                3.1553401947021486,
                11535.111328125
            ],
            "ypr": [
                -71.84878540039063,
                0.0,
                0.0
            ]
        },
        {
            "name": "Land_Castle_Donjon",
            "pos": [
                14635.3125,
                3.15506649017334,
                11548.3037109375
            ],
            "ypr": [
                -71.84878540039063,
                0.0,
                0.0
            ]
        },
        {
            "name": "Land_Castle_Donjon",
            "pos": [
                14639.7041015625,
                3.1553401947021486,
                11561.4267578125
            ],
            "ypr": [
                -71.84878540039063,
                0.0,
                0.0
            ]
        },
        {
            "name": "Land_Castle_Donjon",
            "pos": [
                14644.294921875,
                3.15506649017334,
                11574.609375
            ],
            "ypr": [
                -71.84878540039063,
                0.0,
                0.0
            ]
        },
        {
            "name": "Land_Castle_Donjon",
            "pos": [
                14648.6298828125,
                3.15506649017334,
                11587.501953125
            ],
            "ypr": [
                -71.84878540039063,
                0.0,
                0.0
            ]
        },
        {
            "name": "Land_Castle_Donjon",
            "pos": [
                14653.2197265625,
                3.1547908782958986,
                11600.689453125
            ],
            "ypr": [
                -71.84878540039063,
                0.0,
                0.0
            ]
        },
        {
            "name": "Land_Castle_Donjon",
            "pos": [
                14657.7958984375,
                3.1553564071655275,
                11613.7548828125
            ],
            "ypr": [
                -71.84878540039063,
                0.0,
                0.0
            ]
        },
        {
            "name": "Land_Castle_Donjon",
            "pos": [
                14662.388671875,
                3.1550798416137697,
                11626.939453125
            ],
            "ypr": [
                -71.84878540039063,
                0.0,
                0.0
            ]
        },
        {
            "name": "Land_Castle_Donjon",
            "pos": [
                14666.7265625,
                3.1550798416137697,
                11639.83203125
            ],
            "ypr": [
                -71.84878540039063,
                0.0,
                0.0
            ]
        },
        {
            "name": "Land_Castle_Donjon",
            "pos": [
                14671.3173828125,
                3.154806137084961,
                11653.017578125
            ],
            "ypr": [
                -71.84878540039063,
                0.0,
                0.0
            ]
        },
        {
            "name": "Land_Castle_Donjon",
            "pos": [
                14675.7099609375,
                3.1550798416137697,
                11666.138671875
            ],
            "ypr": [
                -71.84878540039063,
                0.0,
                0.0
            ]
        },
        {
            "name": "Land_Castle_Donjon",
            "pos": [
                14680.3017578125,
                3.154806137084961,
                11679.326171875
            ],
            "ypr": [
                -71.84878540039063,
                0.0,
                0.0
            ]
        },
        {
            "name": "Land_Castle_Donjon",
            "pos": [
                14684.6357421875,
                3.154806137084961,
                11692.22265625
            ],
            "ypr": [
                -71.84878540039063,
                0.0,
                0.0
            ]
        },
        {
            "name": "Land_Castle_Donjon",
            "pos": [
                14689.23046875,
                3.1545324325561525,
                11705.408203125
            ],
            "ypr": [
                -71.84878540039063,
                0.0,
                0.0
            ]
        },
        {
            "name": "Land_Castle_Donjon",
            "pos": [
                14693.623046875,
                3.1554012298583986,
                11718.0927734375
            ],
            "ypr": [
                -71.84878540039063,
                0.0,
                0.0
            ]
        },
        {
            "name": "Land_Castle_Donjon",
            "pos": [
                14246.7548828125,
                3.8474483489990236,
                11521.052734375
            ],
            "ypr": [
                -71.84878540039063,
                0.0,
                0.0
            ]
        },
        {
            "name": "Land_Castle_Donjon",
            "pos": [
                14255.6904296875,
                3.8471736907958986,
                11547.1337890625
            ],
            "ypr": [
                -71.84878540039063,
                0.0,
                0.0
            ]
        },
        {
            "name": "Land_Castle_Donjon",
            "pos": [
                14260.279296875,
                3.84689998626709,
                11560.3154296875
            ],
            "ypr": [
                -71.84878540039063,
                0.0,
                0.0
            ]
        },
        {
            "name": "Land_Castle_Donjon",
            "pos": [
                14264.6640625,
                3.8471736907958986,
                11573.4375
            ],
            "ypr": [
                -71.84878540039063,
                0.0,
                0.0
            ]
        },
        {
            "name": "Land_Castle_Donjon",
            "pos": [
                14269.2548828125,
                3.84689998626709,
                11586.625
            ],
            "ypr": [
                -71.84878540039063,
                0.0,
                0.0
            ]
        },
        {
            "name": "Land_Castle_Donjon",
            "pos": [
                14273.5927734375,
                3.84689998626709,
                11599.5166015625
            ],
            "ypr": [
                -71.84878540039063,
                0.0,
                0.0
            ]
        },
        {
            "name": "Land_Castle_Donjon",
            "pos": [
                14278.18359375,
                3.846623420715332,
                11612.701171875
            ],
            "ypr": [
                -71.84878540039063,
                0.0,
                0.0
            ]
        },
        {
            "name": "Land_Castle_Donjon",
            "pos": [
                14282.578125,
                3.8474950790405275,
                11625.390625
            ],
            "ypr": [
                -71.84878540039063,
                0.0,
                0.0
            ]
        },
        {
            "name": "Land_Castle_Donjon",
            "pos": [
                14287.171875,
                3.8472185134887697,
                11638.5810546875
            ],
            "ypr": [
                -71.84878540039063,
                0.0,
                0.0
            ]
        },
        {
            "name": "Land_Castle_Donjon",
            "pos": [
                14291.5078125,
                3.8472185134887697,
                11651.4697265625
            ],
            "ypr": [
                -71.84878540039063,
                0.0,
                0.0
            ]
        },
        {
            "name": "Land_Castle_Donjon",
            "pos": [
                14296.09765625,
                3.846944808959961,
                11664.6572265625
            ],
            "ypr": [
                -71.84878540039063,
                0.0,
                0.0
            ]
        },
        {
            "name": "Land_Castle_Donjon",
            "pos": [
                14300.4853515625,
                3.8472185134887697,
                11677.779296875
            ],
            "ypr": [
                -71.84878540039063,
                0.0,
                0.0
            ]
        },
        {
            "name": "Land_Castle_Donjon",
            "pos": [
                14305.0791015625,
                3.846944808959961,
                11690.9677734375
            ],
            "ypr": [
                -71.84878540039063,
                0.0,
                0.0
            ]
        },
        {
            "name": "Land_Castle_Donjon",
            "pos": [
                14309.416015625,
                3.846944808959961,
                11703.85546875
            ],
            "ypr": [
                -71.84878540039063,
                0.0,
                0.0
            ]
        },
        {
            "name": "Land_Castle_Donjon",
            "pos": [
                14314.0087890625,
                3.8466711044311525,
                11717.0439453125
            ],
            "ypr": [
                -71.84878540039063,
                0.0,
                0.0
            ]
        },
        {
            "name": "Land_Castle_Donjon",
            "pos": [
                14318.583984375,
                3.8472347259521486,
                11730.111328125
            ],
            "ypr": [
                -71.84878540039063,
                0.0,
                0.0
            ]
        },
        {
            "name": "Land_Castle_Donjon",
            "pos": [
                14323.1728515625,
                3.8469600677490236,
                11743.2958984375
            ],
            "ypr": [
                -71.84878540039063,
                0.0,
                0.0
            ]
        },
        {
            "name": "Land_Castle_Donjon",
            "pos": [
                14327.5146484375,
                3.8469600677490236,
                11756.1845703125
            ],
            "ypr": [
                -71.84878540039063,
                0.0,
                0.0
            ]
        },
        {
            "name": "Land_Castle_Donjon",
            "pos": [
                14332.0986328125,
                3.846686363220215,
                11769.375
            ],
            "ypr": [
                -71.84878540039063,
                0.0,
                0.0
            ]
        },
        {
            "name": "Land_Castle_Donjon",
            "pos": [
                14336.48828125,
                3.8469600677490236,
                11782.4990234375
            ],
            "ypr": [
                -71.84878540039063,
                0.0,
                0.0
            ]
        },
        {
            "name": "Land_Castle_Donjon",
            "pos": [
                14341.0751953125,
                3.846686363220215,
                11795.6845703125
            ],
            "ypr": [
                -71.84878540039063,
                0.0,
                0.0
            ]
        },
        {
            "name": "Land_Castle_Donjon",
            "pos": [
                14345.4208984375,
                3.846686363220215,
                11808.5712890625
            ],
            "ypr": [
                -71.84878540039063,
                0.0,
                0.0
            ]
        },
        {
            "name": "Land_Castle_Donjon",
            "pos": [
                14350.01171875,
                3.8464107513427736,
                11821.759765625
            ],
            "ypr": [
                -71.84878540039063,
                0.0,
                0.0
            ]
        },
        {
            "name": "Land_Castle_Donjon",
            "pos": [
                14354.404296875,
                3.8472795486450197,
                11834.4541015625
            ],
            "ypr": [
                -71.84878540039063,
                0.0,
                0.0
            ]
        },
        {
            "name": "Land_Castle_Donjon",
            "pos": [
                14259.95703125,
                3.1558752059936525,
                11516.6123046875
            ],
            "ypr": [
                18.18617057800293,
                0.0,
                0.0
            ]
        },
        {
            "name": "Land_Castle_Donjon",
            "pos": [
                14273.142578125,
                3.1555986404418947,
                11512.0087890625
            ],
            "ypr": [
                18.18617057800293,
                0.0,
                0.0
            ]
        },
        {
            "name": "Land_Castle_Donjon",
            "pos": [
                14286.2626953125,
                3.1558752059936525,
                11507.609375
            ],
            "ypr": [
                18.18617057800293,
                0.0,
                0.0
            ]
        },
        {
            "name": "Land_Castle_Donjon",
            "pos": [
                14299.44140625,
                3.1555986404418947,
                11503.017578125
            ],
            "ypr": [
                18.18617057800293,
                0.0,
                0.0
            ]
        },
        {
            "name": "Land_Castle_Donjon",
            "pos": [
                14312.3359375,
                3.1555986404418947,
                11498.6630859375
            ],
            "ypr": [
                18.18617057800293,
                0.0,
                0.0
            ]
        },
        {
            "name": "Land_Castle_Donjon",
            "pos": [
                14325.521484375,
                3.155324935913086,
                11494.06640625
            ],
            "ypr": [
                18.18617057800293,
                0.0,
                0.0
            ]
        },
        {
            "name": "Land_Castle_Donjon",
            "pos": [
                14338.193359375,
                3.156193733215332,
                11489.65234375
            ],
            "ypr": [
                18.18617057800293,
                0.0,
                0.0
            ]
        },
        {
            "name": "Land_Castle_Donjon",
            "pos": [
                14351.388671875,
                3.1559200286865236,
                11485.06640625
            ],
            "ypr": [
                18.18617057800293,
                0.0,
                0.0
            ]
        },
        {
            "name": "Land_Castle_Donjon",
            "pos": [
                14364.2763671875,
                3.1559200286865236,
                11480.7138671875
            ],
            "ypr": [
                18.18617057800293,
                0.0,
                0.0
            ]
        },
        {
            "name": "Land_Castle_Donjon",
            "pos": [
                14377.453125,
                3.155646324157715,
                11476.1181640625
            ],
            "ypr": [
                18.18617057800293,
                0.0,
                0.0
            ]
        },
        {
            "name": "Land_Castle_Donjon",
            "pos": [
                14390.5771484375,
                3.1559200286865236,
                11471.7236328125
            ],
            "ypr": [
                18.18617057800293,
                0.0,
                0.0
            ]
        },
        {
            "name": "Land_Castle_Donjon",
            "pos": [
                14403.7646484375,
                3.155646324157715,
                11467.12109375
            ],
            "ypr": [
                18.18617057800293,
                0.0,
                0.0
            ]
        },
        {
            "name": "Land_Castle_Donjon",
            "pos": [
                14416.65234375,
                3.155646324157715,
                11462.7763671875
            ],
            "ypr": [
                18.18617057800293,
                0.0,
                0.0
            ]
        },
        {
            "name": "Land_Castle_Donjon",
            "pos": [
                14429.83984375,
                3.155369758605957,
                11458.1767578125
            ],
            "ypr": [
                18.18617057800293,
                0.0,
                0.0
            ]
        },
        {
            "name": "Land_Castle_Donjon",
            "pos": [
                14442.896484375,
                3.155935287475586,
                11453.595703125
            ],
            "ypr": [
                18.185977935791017,
                0.0,
                0.0
            ]
        },
        {
            "name": "Land_Castle_Donjon",
            "pos": [
                14456.0859375,
                3.1556615829467775,
                11449.0029296875
            ],
            "ypr": [
                18.18617057800293,
                0.0,
                0.0
            ]
        },
        {
            "name": "Land_Castle_Donjon",
            "pos": [
                14468.9677734375,
                3.1556615829467775,
                11444.6435546875
            ],
            "ypr": [
                18.18617057800293,
                0.0,
                0.0
            ]
        },
        {
            "name": "Land_Castle_Donjon",
            "pos": [
                14482.1630859375,
                3.155385971069336,
                11440.04296875
            ],
            "ypr": [
                18.18617057800293,
                0.0,
                0.0
            ]
        },
        {
            "name": "Land_Castle_Donjon",
            "pos": [
                14495.2646484375,
                3.1556615829467775,
                11435.66015625
            ],
            "ypr": [
                18.18617057800293,
                0.0,
                0.0
            ]
        },
        {
            "name": "Land_Castle_Donjon",
            "pos": [
                14508.44921875,
                3.155385971069336,
                11431.056640625
            ],
            "ypr": [
                18.18617057800293,
                0.0,
                0.0
            ]
        },
        {
            "name": "Land_Castle_Donjon",
            "pos": [
                14521.3447265625,
                3.155385971069336,
                11426.708984375
            ],
            "ypr": [
                18.18617057800293,
                0.0,
                0.0
            ]
        },
        {
            "name": "Land_Castle_Donjon",
            "pos": [
                14534.5302734375,
                3.155111312866211,
                11422.1083984375
            ],
            "ypr": [
                18.18617057800293,
                0.0,
                0.0
            ]
        },
        {
            "name": "Land_Castle_Donjon",
            "pos": [
                14547.220703125,
                3.1559810638427736,
                11417.7119140625
            ],
            "ypr": [
                18.18617057800293,
                0.0,
                0.0
            ]
        },
        {
            "name": "Land_Castle_Donjon",
            "pos": [
                14560.4052734375,
                3.1557064056396486,
                11413.11328125
            ],
            "ypr": [
                18.18617057800293,
                0.0,
                0.0
            ]
        },
        {
            "name": "Land_Castle_Donjon",
            "pos": [
                14573.2978515625,
                3.1557064056396486,
                11408.7587890625
            ],
            "ypr": [
                18.18617057800293,
                0.0,
                0.0
            ]
        },
        {
            "name": "Land_Castle_Donjon",
            "pos": [
                14367.109375,
                3.155843734741211,
                11830.2607421875
            ],
            "ypr": [
                18.144590377807618,
                0.0,
                0.0
            ]
        },
        {
            "name": "Land_Castle_Donjon",
            "pos": [
                14380.294921875,
                3.155569076538086,
                11825.66796875
            ],
            "ypr": [
                18.144590377807618,
                0.0,
                0.0
            ]
        },
        {
            "name": "Land_Castle_Donjon",
            "pos": [
                14393.4189453125,
                3.155843734741211,
                11821.2861328125
            ],
            "ypr": [
                18.144590377807618,
                0.0,
                0.0
            ]
        },
        {
            "name": "Land_Castle_Donjon",
            "pos": [
                14406.6044921875,
                3.155569076538086,
                11816.6962890625
            ],
            "ypr": [
                18.144590377807618,
                0.0,
                0.0
            ]
        },
        {
            "name": "Land_Castle_Donjon",
            "pos": [
                14419.49609375,
                3.155569076538086,
                11812.359375
            ],
            "ypr": [
                18.144590377807618,
                0.0,
                0.0
            ]
        },
        {
            "name": "Land_Castle_Donjon",
            "pos": [
                14432.6865234375,
                3.1552934646606447,
                11807.7685546875
            ],
            "ypr": [
                18.144590377807618,
                0.0,
                0.0
            ]
        },
        {
            "name": "Land_Castle_Donjon",
            "pos": [
                14445.376953125,
                3.15616512298584,
                11803.3779296875
            ],
            "ypr": [
                18.144590377807618,
                0.0,
                0.0
            ]
        },
        {
            "name": "Land_Castle_Donjon",
            "pos": [
                14458.5556640625,
                3.155888557434082,
                11798.7880859375
            ],
            "ypr": [
                18.144590377807618,
                0.0,
                0.0
            ]
        },
        {
            "name": "Land_Castle_Donjon",
            "pos": [
                14471.4541015625,
                3.155888557434082,
                11794.44921875
            ],
            "ypr": [
                18.144590377807618,
                0.0,
                0.0
            ]
        },
        {
            "name": "Land_Castle_Donjon",
            "pos": [
                14484.640625,
                3.1556148529052736,
                11789.8662109375
            ],
            "ypr": [
                18.144590377807618,
                0.0,
                0.0
            ]
        },
        {
            "name": "Land_Castle_Donjon",
            "pos": [
                14497.7646484375,
                3.155888557434082,
                11785.4716796875
            ],
            "ypr": [
                18.144590377807618,
                0.0,
                0.0
            ]
        },
        {
            "name": "Land_Castle_Donjon",
            "pos": [
                14510.9453125,
                3.1556148529052736,
                11780.8828125
            ],
            "ypr": [
                18.144418716430665,
                0.0,
                0.0
            ]
        },
        {
            "name": "Land_Castle_Donjon",
            "pos": [
                14523.841796875,
                3.1556148529052736,
                11776.548828125
            ],
            "ypr": [
                18.144590377807618,
                0.0,
                0.0
            ]
        },
        {
            "name": "Land_Castle_Donjon",
            "pos": [
                14537.02734375,
                3.1553401947021486,
                11771.9580078125
            ],
            "ypr": [
                18.144590377807618,
                0.0,
                0.0
            ]
        },
        {
            "name": "Land_Castle_Donjon",
            "pos": [
                14550.09375,
                3.155904769897461,
                11767.388671875
            ],
            "ypr": [
                18.144590377807618,
                0.0,
                0.0
            ]
        },
        {
            "name": "Land_Castle_Donjon",
            "pos": [
                14563.2841796875,
                3.155630111694336,
                11762.7958984375
            ],
            "ypr": [
                18.144590377807618,
                0.0,
                0.0
            ]
        },
        {
            "name": "Land_Castle_Donjon",
            "pos": [
                14576.1767578125,
                3.155630111694336,
                11758.458984375
            ],
            "ypr": [
                18.144590377807618,
                0.0,
                0.0
            ]
        },
        {
            "name": "Land_Castle_Donjon",
            "pos": [
                14589.3642578125,
                3.1553564071655275,
                11753.869140625
            ],
            "ypr": [
                18.144590377807618,
                0.0,
                0.0
            ]
        },
        {
            "name": "Land_Castle_Donjon",
            "pos": [
                14602.4794921875,
                3.155630111694336,
                11749.4765625
            ],
            "ypr": [
                18.144590377807618,
                0.0,
                0.0
            ]
        },
        {
            "name": "Land_Castle_Donjon",
            "pos": [
                14615.673828125,
                3.1553564071655275,
                11744.8955078125
            ],
            "ypr": [
                18.144590377807618,
                0.0,
                0.0
            ]
        },
        {
            "name": "Land_Castle_Donjon",
            "pos": [
                14628.5634765625,
                3.1553564071655275,
                11740.5546875
            ],
            "ypr": [
                18.144590377807618,
                0.0,
                0.0
            ]
        },
        {
            "name": "Land_Castle_Donjon",
            "pos": [
                14641.751953125,
                3.1550798416137697,
                11735.96484375
            ],
            "ypr": [
                18.144590377807618,
                0.0,
                0.0
            ]
        },
        {
            "name": "Land_Castle_Donjon",
            "pos": [
                14654.4384765625,
                3.155951499938965,
                11731.568359375
            ],
            "ypr": [
                18.144590377807618,
                0.0,
                0.0
            ]
        },
        {
            "name": "Land_Castle_Donjon",
            "pos": [
                14667.625,
                3.155674934387207,
                11726.9853515625
            ],
            "ypr": [
                18.144590377807618,
                0.0,
                0.0
            ]
        },
        {
            "name": "Land_Castle_Donjon",
            "pos": [
                14680.51953125,
                3.155674934387207,
                11722.64453125
            ],
            "ypr": [
                18.144590377807618,
                0.0,
                0.0
            ]
        },
        {
            "name": "Land_Castle_Bergfrit",
            "pos": [
                14578.400390625,
                5.0,
                11420.2998046875
            ],
            "ypr": [
                18.0,
                0.0,
                0.0
            ]
        },
        {
            "name": "Dam_Concrete_20_Floodgate",
            "pos": [
                14157.41796875,
                -4.423165321350098,
                11569.234375
            ],
            "ypr": [
                -161.69480895996095,
                0.0,
                -3.5762786865234377e-7
            ]
        },
        {
            "name": "Dam_Concrete_20_Floodgate",
            "pos": [
                14176.4052734375,
                -4.423165321350098,
                11562.9521484375
            ],
            "ypr": [
                -161.69480895996095,
                0.0,
                -3.5762786865234377e-7
            ]
        },
        {
            "name": "Dam_Concrete_20_Floodgate",
            "pos": [
                14195.3984375,
                -4.423165321350098,
                11556.666015625
            ],
            "ypr": [
                -161.69480895996095,
                0.0,
                -3.5762786865234377e-7
            ]
        },
        {
            "name": "Dam_Concrete_20_Floodgate",
            "pos": [
                14214.376953125,
                -4.423165321350098,
                11550.3837890625
            ],
            "ypr": [
                -161.69480895996095,
                0.0,
                -3.5762786865234377e-7
            ]
        },
        {
            "name": "Dam_Concrete_20_Floodgate",
            "pos": [
                14233.3720703125,
                -4.423165321350098,
                11544.1044921875
            ],
            "ypr": [
                -161.69480895996095,
                0.0,
                -3.5762786865234377e-7
            ]
        },
        {
            "name": "Dam_Concrete_20_Floodgate",
            "pos": [
                14250.962890625,
                -5.718165397644043,
                11538.2841796875
            ],
            "ypr": [
                -161.69480895996095,
                0.0,
                -7.999996185302734
            ]
        },
        {
            "name": "Dam_Concrete_20_Floodgate",
            "pos": [
                14138.439453125,
                -4.423165321350098,
                11575.5107421875
            ],
            "ypr": [
                -161.69480895996095,
                0.0,
                -3.5762786865234377e-7
            ]
        },
        {
            "name": "Dam_Concrete_20_Floodgate",
            "pos": [
                14043.5087890625,
                -4.423165321350098,
                11606.916015625
            ],
            "ypr": [
                -161.69480895996095,
                0.0,
                -3.5762786865234377e-7
            ]
        },
        {
            "name": "Dam_Concrete_20_Floodgate",
            "pos": [
                14062.4912109375,
                -4.423165321350098,
                11600.638671875
            ],
            "ypr": [
                -161.69480895996095,
                0.0,
                -3.5762786865234377e-7
            ]
        },
        {
            "name": "Dam_Concrete_20_Floodgate",
            "pos": [
                14081.482421875,
                -4.423165321350098,
                11594.3505859375
            ],
            "ypr": [
                -161.69480895996095,
                0.0,
                -3.5762786865234377e-7
            ]
        },
        {
            "name": "Dam_Concrete_20_Floodgate",
            "pos": [
                14100.4697265625,
                -4.423165321350098,
                11588.0712890625
            ],
            "ypr": [
                -161.69480895996095,
                0.0,
                -3.5762786865234377e-7
            ]
        },
        {
            "name": "Dam_Concrete_20_Floodgate",
            "pos": [
                14119.4560546875,
                -4.423165321350098,
                11581.7890625
            ],
            "ypr": [
                -161.69480895996095,
                0.0,
                -3.5762786865234377e-7
            ]
        },
        {
            "name": "Dam_Concrete_20_Floodgate",
            "pos": [
                13853.6865234375,
                -4.423165321350098,
                11669.72265625
            ],
            "ypr": [
                -161.69480895996095,
                0.0,
                -3.5762786865234377e-7
            ]
        },
        {
            "name": "Dam_Concrete_20_Floodgate",
            "pos": [
                13872.67578125,
                -4.423165321350098,
                11663.4375
            ],
            "ypr": [
                -161.69480895996095,
                0.0,
                -3.5762786865234377e-7
            ]
        },
        {
            "name": "Dam_Concrete_20_Floodgate",
            "pos": [
                13891.6494140625,
                -4.423165321350098,
                11657.1572265625
            ],
            "ypr": [
                -161.69480895996095,
                0.0,
                -3.5762786865234377e-7
            ]
        },
        {
            "name": "Dam_Concrete_20_Floodgate",
            "pos": [
                13910.6435546875,
                -4.423165321350098,
                11650.873046875
            ],
            "ypr": [
                -161.69480895996095,
                0.0,
                -3.5762786865234377e-7
            ]
        },
        {
            "name": "Dam_Concrete_20_Floodgate",
            "pos": [
                13948.59765625,
                -4.423165321350098,
                11638.3134765625
            ],
            "ypr": [
                -161.69480895996095,
                0.0,
                -3.5762786865234377e-7
            ]
        },
        {
            "name": "Dam_Concrete_20_Floodgate",
            "pos": [
                13967.583984375,
                -4.423165321350098,
                11632.029296875
            ],
            "ypr": [
                -161.69480895996095,
                0.0,
                -3.5762786865234377e-7
            ]
        },
        {
            "name": "Dam_Concrete_20_Floodgate",
            "pos": [
                13986.5625,
                -4.423165321350098,
                11625.76171875
            ],
            "ypr": [
                -161.69480895996095,
                0.0,
                -3.5762786865234377e-7
            ]
        },
        {
            "name": "Dam_Concrete_20_Floodgate",
            "pos": [
                14005.546875,
                -4.423165321350098,
                11619.4697265625
            ],
            "ypr": [
                -161.69480895996095,
                0.0,
                -3.5762786865234377e-7
            ]
        },
        {
            "name": "Dam_Concrete_20_Floodgate",
            "pos": [
                14024.53515625,
                -4.423165321350098,
                11613.1962890625
            ],
            "ypr": [
                -161.69480895996095,
                0.0,
                -3.5762786865234377e-7
            ]
        },
        {
            "name": "Dam_Concrete_20_Floodgate",
            "pos": [
                13929.6181640625,
                -4.423165321350098,
                11644.6064453125
            ],
            "ypr": [
                -161.69480895996095,
                0.0,
                -3.5762786865234377e-7
            ]
        },
        {
            "name": "Land_Castle_Gate",
            "pos": [
                14252.099609375,
                9.0,
                11532.2001953125
            ],
            "ypr": [
                -72.00000762939453,
                0.0,
                0.0
            ]
        }
    ]
}