{
    "Objects": [
        {
            "name": "Dam_Concrete_20_Floodgate",
            "pos": [
                2959.7900390625,
                -1.090000033378601,
                1964.010009765625
            ],
            "ypr": [
                117.0,
                0.0,
                0.0
            ]
        },
        {
            "name": "Dam_Concrete_20_Floodgate",
            "pos": [
                2968.8701171875,
                -1.090000033378601,
                1981.8299560546876
            ],
            "ypr": [
                117.0,
                0.0,
                0.0
            ]
        },
        {
            "name": "Dam_Concrete_20_Floodgate",
            "pos": [
                2977.949951171875,
                -1.090000033378601,
                1999.6500244140626
            ],
            "ypr": [
                117.0,
                0.0,
                0.0
            ]
        },
        {
            "name": "Dam_Concrete_20_Floodgate",
            "pos": [
                2987.030029296875,
                -1.090000033378601,
                2017.4599609375
            ],
            "ypr": [
                117.0,
                0.0,
                0.0
            ]
        },
        {
            "name": "Dam_Concrete_20_Floodgate",
            "pos": [
                2996.110107421875,
                -1.090000033378601,
                2035.280029296875
            ],
            "ypr": [
                117.0,
                0.0,
                0.0
            ]
        },
        {
            "name": "Dam_Concrete_20_Floodgate",
            "pos": [
                3004.530029296875,
                -2.384999990463257,
                2051.800048828125
            ],
            "ypr": [
                117.0,
                0.0,
                -7.999999523162842
            ]
        },
        {
            "name": "Dam_Concrete_20_Floodgate",
            "pos": [
                2950.7099609375,
                -1.090000033378601,
                1946.18994140625
            ],
            "ypr": [
                117.0,
                0.0,
                0.0
            ]
        },
        {
            "name": "Dam_Concrete_20_Floodgate",
            "pos": [
                2905.320068359375,
                -1.090000033378601,
                1857.1099853515626
            ],
            "ypr": [
                117.0,
                0.0,
                0.0
            ]
        },
        {
            "name": "Dam_Concrete_20_Floodgate",
            "pos": [
                2914.39990234375,
                -1.090000033378601,
                1874.9200439453126
            ],
            "ypr": [
                117.0,
                0.0,
                0.0
            ]
        },
        {
            "name": "Dam_Concrete_20_Floodgate",
            "pos": [
                2923.47998046875,
                -1.090000033378601,
                1892.739990234375
            ],
            "ypr": [
                117.0,
                0.0,
                0.0
            ]
        },
        {
            "name": "Dam_Concrete_20_Floodgate",
            "pos": [
                2932.56005859375,
                -1.090000033378601,
                1910.56005859375
            ],
            "ypr": [
                117.0,
                0.0,
                0.0
            ]
        },
        {
            "name": "Dam_Concrete_20_Floodgate",
            "pos": [
                2941.639892578125,
                -1.090000033378601,
                1928.3800048828126
            ],
            "ypr": [
                117.0,
                0.0,
                0.0
            ]
        },
        {
            "name": "Dam_Concrete_20_Floodgate",
            "pos": [
                2687.449951171875,
                -1.090809941291809,
                1429.5400390625
            ],
            "ypr": [
                117.0,
                0.0,
                0.0
            ]
        },
        {
            "name": "Dam_Concrete_20_Floodgate",
            "pos": [
                2678.780029296875,
                -1.9274300336837769,
                1412.510009765625
            ],
            "ypr": [
                117.0,
                0.0,
                4.999999046325684
            ]
        },
        {
            "name": "Dam_Concrete_20_Floodgate",
            "pos": [
                2670.169921875,
                -4.4208598136901859,
                1395.6099853515626
            ],
            "ypr": [
                117.0,
                0.0,
                10.0
            ]
        },
        {
            "name": "Dam_Concrete_20_Floodgate",
            "pos": [
                2696.525634765625,
                -1.090000033378601,
                1447.353759765625
            ],
            "ypr": [
                117.0,
                0.0,
                0.0
            ]
        },
        {
            "name": "Dam_Concrete_20_Floodgate",
            "pos": [
                2705.6044921875,
                -1.090000033378601,
                1465.1705322265626
            ],
            "ypr": [
                117.0,
                0.0,
                0.0
            ]
        },
        {
            "name": "Dam_Concrete_20_Floodgate",
            "pos": [
                2714.68505859375,
                -1.090000033378601,
                1482.9903564453126
            ],
            "ypr": [
                117.0,
                0.0,
                0.0
            ]
        },
        {
            "name": "Dam_Concrete_20_Floodgate",
            "pos": [
                2723.762939453125,
                -1.090000033378601,
                1500.8072509765626
            ],
            "ypr": [
                117.0,
                0.0,
                0.0
            ]
        },
        {
            "name": "Dam_Concrete_20_Floodgate",
            "pos": [
                2732.840087890625,
                -1.090000033378601,
                1518.6199951171876
            ],
            "ypr": [
                117.0,
                0.0,
                0.0
            ]
        },
        {
            "name": "Dam_Concrete_20_Floodgate",
            "pos": [
                2750.989990234375,
                -1.090000033378601,
                1554.239990234375
            ],
            "ypr": [
                117.0,
                0.0,
                0.0
            ]
        },
        {
            "name": "Dam_Concrete_20_Floodgate",
            "pos": [
                2760.070068359375,
                -1.090000033378601,
                1572.050048828125
            ],
            "ypr": [
                117.0,
                0.0,
                0.0
            ]
        },
        {
            "name": "Dam_Concrete_20_Floodgate",
            "pos": [
                2769.14990234375,
                -1.090000033378601,
                1589.8699951171876
            ],
            "ypr": [
                117.0,
                0.0,
                0.0
            ]
        },
        {
            "name": "Dam_Concrete_20_Floodgate",
            "pos": [
                2778.22998046875,
                -1.090000033378601,
                1607.68994140625
            ],
            "ypr": [
                117.0,
                0.0,
                0.0
            ]
        },
        {
            "name": "Dam_Concrete_20_Floodgate",
            "pos": [
                2787.309814453125,
                -1.090000033378601,
                1625.510009765625
            ],
            "ypr": [
                117.0,
                0.0,
                0.0
            ]
        },
        {
            "name": "Dam_Concrete_20_Floodgate",
            "pos": [
                2741.909912109375,
                -1.090000033378601,
                1536.4200439453126
            ],
            "ypr": [
                117.0,
                0.0,
                0.0
            ]
        },
        {
            "name": "Dam_Concrete_20_Floodgate",
            "pos": [
                2805.4599609375,
                -1.090000033378601,
                1661.1400146484376
            ],
            "ypr": [
                117.0,
                0.0,
                0.0
            ]
        },
        {
            "name": "Dam_Concrete_20_Floodgate",
            "pos": [
                2814.5400390625,
                -1.090000033378601,
                1678.9599609375
            ],
            "ypr": [
                117.0,
                0.0,
                0.0
            ]
        },
        {
            "name": "Dam_Concrete_20_Floodgate",
            "pos": [
                2823.6201171875,
                -1.090000033378601,
                1696.780029296875
            ],
            "ypr": [
                117.0,
                0.0,
                0.0
            ]
        },
        {
            "name": "Dam_Concrete_20_Floodgate",
            "pos": [
                2832.699951171875,
                -1.090000033378601,
                1714.5899658203126
            ],
            "ypr": [
                117.0,
                0.0,
                0.0
            ]
        },
        {
            "name": "Dam_Concrete_20_Floodgate",
            "pos": [
                2841.780029296875,
                -1.090000033378601,
                1732.4100341796876
            ],
            "ypr": [
                117.0,
                0.0,
                0.0
            ]
        },
        {
            "name": "Dam_Concrete_20_Floodgate",
            "pos": [
                2859.929931640625,
                -1.090000033378601,
                1768.030029296875
            ],
            "ypr": [
                117.0,
                0.0,
                0.0
            ]
        },
        {
            "name": "Dam_Concrete_20_Floodgate",
            "pos": [
                2869.010009765625,
                -1.090000033378601,
                1785.8399658203126
            ],
            "ypr": [
                117.0,
                0.0,
                0.0
            ]
        },
        {
            "name": "Dam_Concrete_20_Floodgate",
            "pos": [
                2878.080078125,
                -1.090000033378601,
                1803.6600341796876
            ],
            "ypr": [
                117.0,
                0.0,
                0.0
            ]
        },
        {
            "name": "Dam_Concrete_20_Floodgate",
            "pos": [
                2887.169921875,
                -1.090000033378601,
                1821.47998046875
            ],
            "ypr": [
                117.0,
                0.0,
                0.0
            ]
        },
        {
            "name": "Dam_Concrete_20_Floodgate",
            "pos": [
                2896.239990234375,
                -1.090000033378601,
                1839.300048828125
            ],
            "ypr": [
                117.0,
                0.0,
                0.0
            ]
        },
        {
            "name": "Dam_Concrete_20_Floodgate",
            "pos": [
                2850.840087890625,
                -1.090000033378601,
                1750.2099609375
            ],
            "ypr": [
                117.0,
                0.0,
                0.0
            ]
        },
        {
            "name": "Dam_Concrete_20_Floodgate",
            "pos": [
                2796.3798828125,
                -1.090000033378601,
                1643.3199462890626
            ],
            "ypr": [
                117.0,
                0.0,
                0.0
            ]
        }
    ]
}