{
    "Objects": [
        {
            "name": "Land_Castle_Donjon",
            "pos": [
                3296.197998046875,
                287.3578186035156,
                8723.6669921875
            ],
            "ypr": [
                -123.21285247802735,
                0.0,
                0.0
            ]
        },
        {
            "name": "Land_Castle_Donjon",
            "pos": [
                3288.732177734375,
                287.3575439453125,
                8735.017578125
            ],
            "ypr": [
                -123.21285247802735,
                0.0,
                0.0
            ]
        },
        {
            "name": "Land_Castle_Donjon",
            "pos": [
                3281.269775390625,
                287.3575439453125,
                8746.48046875
            ],
            "ypr": [
                -123.21285247802735,
                0.0,
                0.0
            ]
        },
        {
            "name": "Land_Castle_Donjon",
            "pos": [
                3273.740234375,
                287.3575439453125,
                8758.4189453125
            ],
            "ypr": [
                -123.21285247802735,
                0.0,
                0.0
            ]
        },
        {
            "name": "Land_Castle_Donjon",
            "pos": [
                3266.2373046875,
                287.3575439453125,
                8770.3046875
            ],
            "ypr": [
                -123.21285247802735,
                0.0,
                0.0
            ]
        },
        {
            "name": "Land_Castle_Donjon",
            "pos": [
                3258.804443359375,
                287.3575439453125,
                8781.6904296875
            ],
            "ypr": [
                -123.21285247802735,
                0.0,
                0.0
            ]
        },
        {
            "name": "Land_Castle_Donjon",
            "pos": [
                3244.034423828125,
                287.3578186035156,
                8804.6162109375
            ],
            "ypr": [
                -123.21285247802735,
                0.0,
                0.0
            ]
        },
        {
            "name": "Land_Castle_Donjon",
            "pos": [
                3236.525390625,
                287.3575439453125,
                8816.08203125
            ],
            "ypr": [
                -123.21285247802735,
                0.0,
                0.0
            ]
        },
        {
            "name": "Land_Castle_Donjon",
            "pos": [
                3228.9990234375,
                287.3575134277344,
                8828.0185546875
            ],
            "ypr": [
                -123.21285247802735,
                0.0,
                0.0
            ]
        },
        {
            "name": "Land_Castle_Donjon",
            "pos": [
                3221.491943359375,
                287.3575439453125,
                8839.904296875
            ],
            "ypr": [
                -123.21285247802735,
                0.0,
                0.0
            ]
        },
        {
            "name": "Land_Castle_Donjon",
            "pos": [
                3214.06298828125,
                287.3575439453125,
                8851.2900390625
            ],
            "ypr": [
                -123.21285247802735,
                0.0,
                0.0
            ]
        },
        {
            "name": "Land_Castle_Donjon",
            "pos": [
                3169.996337890625,
                287.3575439453125,
                8640.2265625
            ],
            "ypr": [
                -123.21285247802735,
                0.0,
                0.0
            ]
        },
        {
            "name": "Land_Castle_Donjon",
            "pos": [
                3162.532958984375,
                287.3575439453125,
                8651.5458984375
            ],
            "ypr": [
                -123.21285247802735,
                0.0,
                0.0
            ]
        },
        {
            "name": "Land_Castle_Donjon",
            "pos": [
                3155.07177734375,
                287.3575439453125,
                8663.0078125
            ],
            "ypr": [
                -123.21285247802735,
                0.0,
                0.0
            ]
        },
        {
            "name": "Land_Castle_Donjon",
            "pos": [
                3147.541748046875,
                287.3575134277344,
                8674.9462890625
            ],
            "ypr": [
                -123.21285247802735,
                0.0,
                0.0
            ]
        },
        {
            "name": "Land_Castle_Donjon",
            "pos": [
                3140.036865234375,
                287.3575439453125,
                8686.83203125
            ],
            "ypr": [
                -123.21285247802735,
                0.0,
                0.0
            ]
        },
        {
            "name": "Land_Castle_Donjon",
            "pos": [
                3132.610595703125,
                287.3575439453125,
                8698.216796875
            ],
            "ypr": [
                -123.21285247802735,
                0.0,
                0.0
            ]
        },
        {
            "name": "Land_Castle_Donjon",
            "pos": [
                3125.25244140625,
                287.3575439453125,
                8709.828125
            ],
            "ypr": [
                -123.21285247802735,
                0.0,
                0.0
            ]
        },
        {
            "name": "Land_Castle_Donjon",
            "pos": [
                3117.788818359375,
                287.35748291015627,
                8721.1474609375
            ],
            "ypr": [
                -123.21285247802735,
                0.0,
                0.0
            ]
        },
        {
            "name": "Land_Castle_Donjon",
            "pos": [
                3110.327880859375,
                287.35748291015627,
                8732.609375
            ],
            "ypr": [
                -123.21285247802735,
                0.0,
                0.0
            ]
        },
        {
            "name": "Land_Castle_Donjon",
            "pos": [
                3102.799560546875,
                287.35748291015627,
                8744.546875
            ],
            "ypr": [
                -123.21285247802735,
                0.0,
                0.0
            ]
        },
        {
            "name": "Land_Castle_Donjon",
            "pos": [
                3095.295654296875,
                287.35748291015627,
                8756.43359375
            ],
            "ypr": [
                -123.21285247802735,
                0.0,
                0.0
            ]
        },
        {
            "name": "Land_Castle_Donjon",
            "pos": [
                3087.86572265625,
                287.35748291015627,
                8767.818359375
            ],
            "ypr": [
                -123.21285247802735,
                0.0,
                0.0
            ]
        },
        {
            "name": "Land_Castle_Donjon",
            "pos": [
                3181.25537109375,
                287.3576354980469,
                8647.5517578125
            ],
            "ypr": [
                -33.81710433959961,
                0.0,
                0.0
            ]
        },
        {
            "name": "Land_Castle_Donjon",
            "pos": [
                3192.494140625,
                287.35760498046877,
                8655.130859375
            ],
            "ypr": [
                -33.81710433959961,
                0.0,
                0.0
            ]
        },
        {
            "name": "Land_Castle_Donjon",
            "pos": [
                3203.873291015625,
                287.35760498046877,
                8662.7138671875
            ],
            "ypr": [
                -33.81710433959961,
                0.0,
                0.0
            ]
        },
        {
            "name": "Land_Castle_Donjon",
            "pos": [
                3215.735595703125,
                287.35760498046877,
                8670.3671875
            ],
            "ypr": [
                -33.81710433959961,
                0.0,
                0.0
            ]
        },
        {
            "name": "Land_Castle_Donjon",
            "pos": [
                3227.5400390625,
                287.3580017089844,
                8677.990234375
            ],
            "ypr": [
                -33.81709289550781,
                0.0,
                0.0
            ]
        },
        {
            "name": "Land_Castle_Donjon",
            "pos": [
                3238.8515625,
                287.35760498046877,
                8685.546875
            ],
            "ypr": [
                -33.81710433959961,
                0.0,
                0.0
            ]
        },
        {
            "name": "Land_Castle_Donjon",
            "pos": [
                3250.378662109375,
                287.35760498046877,
                8693.0234375
            ],
            "ypr": [
                -33.81710433959961,
                0.0,
                0.0
            ]
        },
        {
            "name": "Land_Castle_Donjon",
            "pos": [
                3261.617919921875,
                287.3575744628906,
                8700.603515625
            ],
            "ypr": [
                -33.81710433959961,
                0.0,
                0.0
            ]
        },
        {
            "name": "Land_Castle_Donjon",
            "pos": [
                3273.002197265625,
                287.3575744628906,
                8708.189453125
            ],
            "ypr": [
                -33.81710433959961,
                0.0,
                0.0
            ]
        },
        {
            "name": "Land_Castle_Donjon",
            "pos": [
                3284.859619140625,
                287.3575439453125,
                8715.841796875
            ],
            "ypr": [
                -33.81710433959961,
                0.0,
                0.0
            ]
        },
        {
            "name": "Land_Castle_Donjon",
            "pos": [
                3098.8984375,
                287.3576354980469,
                8775.3046875
            ],
            "ypr": [
                -33.81710433959961,
                0.0,
                0.0
            ]
        },
        {
            "name": "Land_Castle_Donjon",
            "pos": [
                3110.14208984375,
                287.35760498046877,
                8782.884765625
            ],
            "ypr": [
                -33.81710433959961,
                0.0,
                0.0
            ]
        },
        {
            "name": "Land_Castle_Donjon",
            "pos": [
                3121.51953125,
                287.35760498046877,
                8790.4677734375
            ],
            "ypr": [
                -33.81710433959961,
                0.0,
                0.0
            ]
        },
        {
            "name": "Land_Castle_Donjon",
            "pos": [
                3133.3798828125,
                287.35760498046877,
                8798.1201171875
            ],
            "ypr": [
                -33.81710433959961,
                0.0,
                0.0
            ]
        },
        {
            "name": "Land_Castle_Donjon",
            "pos": [
                3145.18603515625,
                287.35760498046877,
                8805.7490234375
            ],
            "ypr": [
                -33.81710433959961,
                0.0,
                0.0
            ]
        },
        {
            "name": "Land_Castle_Donjon",
            "pos": [
                3156.494873046875,
                287.35760498046877,
                8813.3017578125
            ],
            "ypr": [
                -33.81710433959961,
                0.0,
                0.0
            ]
        },
        {
            "name": "Land_Castle_Donjon",
            "pos": [
                3168.0234375,
                287.35760498046877,
                8820.7783203125
            ],
            "ypr": [
                -33.81710433959961,
                0.0,
                0.0
            ]
        },
        {
            "name": "Land_Castle_Donjon",
            "pos": [
                3179.263427734375,
                287.3575744628906,
                8828.359375
            ],
            "ypr": [
                -33.81710433959961,
                0.0,
                0.0
            ]
        },
        {
            "name": "Land_Castle_Donjon",
            "pos": [
                3190.64892578125,
                287.3575744628906,
                8835.9404296875
            ],
            "ypr": [
                -33.81710433959961,
                0.0,
                0.0
            ]
        },
        {
            "name": "Land_Castle_Donjon",
            "pos": [
                3202.507080078125,
                287.3575439453125,
                8843.5966796875
            ],
            "ypr": [
                -33.81710433959961,
                0.0,
                0.0
            ]
        },
        {
            "name": "Land_Castle_Gate",
            "pos": [
                3251.356201171875,
                292.948486328125,
                8793.5283203125
            ],
            "ypr": [
                -123.21285247802735,
                0.0,
                0.0
            ]
        },
        {
            "name": "Land_Castle_Donjon",
            "pos": [
                3107.66552734375,
                298.75775146484377,
                8773.43359375
            ],
            "ypr": [
                -33.81710433959961,
                0.0,
                0.0
            ]
        },
        {
            "name": "Land_Castle_Donjon",
            "pos": [
                3118.903564453125,
                298.75775146484377,
                8781.0146484375
            ],
            "ypr": [
                -33.81710433959961,
                0.0,
                0.0
            ]
        },
        {
            "name": "Land_Castle_Donjon",
            "pos": [
                3130.28564453125,
                298.75775146484377,
                8788.595703125
            ],
            "ypr": [
                -33.81710433959961,
                0.0,
                0.0
            ]
        },
        {
            "name": "Land_Castle_Donjon",
            "pos": [
                3142.14501953125,
                298.7577209472656,
                8796.2490234375
            ],
            "ypr": [
                -33.81710433959961,
                0.0,
                0.0
            ]
        },
        {
            "name": "Land_Castle_Donjon",
            "pos": [
                3153.953369140625,
                298.75775146484377,
                8803.8740234375
            ],
            "ypr": [
                -33.81710433959961,
                0.0,
                0.0
            ]
        },
        {
            "name": "Land_Castle_Donjon",
            "pos": [
                3165.260009765625,
                298.75775146484377,
                8811.4296875
            ],
            "ypr": [
                -33.81710433959961,
                0.0,
                0.0
            ]
        },
        {
            "name": "Land_Castle_Donjon",
            "pos": [
                3176.790283203125,
                298.75775146484377,
                8818.90625
            ],
            "ypr": [
                -33.81710433959961,
                0.0,
                0.0
            ]
        },
        {
            "name": "Land_Castle_Donjon",
            "pos": [
                3188.028076171875,
                298.7576904296875,
                8826.4873046875
            ],
            "ypr": [
                -33.81710433959961,
                0.0,
                0.0
            ]
        },
        {
            "name": "Land_Castle_Donjon",
            "pos": [
                3199.414306640625,
                298.7576904296875,
                8834.0712890625
            ],
            "ypr": [
                -33.81710433959961,
                0.0,
                0.0
            ]
        },
        {
            "name": "Land_Castle_Donjon",
            "pos": [
                3211.271728515625,
                298.7576904296875,
                8841.7236328125
            ],
            "ypr": [
                -33.81710433959961,
                0.0,
                0.0
            ]
        },
        {
            "name": "Land_Castle_Donjon",
            "pos": [
                3096.630859375,
                298.75762939453127,
                8765.94921875
            ],
            "ypr": [
                -123.21285247802735,
                0.0,
                0.0
            ]
        },
        {
            "name": "Land_Castle_Donjon",
            "pos": [
                3183.16357421875,
                298.7575988769531,
                8657.1708984375
            ],
            "ypr": [
                -33.81710433959961,
                0.0,
                0.0
            ]
        },
        {
            "name": "Land_Castle_Donjon",
            "pos": [
                3194.404541015625,
                298.757568359375,
                8664.7529296875
            ],
            "ypr": [
                -33.81710433959961,
                0.0,
                0.0
            ]
        },
        {
            "name": "Land_Castle_Donjon",
            "pos": [
                3205.783935546875,
                298.757568359375,
                8672.3349609375
            ],
            "ypr": [
                -33.81710433959961,
                0.0,
                0.0
            ]
        },
        {
            "name": "Land_Castle_Donjon",
            "pos": [
                3217.6455078125,
                298.757568359375,
                8679.986328125
            ],
            "ypr": [
                -33.81710433959961,
                0.0,
                0.0
            ]
        },
        {
            "name": "Land_Castle_Donjon",
            "pos": [
                3229.451904296875,
                298.757568359375,
                8687.6103515625
            ],
            "ypr": [
                -33.81710433959961,
                0.0,
                0.0
            ]
        },
        {
            "name": "Land_Castle_Donjon",
            "pos": [
                3240.75830078125,
                298.757568359375,
                8695.1640625
            ],
            "ypr": [
                -33.81710433959961,
                0.0,
                0.0
            ]
        },
        {
            "name": "Land_Castle_Donjon",
            "pos": [
                3252.285400390625,
                298.757568359375,
                8702.642578125
            ],
            "ypr": [
                -33.81710433959961,
                0.0,
                0.0
            ]
        },
        {
            "name": "Land_Castle_Donjon",
            "pos": [
                3263.52783203125,
                298.7575378417969,
                8710.224609375
            ],
            "ypr": [
                -33.81710433959961,
                0.0,
                0.0
            ]
        },
        {
            "name": "Land_Castle_Donjon",
            "pos": [
                3274.91552734375,
                298.7575378417969,
                8717.806640625
            ],
            "ypr": [
                -33.81710433959961,
                0.0,
                0.0
            ]
        },
        {
            "name": "Land_Castle_Donjon",
            "pos": [
                3286.769775390625,
                298.75750732421877,
                8725.462890625
            ],
            "ypr": [
                -33.81710433959961,
                0.0,
                0.0
            ]
        },
        {
            "name": "Land_Castle_Donjon",
            "pos": [
                3172.130126953125,
                298.7574462890625,
                8649.685546875
            ],
            "ypr": [
                -123.21285247802735,
                0.0,
                0.0
            ]
        },
        {
            "name": "Land_Castle_Donjon",
            "pos": [
                3164.138916015625,
                298.7575378417969,
                8661.85546875
            ],
            "ypr": [
                -123.59818267822266,
                0.0,
                0.0
            ]
        },
        {
            "name": "Land_Castle_Donjon",
            "pos": [
                3156.607177734375,
                298.7575378417969,
                8673.26171875
            ],
            "ypr": [
                -123.59818267822266,
                0.0,
                0.0
            ]
        },
        {
            "name": "Land_Castle_Donjon",
            "pos": [
                3148.991943359375,
                298.75750732421877,
                8685.150390625
            ],
            "ypr": [
                -123.59818267822266,
                0.0,
                0.0
            ]
        },
        {
            "name": "Land_Castle_Donjon",
            "pos": [
                3141.4140625,
                298.7575378417969,
                8696.9873046875
            ],
            "ypr": [
                -123.59818267822266,
                0.0,
                0.0
            ]
        },
        {
            "name": "Land_Castle_Donjon",
            "pos": [
                3133.9033203125,
                298.7575378417969,
                8708.3251953125
            ],
            "ypr": [
                -123.59818267822266,
                0.0,
                0.0
            ]
        },
        {
            "name": "Land_Castle_Donjon",
            "pos": [
                3126.47021484375,
                298.7575378417969,
                8719.880859375
            ],
            "ypr": [
                -123.59818267822266,
                0.0,
                0.0
            ]
        },
        {
            "name": "Land_Castle_Donjon",
            "pos": [
                3118.93212890625,
                298.75750732421877,
                8731.1484375
            ],
            "ypr": [
                -123.59818267822266,
                0.0,
                0.0
            ]
        },
        {
            "name": "Land_Castle_Donjon",
            "pos": [
                3111.387939453125,
                298.75750732421877,
                8742.5634765625
            ],
            "ypr": [
                -123.59818267822266,
                0.0,
                0.0
            ]
        },
        {
            "name": "Land_Castle_Donjon",
            "pos": [
                3103.782470703125,
                298.75750732421877,
                8754.44921875
            ],
            "ypr": [
                -123.59818267822266,
                0.0,
                0.0
            ]
        },
        {
            "name": "Land_Castle_Donjon",
            "pos": [
                3279.00927734375,
                298.7575378417969,
                8737.2275390625
            ],
            "ypr": [
                -123.59818267822266,
                0.0,
                0.0
            ]
        },
        {
            "name": "Land_Castle_Donjon",
            "pos": [
                3271.473388671875,
                298.7575378417969,
                8748.6328125
            ],
            "ypr": [
                -123.59818267822266,
                0.0,
                0.0
            ]
        },
        {
            "name": "Land_Castle_Donjon",
            "pos": [
                3263.86669921875,
                298.75750732421877,
                8760.521484375
            ],
            "ypr": [
                -123.59818267822266,
                0.0,
                0.0
            ]
        },
        {
            "name": "Land_Castle_Donjon",
            "pos": [
                3256.284423828125,
                298.7575378417969,
                8772.3564453125
            ],
            "ypr": [
                -123.59818267822266,
                0.0,
                0.0
            ]
        },
        {
            "name": "Land_Castle_Donjon",
            "pos": [
                3233.80224609375,
                298.75750732421877,
                8806.5185546875
            ],
            "ypr": [
                -123.59818267822266,
                0.0,
                0.0
            ]
        },
        {
            "name": "Land_Castle_Donjon",
            "pos": [
                3226.25830078125,
                298.75750732421877,
                8817.931640625
            ],
            "ypr": [
                -123.59818267822266,
                0.0,
                0.0
            ]
        },
        {
            "name": "Land_Castle_Donjon",
            "pos": [
                3218.653076171875,
                298.75750732421877,
                8829.818359375
            ],
            "ypr": [
                -123.59818267822266,
                0.0,
                0.0
            ]
        },
        {
            "name": "Land_Castle_Gate",
            "pos": [
                3247.259033203125,
                304.35382080078127,
                8781.9873046875
            ],
            "ypr": [
                147.7239990234375,
                0.0,
                0.0
            ]
        },
        {
            "name": "Land_Castle_Donjon",
            "pos": [
                3276.843505859375,
                308.757568359375,
                8728.49609375
            ],
            "ypr": [
                -33.81710433959961,
                0.0,
                0.0
            ]
        },
        {
            "name": "Land_Castle_Donjon",
            "pos": [
                3269.084716796875,
                308.757568359375,
                8740.26171875
            ],
            "ypr": [
                -123.59818267822266,
                0.0,
                0.0
            ]
        },
        {
            "name": "Land_Castle_Donjon",
            "pos": [
                3261.548583984375,
                308.757568359375,
                8751.6669921875
            ],
            "ypr": [
                -123.59818267822266,
                0.0,
                0.0
            ]
        },
        {
            "name": "Land_Castle_Donjon",
            "pos": [
                3253.935546875,
                308.757568359375,
                8763.552734375
            ],
            "ypr": [
                -123.59818267822266,
                0.0,
                0.0
            ]
        },
        {
            "name": "Land_Castle_Donjon",
            "pos": [
                3246.359130859375,
                308.757568359375,
                8775.390625
            ],
            "ypr": [
                -123.59818267822266,
                0.0,
                0.0
            ]
        },
        {
            "name": "Land_Castle_Donjon",
            "pos": [
                3238.849609375,
                308.757568359375,
                8786.728515625
            ],
            "ypr": [
                -123.59818267822266,
                0.0,
                0.0
            ]
        },
        {
            "name": "Land_Castle_Donjon",
            "pos": [
                3231.412841796875,
                308.757568359375,
                8798.28125
            ],
            "ypr": [
                -123.59818267822266,
                0.0,
                0.0
            ]
        },
        {
            "name": "Land_Castle_Donjon",
            "pos": [
                3223.8798828125,
                308.7575378417969,
                8809.552734375
            ],
            "ypr": [
                -123.59818267822266,
                0.0,
                0.0
            ]
        },
        {
            "name": "Land_Castle_Donjon",
            "pos": [
                3216.334716796875,
                308.7575378417969,
                8820.9677734375
            ],
            "ypr": [
                -123.59818267822266,
                0.0,
                0.0
            ]
        },
        {
            "name": "Land_Castle_Donjon",
            "pos": [
                3208.72900390625,
                308.75750732421877,
                8832.8525390625
            ],
            "ypr": [
                -123.59812927246094,
                0.0,
                0.0
            ]
        },
        {
            "name": "Land_Castle_Donjon",
            "pos": [
                3174.099365234375,
                308.757568359375,
                8658.037109375
            ],
            "ypr": [
                -33.81710433959961,
                0.0,
                0.0
            ]
        },
        {
            "name": "Land_Castle_Donjon",
            "pos": [
                3166.33740234375,
                308.757568359375,
                8669.80078125
            ],
            "ypr": [
                -123.59818267822266,
                0.0,
                0.0
            ]
        },
        {
            "name": "Land_Castle_Donjon",
            "pos": [
                3158.803955078125,
                308.757568359375,
                8681.20703125
            ],
            "ypr": [
                -123.59818267822266,
                0.0,
                0.0
            ]
        },
        {
            "name": "Land_Castle_Donjon",
            "pos": [
                3151.189208984375,
                308.757568359375,
                8693.095703125
            ],
            "ypr": [
                -123.59818267822266,
                0.0,
                0.0
            ]
        },
        {
            "name": "Land_Castle_Donjon",
            "pos": [
                3143.61181640625,
                308.757568359375,
                8704.9306640625
            ],
            "ypr": [
                -123.59818267822266,
                0.0,
                0.0
            ]
        },
        {
            "name": "Land_Castle_Donjon",
            "pos": [
                3136.10205078125,
                308.757568359375,
                8716.267578125
            ],
            "ypr": [
                -123.59818267822266,
                0.0,
                0.0
            ]
        },
        {
            "name": "Land_Castle_Donjon",
            "pos": [
                3128.6689453125,
                308.757568359375,
                8727.82421875
            ],
            "ypr": [
                -123.59818267822266,
                0.0,
                0.0
            ]
        },
        {
            "name": "Land_Castle_Donjon",
            "pos": [
                3121.12841796875,
                308.7575378417969,
                8739.0927734375
            ],
            "ypr": [
                -123.59818267822266,
                0.0,
                0.0
            ]
        },
        {
            "name": "Land_Castle_Donjon",
            "pos": [
                3113.587646484375,
                308.7575378417969,
                8750.5078125
            ],
            "ypr": [
                -123.59818267822266,
                0.0,
                0.0
            ]
        },
        {
            "name": "Land_Castle_Donjon",
            "pos": [
                3105.9833984375,
                308.75750732421877,
                8762.392578125
            ],
            "ypr": [
                -123.59818267822266,
                0.0,
                0.0
            ]
        },
        {
            "name": "Land_Castle_Donjon",
            "pos": [
                3198.025634765625,
                308.75750732421877,
                8822.9228515625
            ],
            "ypr": [
                146.13514709472657,
                0.0,
                0.0
            ]
        },
        {
            "name": "Land_Castle_Donjon",
            "pos": [
                3186.65771484375,
                308.75750732421877,
                8815.333984375
            ],
            "ypr": [
                146.13514709472657,
                0.0,
                0.0
            ]
        },
        {
            "name": "Land_Castle_Donjon",
            "pos": [
                3174.80810546875,
                308.75750732421877,
                8807.6640625
            ],
            "ypr": [
                146.13514709472657,
                0.0,
                0.0
            ]
        },
        {
            "name": "Land_Castle_Donjon",
            "pos": [
                3163.00244140625,
                308.75750732421877,
                8800.0341796875
            ],
            "ypr": [
                146.13514709472657,
                0.0,
                0.0
            ]
        },
        {
            "name": "Land_Castle_Donjon",
            "pos": [
                3151.697021484375,
                308.75750732421877,
                8792.474609375
            ],
            "ypr": [
                146.13514709472657,
                0.0,
                0.0
            ]
        },
        {
            "name": "Land_Castle_Donjon",
            "pos": [
                3140.177978515625,
                308.75750732421877,
                8784.984375
            ],
            "ypr": [
                146.13514709472657,
                0.0,
                0.0
            ]
        },
        {
            "name": "Land_Castle_Donjon",
            "pos": [
                3128.9404296875,
                308.75750732421877,
                8777.3974609375
            ],
            "ypr": [
                146.13514709472657,
                0.0,
                0.0
            ]
        },
        {
            "name": "Land_Castle_Donjon",
            "pos": [
                3117.56884765625,
                308.75750732421877,
                8769.79296875
            ],
            "ypr": [
                146.13514709472657,
                0.0,
                0.0
            ]
        },
        {
            "name": "Land_Castle_Donjon",
            "pos": [
                3265.29248046875,
                308.75750732421877,
                8719.9013671875
            ],
            "ypr": [
                146.13514709472657,
                0.0,
                0.0
            ]
        },
        {
            "name": "Land_Castle_Donjon",
            "pos": [
                3253.9267578125,
                308.75750732421877,
                8712.3095703125
            ],
            "ypr": [
                146.13514709472657,
                0.0,
                0.0
            ]
        },
        {
            "name": "Land_Castle_Donjon",
            "pos": [
                3242.076904296875,
                308.75750732421877,
                8704.6416015625
            ],
            "ypr": [
                146.13514709472657,
                0.0,
                0.0
            ]
        },
        {
            "name": "Land_Castle_Donjon",
            "pos": [
                3230.271484375,
                308.75750732421877,
                8697.01171875
            ],
            "ypr": [
                146.13514709472657,
                0.0,
                0.0
            ]
        },
        {
            "name": "Land_Castle_Donjon",
            "pos": [
                3218.96728515625,
                308.75750732421877,
                8689.44921875
            ],
            "ypr": [
                146.13514709472657,
                0.0,
                0.0
            ]
        },
        {
            "name": "Land_Castle_Donjon",
            "pos": [
                3207.4462890625,
                308.75750732421877,
                8681.9599609375
            ],
            "ypr": [
                146.13514709472657,
                0.0,
                0.0
            ]
        },
        {
            "name": "Land_Castle_Donjon",
            "pos": [
                3196.210693359375,
                308.75750732421877,
                8674.373046875
            ],
            "ypr": [
                146.13514709472657,
                0.0,
                0.0
            ]
        },
        {
            "name": "Land_Castle_Donjon",
            "pos": [
                3184.83642578125,
                308.75750732421877,
                8666.7705078125
            ],
            "ypr": [
                146.13514709472657,
                0.0,
                0.0
            ]
        },
        {
            "name": "Land_Castle_Gate",
            "pos": [
                3237.798095703125,
                304.35382080078127,
                8794.7958984375
            ],
            "ypr": [
                147.7239990234375,
                0.0,
                0.0
            ]
        },
        {
            "name": "Land_Castle_Gate",
            "pos": [
                3242.26513671875,
                304.35382080078127,
                8788.876953125
            ],
            "ypr": [
                147.7239990234375,
                0.0,
                0.0
            ]
        },
        {
            "name": "Land_Castle_Donjon",
            "pos": [
                3266.77197265625,
                317.8131103515625,
                8728.8427734375
            ],
            "ypr": [
                146.13514709472657,
                0.0,
                0.0
            ]
        },
        {
            "name": "Land_Castle_Donjon",
            "pos": [
                3255.40771484375,
                317.8131103515625,
                8721.2529296875
            ],
            "ypr": [
                146.13514709472657,
                0.0,
                0.0
            ]
        },
        {
            "name": "Land_Castle_Donjon",
            "pos": [
                3243.55712890625,
                317.8131103515625,
                8713.583984375
            ],
            "ypr": [
                146.13514709472657,
                0.0,
                0.0
            ]
        },
        {
            "name": "Land_Castle_Donjon",
            "pos": [
                3231.75146484375,
                317.8131103515625,
                8705.9541015625
            ],
            "ypr": [
                146.13514709472657,
                0.0,
                0.0
            ]
        },
        {
            "name": "Land_Castle_Donjon",
            "pos": [
                3220.44677734375,
                317.8131103515625,
                8698.3916015625
            ],
            "ypr": [
                146.13514709472657,
                0.0,
                0.0
            ]
        },
        {
            "name": "Land_Castle_Donjon",
            "pos": [
                3208.928955078125,
                317.8131103515625,
                8690.9013671875
            ],
            "ypr": [
                146.13514709472657,
                0.0,
                0.0
            ]
        },
        {
            "name": "Land_Castle_Donjon",
            "pos": [
                3197.690673828125,
                317.8130798339844,
                8683.3125
            ],
            "ypr": [
                146.13514709472657,
                0.0,
                0.0
            ]
        },
        {
            "name": "Land_Castle_Donjon",
            "pos": [
                3186.316162109375,
                317.8130798339844,
                8675.712890625
            ],
            "ypr": [
                146.13514709472657,
                0.0,
                0.0
            ]
        },
        {
            "name": "Land_Castle_Donjon",
            "pos": [
                3174.960693359375,
                317.9534912109375,
                8668.3310546875
            ],
            "ypr": [
                -123.21285247802735,
                0.0,
                0.0
            ]
        },
        {
            "name": "Land_Castle_Donjon",
            "pos": [
                3208.19921875,
                317.82293701171877,
                8821.3681640625
            ],
            "ypr": [
                -123.21285247802735,
                0.0,
                0.0
            ]
        },
        {
            "name": "Land_Castle_Donjon",
            "pos": [
                3196.830322265625,
                317.82293701171877,
                8813.77734375
            ],
            "ypr": [
                -123.21285247802735,
                0.0,
                0.0
            ]
        },
        {
            "name": "Land_Castle_Donjon",
            "pos": [
                3184.976318359375,
                317.82293701171877,
                8806.109375
            ],
            "ypr": [
                -123.21285247802735,
                0.0,
                0.0
            ]
        },
        {
            "name": "Land_Castle_Donjon",
            "pos": [
                3173.176025390625,
                317.82293701171877,
                8798.4775390625
            ],
            "ypr": [
                -123.21285247802735,
                0.0,
                0.0
            ]
        },
        {
            "name": "Land_Castle_Donjon",
            "pos": [
                3161.871337890625,
                317.82293701171877,
                8790.9150390625
            ],
            "ypr": [
                -123.21285247802735,
                0.0,
                0.0
            ]
        },
        {
            "name": "Land_Castle_Donjon",
            "pos": [
                3150.347900390625,
                317.82293701171877,
                8783.4267578125
            ],
            "ypr": [
                -123.21285247802735,
                0.0,
                0.0
            ]
        },
        {
            "name": "Land_Castle_Donjon",
            "pos": [
                3139.11279296875,
                317.82293701171877,
                8775.8369140625
            ],
            "ypr": [
                -123.21285247802735,
                0.0,
                0.0
            ]
        },
        {
            "name": "Land_Castle_Donjon",
            "pos": [
                3127.740966796875,
                317.82293701171877,
                8768.2392578125
            ],
            "ypr": [
                -123.21285247802735,
                0.0,
                0.0
            ]
        },
        {
            "name": "Land_Castle_Donjon",
            "pos": [
                3116.384521484375,
                317.82293701171877,
                8760.8564453125
            ],
            "ypr": [
                -123.21285247802735,
                0.0,
                0.0
            ]
        },
        {
            "name": "Land_Castle_Donjon",
            "pos": [
                3260.085693359375,
                317.19866943359377,
                8740.96484375
            ],
            "ypr": [
                -32.25813674926758,
                0.0,
                0.0
            ]
        },
        {
            "name": "Land_Castle_Donjon",
            "pos": [
                3252.650390625,
                317.19866943359377,
                8752.8955078125
            ],
            "ypr": [
                -32.25813674926758,
                0.0,
                0.0
            ]
        },
        {
            "name": "Land_Castle_Donjon",
            "pos": [
                3245.281494140625,
                317.19866943359377,
                8764.3251953125
            ],
            "ypr": [
                57.87640380859375,
                0.0,
                0.0
            ]
        },
        {
            "name": "Land_Castle_Donjon",
            "pos": [
                3237.985107421875,
                317.19866943359377,
                8775.966796875
            ],
            "ypr": [
                -32.25813674926758,
                0.0,
                0.0
            ]
        },
        {
            "name": "Land_Castle_Donjon",
            "pos": [
                3230.5830078125,
                317.19866943359377,
                8787.33203125
            ],
            "ypr": [
                -32.25813674926758,
                0.0,
                0.0
            ]
        },
        {
            "name": "Land_Castle_Donjon",
            "pos": [
                3223.170166015625,
                317.19866943359377,
                8798.8251953125
            ],
            "ypr": [
                -32.25813674926758,
                0.0,
                0.0
            ]
        },
        {
            "name": "Land_Castle_Donjon",
            "pos": [
                3215.98193359375,
                317.19866943359377,
                8810.3017578125
            ],
            "ypr": [
                -32.25813674926758,
                0.0,
                0.0
            ]
        },
        {
            "name": "Land_Castle_Donjon",
            "pos": [
                3167.404296875,
                317.61151123046877,
                8680.015625
            ],
            "ypr": [
                -123.21285247802735,
                0.0,
                0.0
            ]
        },
        {
            "name": "Land_Castle_Donjon",
            "pos": [
                3159.97021484375,
                317.61151123046877,
                8691.94921875
            ],
            "ypr": [
                -123.21285247802735,
                0.0,
                0.0
            ]
        },
        {
            "name": "Land_Castle_Donjon",
            "pos": [
                3152.59912109375,
                317.61151123046877,
                8703.376953125
            ],
            "ypr": [
                -123.21285247802735,
                0.0,
                0.0
            ]
        },
        {
            "name": "Land_Castle_Donjon",
            "pos": [
                3145.3017578125,
                317.61151123046877,
                8715.021484375
            ],
            "ypr": [
                -123.21285247802735,
                0.0,
                0.0
            ]
        },
        {
            "name": "Land_Castle_Donjon",
            "pos": [
                3137.900634765625,
                317.61151123046877,
                8726.3837890625
            ],
            "ypr": [
                -123.21285247802735,
                0.0,
                0.0
            ]
        },
        {
            "name": "Land_Castle_Donjon",
            "pos": [
                3130.48828125,
                317.61151123046877,
                8737.876953125
            ],
            "ypr": [
                -123.21285247802735,
                0.0,
                0.0
            ]
        },
        {
            "name": "Land_Castle_Donjon",
            "pos": [
                3123.299560546875,
                317.61151123046877,
                8749.35546875
            ],
            "ypr": [
                -123.21285247802735,
                0.0,
                0.0
            ]
        },
        {
            "name": "Land_Castle_Gate",
            "pos": [
                3259.741455078125,
                292.9480285644531,
                8798.904296875
            ],
            "ypr": [
                -123.21285247802735,
                0.0,
                0.0
            ]
        },
        {
            "name": "Land_Castle_Donjon",
            "pos": [
                3205.69580078125,
                327.439453125,
                8812.2509765625
            ],
            "ypr": [
                -123.21696472167969,
                0.7637277245521545,
                -0.30551886558532717
            ]
        },
        {
            "name": "Land_Castle_Donjon",
            "pos": [
                3194.329345703125,
                327.439453125,
                8804.66015625
            ],
            "ypr": [
                -123.21696472167969,
                0.0,
                0.0
            ]
        },
        {
            "name": "Land_Castle_Donjon",
            "pos": [
                3182.479736328125,
                327.439453125,
                8796.9912109375
            ],
            "ypr": [
                -123.21696472167969,
                0.7637277245521545,
                -0.30551886558532717
            ]
        },
        {
            "name": "Land_Castle_Donjon",
            "pos": [
                3170.6728515625,
                327.439453125,
                8789.359375
            ],
            "ypr": [
                -123.21696472167969,
                0.7637277245521545,
                -0.30551886558532717
            ]
        },
        {
            "name": "Land_Castle_Donjon",
            "pos": [
                3159.369140625,
                327.439453125,
                8781.798828125
            ],
            "ypr": [
                -123.21696472167969,
                0.0,
                0.0
            ]
        },
        {
            "name": "Land_Castle_Donjon",
            "pos": [
                3147.849853515625,
                327.439453125,
                8774.3076171875
            ],
            "ypr": [
                -123.21696472167969,
                0.7637277245521545,
                -0.30551886558532717
            ]
        },
        {
            "name": "Land_Castle_Donjon",
            "pos": [
                3136.615234375,
                327.439453125,
                8766.7197265625
            ],
            "ypr": [
                -123.21696472167969,
                0.7637277245521545,
                -0.30551886558532717
            ]
        },
        {
            "name": "Land_Castle_Donjon",
            "pos": [
                3125.23583984375,
                327.439453125,
                8759.1201171875
            ],
            "ypr": [
                -123.21696472167969,
                0.7637277245521545,
                -0.30551886558532717
            ]
        },
        {
            "name": "Land_Castle_Donjon",
            "pos": [
                3256.909423828125,
                327.32427978515627,
                8730.5751953125
            ],
            "ypr": [
                -123.21285247802735,
                0.0,
                0.0
            ]
        },
        {
            "name": "Land_Castle_Donjon",
            "pos": [
                3245.545166015625,
                327.32427978515627,
                8722.9833984375
            ],
            "ypr": [
                -123.21285247802735,
                0.0,
                0.0
            ]
        },
        {
            "name": "Land_Castle_Donjon",
            "pos": [
                3233.6962890625,
                327.32427978515627,
                8715.3125
            ],
            "ypr": [
                -123.21285247802735,
                0.0,
                0.0
            ]
        },
        {
            "name": "Land_Castle_Donjon",
            "pos": [
                3221.8896484375,
                327.32427978515627,
                8707.685546875
            ],
            "ypr": [
                -123.21285247802735,
                0.0,
                0.0
            ]
        },
        {
            "name": "Land_Castle_Donjon",
            "pos": [
                3210.582275390625,
                327.32427978515627,
                8700.1220703125
            ],
            "ypr": [
                -123.21285247802735,
                0.0,
                0.0
            ]
        },
        {
            "name": "Land_Castle_Donjon",
            "pos": [
                3199.06396484375,
                327.32427978515627,
                8692.634765625
            ],
            "ypr": [
                -123.21285247802735,
                0.0,
                0.0
            ]
        },
        {
            "name": "Land_Castle_Donjon",
            "pos": [
                3187.82666015625,
                327.32427978515627,
                8685.0478515625
            ],
            "ypr": [
                -123.21285247802735,
                0.0,
                0.0
            ]
        },
        {
            "name": "Land_Castle_Donjon",
            "pos": [
                3176.453857421875,
                327.32427978515627,
                8677.447265625
            ],
            "ypr": [
                -123.21285247802735,
                0.0,
                0.0
            ]
        },
        {
            "name": "Land_Castle_Donjon",
            "pos": [
                3132.431640625,
                327.4262390136719,
                8746.958984375
            ],
            "ypr": [
                147.34661865234376,
                0.0,
                0.0
            ]
        },
        {
            "name": "Land_Castle_Donjon",
            "pos": [
                3139.947998046875,
                327.4262390136719,
                8735.0830078125
            ],
            "ypr": [
                147.34661865234376,
                0.0,
                0.0
            ]
        },
        {
            "name": "Land_Castle_Donjon",
            "pos": [
                3147.398681640625,
                327.4262390136719,
                8723.70703125
            ],
            "ypr": [
                -32.65352249145508,
                0.0,
                0.0
            ]
        },
        {
            "name": "Land_Castle_Donjon",
            "pos": [
                3154.781005859375,
                327.4262390136719,
                8712.1220703125
            ],
            "ypr": [
                147.34661865234376,
                0.0,
                0.0
            ]
        },
        {
            "name": "Land_Castle_Donjon",
            "pos": [
                3162.25390625,
                327.4262390136719,
                8700.8095703125
            ],
            "ypr": [
                147.34661865234376,
                0.0,
                0.0
            ]
        },
        {
            "name": "Land_Castle_Donjon",
            "pos": [
                3169.744140625,
                327.4262390136719,
                8689.357421875
            ],
            "ypr": [
                147.34661865234376,
                0.0,
                0.0
            ]
        },
        {
            "name": "Land_Castle_Donjon",
            "pos": [
                3213.4453125,
                327.6163635253906,
                8800.5517578125
            ],
            "ypr": [
                -122.3940200805664,
                0.0,
                0.0
            ]
        },
        {
            "name": "Land_Castle_Donjon",
            "pos": [
                3220.787109375,
                327.6163635253906,
                8788.57421875
            ],
            "ypr": [
                -122.3940200805664,
                0.0,
                0.0
            ]
        },
        {
            "name": "Land_Castle_Donjon",
            "pos": [
                3228.070556640625,
                327.6163635253906,
                8777.0927734375
            ],
            "ypr": [
                -122.3940200805664,
                0.0,
                0.0
            ]
        },
        {
            "name": "Land_Castle_Donjon",
            "pos": [
                3235.285400390625,
                327.6163635253906,
                8765.4052734375
            ],
            "ypr": [
                57.606414794921878,
                0.0,
                0.0
            ]
        },
        {
            "name": "Land_Castle_Donjon",
            "pos": [
                3242.597900390625,
                327.6163635253906,
                8753.9892578125
            ],
            "ypr": [
                -122.3940200805664,
                0.0,
                0.0
            ]
        },
        {
            "name": "Land_Castle_Donjon",
            "pos": [
                3249.92626953125,
                327.6163635253906,
                8742.4365234375
            ],
            "ypr": [
                -122.3940200805664,
                0.0,
                0.0
            ]
        },
        {
            "name": "Land_Castle_Donjon",
            "pos": [
                3246.25146484375,
                334.48712158203127,
                8732.744140625
            ],
            "ypr": [
                -123.21285247802735,
                0.0,
                0.0
            ]
        },
        {
            "name": "Land_Castle_Donjon",
            "pos": [
                3234.4013671875,
                334.48712158203127,
                8725.076171875
            ],
            "ypr": [
                -123.21285247802735,
                0.0,
                0.0
            ]
        },
        {
            "name": "Land_Castle_Donjon",
            "pos": [
                3222.59521484375,
                334.48712158203127,
                8717.4443359375
            ],
            "ypr": [
                -123.21285247802735,
                0.0,
                0.0
            ]
        },
        {
            "name": "Land_Castle_Donjon",
            "pos": [
                3211.29150390625,
                334.48712158203127,
                8709.884765625
            ],
            "ypr": [
                -123.21285247802735,
                0.0,
                0.0
            ]
        },
        {
            "name": "Land_Castle_Donjon",
            "pos": [
                3199.77099609375,
                334.48712158203127,
                8702.3974609375
            ],
            "ypr": [
                -123.21285247802735,
                0.0,
                0.0
            ]
        },
        {
            "name": "Land_Castle_Donjon",
            "pos": [
                3188.533935546875,
                334.48712158203127,
                8694.8046875
            ],
            "ypr": [
                -123.21285247802735,
                0.0,
                0.0
            ]
        },
        {
            "name": "Land_Castle_Donjon",
            "pos": [
                3177.159423828125,
                334.48712158203127,
                8687.2060546875
            ],
            "ypr": [
                -123.21285247802735,
                0.0,
                0.0
            ]
        },
        {
            "name": "Land_Castle_Donjon",
            "pos": [
                3202.3515625,
                334.1597900390625,
                8803.4599609375
            ],
            "ypr": [
                -123.21285247802735,
                0.0,
                0.0
            ]
        },
        {
            "name": "Land_Castle_Donjon",
            "pos": [
                3190.500244140625,
                334.1597900390625,
                8795.7919921875
            ],
            "ypr": [
                -123.21285247802735,
                0.0,
                0.0
            ]
        },
        {
            "name": "Land_Castle_Donjon",
            "pos": [
                3178.69287109375,
                334.1597900390625,
                8788.1611328125
            ],
            "ypr": [
                -123.21285247802735,
                0.0,
                0.0
            ]
        },
        {
            "name": "Land_Castle_Donjon",
            "pos": [
                3167.388916015625,
                334.1597900390625,
                8780.599609375
            ],
            "ypr": [
                -123.21285247802735,
                0.0,
                0.0
            ]
        },
        {
            "name": "Land_Castle_Donjon",
            "pos": [
                3155.869873046875,
                334.1597900390625,
                8773.111328125
            ],
            "ypr": [
                -123.21285247802735,
                0.0,
                0.0
            ]
        },
        {
            "name": "Land_Castle_Donjon",
            "pos": [
                3144.633056640625,
                334.1597900390625,
                8765.521484375
            ],
            "ypr": [
                -123.21285247802735,
                0.0,
                0.0
            ]
        },
        {
            "name": "Land_Castle_Donjon",
            "pos": [
                3133.2607421875,
                334.1597900390625,
                8757.9208984375
            ],
            "ypr": [
                -123.21285247802735,
                0.0,
                0.0
            ]
        },
        {
            "name": "Land_Castle_Donjon",
            "pos": [
                3169.649169921875,
                333.660888671875,
                8699.1650390625
            ],
            "ypr": [
                -32.45883560180664,
                0.0,
                0.0
            ]
        },
        {
            "name": "Land_Castle_Donjon",
            "pos": [
                3162.133544921875,
                333.660888671875,
                8711.1123046875
            ],
            "ypr": [
                147.5413055419922,
                0.0,
                0.0
            ]
        },
        {
            "name": "Land_Castle_Donjon",
            "pos": [
                3154.6650390625,
                333.660888671875,
                8723.015625
            ],
            "ypr": [
                -32.45883560180664,
                0.0,
                0.0
            ]
        },
        {
            "name": "Land_Castle_Donjon",
            "pos": [
                3147.243896484375,
                333.660888671875,
                8734.4228515625
            ],
            "ypr": [
                -32.45883560180664,
                0.0,
                0.0
            ]
        },
        {
            "name": "Land_Castle_Donjon",
            "pos": [
                3139.9130859375,
                333.660888671875,
                8746.033203125
            ],
            "ypr": [
                -32.45883560180664,
                0.0,
                0.0
            ]
        },
        {
            "name": "Land_Castle_Donjon",
            "pos": [
                3239.0009765625,
                333.69793701171877,
                8744.787109375
            ],
            "ypr": [
                -123.21285247802735,
                0.0,
                0.0
            ]
        },
        {
            "name": "Land_Castle_Donjon",
            "pos": [
                3231.489013671875,
                333.69793701171877,
                8756.734375
            ],
            "ypr": [
                -123.21285247802735,
                0.0,
                0.0
            ]
        },
        {
            "name": "Land_Castle_Donjon",
            "pos": [
                3224.018798828125,
                333.69793701171877,
                8768.6396484375
            ],
            "ypr": [
                -123.21285247802735,
                0.0,
                0.0
            ]
        },
        {
            "name": "Land_Castle_Donjon",
            "pos": [
                3216.59765625,
                333.69793701171877,
                8780.0439453125
            ],
            "ypr": [
                -123.21285247802735,
                0.0,
                0.0
            ]
        },
        {
            "name": "Land_Castle_Donjon",
            "pos": [
                3209.2666015625,
                333.69793701171877,
                8791.6552734375
            ],
            "ypr": [
                -123.21285247802735,
                0.0,
                0.0
            ]
        },
        {
            "name": "Land_Church3",
            "pos": [
                3190.630859375,
                359.85382080078127,
                8746.705078125
            ],
            "ypr": [
                146.78717041015626,
                0.0,
                0.0
            ]
        },
        {
            "name": "Land_CementWorks_Hall2_Brick",
            "pos": [
                3187.2880859375,
                339.85382080078127,
                8704.7138671875
            ],
            "ypr": [
                -123.21285247802735,
                0.0,
                0.0
            ]
        },
        {
            "name": "Land_CementWorks_Hall2_Brick",
            "pos": [
                3175.873779296875,
                339.65283203125,
                8723.0595703125
            ],
            "ypr": [
                -123.21285247802735,
                0.0,
                0.0
            ]
        },
        {
            "name": "Land_CementWorks_Hall2_Brick",
            "pos": [
                3163.935546875,
                339.6531982421875,
                8741.6005859375
            ],
            "ypr": [
                -123.21285247802735,
                0.0,
                0.0
            ]
        },
        {
            "name": "Land_CementWorks_Hall2_Brick",
            "pos": [
                3152.488525390625,
                339.6526184082031,
                8759.515625
            ],
            "ypr": [
                -123.21285247802735,
                0.0,
                0.0
            ]
        },
        {
            "name": "Land_CementWorks_Hall2_Brick",
            "pos": [
                3219.670654296875,
                339.5986328125,
                8725.8720703125
            ],
            "ypr": [
                -123.21285247802735,
                0.0,
                0.0
            ]
        },
        {
            "name": "Land_CementWorks_Hall2_Brick",
            "pos": [
                3208.2529296875,
                339.59881591796877,
                8744.2578125
            ],
            "ypr": [
                -123.21285247802735,
                0.0,
                0.0
            ]
        },
        {
            "name": "Land_CementWorks_Hall2_Brick",
            "pos": [
                3196.31884765625,
                339.5986328125,
                8762.7578125
            ],
            "ypr": [
                -123.21285247802735,
                0.0,
                0.0
            ]
        },
        {
            "name": "Land_CementWorks_Hall2_Brick",
            "pos": [
                3184.86962890625,
                339.59881591796877,
                8780.703125
            ],
            "ypr": [
                -123.21285247802735,
                0.0,
                0.0
            ]
        },
        {
            "name": "Land_Castle_Gate",
            "pos": [
                3241.664794921875,
                292.94830322265627,
                8787.2041015625
            ],
            "ypr": [
                -123.21285247802735,
                0.0,
                0.0
            ]
        },
        {
            "name": "Land_CementWorks_Hall2_Brick",
            "pos": [
                3187.2880859375,
                339.85382080078127,
                8704.7138671875
            ],
            "ypr": [
                -123.21285247802735,
                0.0,
                -179.99989318847657
            ]
        },
        {
            "name": "Land_CementWorks_Hall2_Brick",
            "pos": [
                3175.873779296875,
                339.65283203125,
                8723.0595703125
            ],
            "ypr": [
                -123.21285247802735,
                0.0,
                -179.99989318847657
            ]
        },
        {
            "name": "Land_CementWorks_Hall2_Brick",
            "pos": [
                3163.935546875,
                339.6531982421875,
                8741.6005859375
            ],
            "ypr": [
                -123.21285247802735,
                0.0,
                -179.99989318847657
            ]
        },
        {
            "name": "Land_CementWorks_Hall2_Brick",
            "pos": [
                3152.488525390625,
                339.6526184082031,
                8759.515625
            ],
            "ypr": [
                -123.21285247802735,
                0.0,
                -179.99989318847657
            ]
        },
        {
            "name": "Land_CementWorks_Hall2_Brick",
            "pos": [
                3219.670654296875,
                339.5986328125,
                8725.8720703125
            ],
            "ypr": [
                -123.21285247802735,
                0.0,
                -179.99989318847657
            ]
        },
        {
            "name": "Land_CementWorks_Hall2_Brick",
            "pos": [
                3208.2529296875,
                339.59881591796877,
                8744.2578125
            ],
            "ypr": [
                -123.21285247802735,
                0.0,
                -179.99989318847657
            ]
        },
        {
            "name": "Land_CementWorks_Hall2_Brick",
            "pos": [
                3196.31884765625,
                339.5986328125,
                8762.7578125
            ],
            "ypr": [
                -123.21285247802735,
                0.0,
                -179.99989318847657
            ]
        },
        {
            "name": "Land_CementWorks_Hall2_Brick",
            "pos": [
                3184.86962890625,
                339.59881591796877,
                8780.703125
            ],
            "ypr": [
                -123.21285247802735,
                0.0,
                -179.99989318847657
            ]
        },
        {
            "name": "Land_Mil_Barracks1",
            "pos": [
                3212.169921875,
                288.20001220703127,
                8698.4599609375
            ],
            "ypr": [
                -125.99999237060547,
                0.0,
                0.0
            ]
        },
        {
            "name": "Land_Mil_Barracks1",
            "pos": [
                3202.72998046875,
                288.0,
                8691.5595703125
            ],
            "ypr": [
                -125.99999237060547,
                0.0,
                0.0
            ]
        },
        {
            "name": "Land_Mil_Barracks1",
            "pos": [
                3193.239990234375,
                287.29998779296877,
                8684.6298828125
            ],
            "ypr": [
                -125.99999237060547,
                0.0,
                0.0
            ]
        },
        {
            "name": "Land_Mil_Barracks1",
            "pos": [
                3183.860107421875,
                286.70001220703127,
                8677.669921875
            ],
            "ypr": [
                -125.99999237060547,
                0.0,
                0.0
            ]
        },
        {
            "name": "Land_Mil_Barracks1",
            "pos": [
                3174.3798828125,
                286.5,
                8670.849609375
            ],
            "ypr": [
                -125.99999237060547,
                0.0,
                0.0
            ]
        },
        {
            "name": "Land_Mil_Barracks4",
            "pos": [
                3254.58251953125,
                289.68353271484377,
                8723.130859375
            ],
            "ypr": [
                -122.99996948242188,
                0.0,
                0.0
            ]
        },
        {
            "name": "Land_Mil_Barracks4",
            "pos": [
                3247.472900390625,
                289.3041076660156,
                8718.62109375
            ],
            "ypr": [
                -123.0000228881836,
                0.0,
                0.0
            ]
        },
        {
            "name": "Land_Mil_Barracks4",
            "pos": [
                3240.508056640625,
                288.93511962890627,
                8714.255859375
            ],
            "ypr": [
                -123.0000228881836,
                0.0,
                0.0
            ]
        },
        {
            "name": "Land_Mil_Barracks4",
            "pos": [
                3233.4453125,
                288.5558166503906,
                8709.7822265625
            ],
            "ypr": [
                -123.0000228881836,
                0.0,
                0.0
            ]
        },
        {
            "name": "Land_Mil_Barracks4",
            "pos": [
                3226.463623046875,
                288.21148681640627,
                8705.314453125
            ],
            "ypr": [
                -123.0000228881836,
                0.0,
                0.0
            ]
        },
        {
            "name": "Land_Misc_Well_Pump_Blue",
            "pos": [
                3258.9990234375,
                289.2801818847656,
                8729.0634765625
            ],
            "ypr": [
                0.0,
                -0.0,
                -0.0
            ]
        },
        {
            "name": "Land_FuelStation_Feed",
            "pos": [
                3269.0400390625,
                289.29901123046877,
                8737.830078125
            ],
            "ypr": [
                -34.0,
                0.0,
                0.0
            ]
        },
        {
            "name": "Land_Workshop_FuelStation",
            "pos": [
                3266.0,
                289.70001220703127,
                8733.0400390625
            ],
            "ypr": [
                147.99996948242188,
                0.0,
                0.0
            ]
        },
        {
            "name": "Land_Mil_Barracks3",
            "pos": [
                3133.393310546875,
                288.5126647949219,
                8772.4599609375
            ],
            "ypr": [
                -33.121253967285159,
                0.0,
                0.0
            ]
        },
        {
            "name": "Land_Mil_Barracks3",
            "pos": [
                3148.985595703125,
                288.93243408203127,
                8782.56640625
            ],
            "ypr": [
                -33.121253967285159,
                0.0,
                0.0
            ]
        },
        {
            "name": "Land_Mil_Barracks3",
            "pos": [
                3164.60009765625,
                289.3550109863281,
                8792.6201171875
            ],
            "ypr": [
                -33.12109375,
                0.0,
                0.0
            ]
        },
        {
            "name": "Land_Mil_Barracks3",
            "pos": [
                3180.267578125,
                289.7900085449219,
                8802.8017578125
            ],
            "ypr": [
                -33.121253967285159,
                0.0,
                0.0
            ]
        },
        {
            "name": "Land_Mil_Barracks3",
            "pos": [
                3196.083740234375,
                290.23394775390627,
                8812.8427734375
            ],
            "ypr": [
                -33.121253967285159,
                0.0,
                0.0
            ]
        },
        {
            "name": "Land_Mil_Barracks_Round",
            "pos": [
                3207.35009765625,
                290.0,
                8820.9501953125
            ],
            "ypr": [
                -33.09999465942383,
                0.0,
                0.0
            ]
        },
        {
            "name": "Land_Mil_Barracks_Round",
            "pos": [
                3120.669921875,
                287.29998779296877,
                8763.0
            ],
            "ypr": [
                -33.09999465942383,
                0.0,
                0.0
            ]
        },
        {
            "name": "Land_Mil_Barracks2",
            "pos": [
                3162.260009765625,
                286.4410095214844,
                8697.6201171875
            ],
            "ypr": [
                -35.999996185302737,
                0.0,
                0.0
            ]
        },
        {
            "name": "Land_Mil_Barracks2",
            "pos": [
                3156.43994140625,
                286.614990234375,
                8706.66015625
            ],
            "ypr": [
                -35.999996185302737,
                0.0,
                0.0
            ]
        },
        {
            "name": "Land_Mil_Barracks2",
            "pos": [
                3150.280029296875,
                286.7669982910156,
                8716.23046875
            ],
            "ypr": [
                -35.999996185302737,
                0.0,
                0.0
            ]
        },
        {
            "name": "Land_Mil_Barracks2",
            "pos": [
                3144.110107421875,
                286.9530029296875,
                8726.3203125
            ],
            "ypr": [
                -35.999996185302737,
                0.0,
                0.0
            ]
        },
        {
            "name": "Land_Mil_Barracks2",
            "pos": [
                3137.429931640625,
                287.1109924316406,
                8737.16015625
            ],
            "ypr": [
                -35.999996185302737,
                0.0,
                0.0
            ]
        },
        {
            "name": "Land_Mil_Barracks2",
            "pos": [
                3130.590087890625,
                287.2229919433594,
                8747.91015625
            ],
            "ypr": [
                -35.999996185302737,
                0.0,
                0.0
            ]
        },
        {
            "name": "Land_Mil_Guardhouse1",
            "pos": [
                3217.090087890625,
                290.5,
                8772.330078125
            ],
            "ypr": [
                145.99998474121095,
                -0.08497568964958191,
                1.572259783744812
            ]
        },
        {
            "name": "Land_Mil_ATC_Big",
            "pos": [
                3186.25,
                303.0,
                8750.5498046875
            ],
            "ypr": [
                56.0,
                1.974259853363037,
                0.6408219337463379
            ]
        },
        {
            "name": "Land_Garage_Office",
            "pos": [
                3203.969970703125,
                292.0,
                8789.1298828125
            ],
            "ypr": [
                -32.999996185302737,
                -0.021765898913145067,
                -1.5891698598861695
            ]
        },
        {
            "name": "Land_Garage_Office",
            "pos": [
                3227.419921875,
                291.5,
                8752.169921875
            ],
            "ypr": [
                145.99998474121095,
                -0.32084399461746218,
                2.026599884033203
            ]
        },
        {
            "name": "Land_Mil_GuardBox_Smooth",
            "pos": [
                3249.75,
                290.0,
                8778.7998046875
            ],
            "ypr": [
                -125.99999237060547,
                -1.234910011291504,
                -0.1409049779176712
            ]
        },
        {
            "name": "Land_Mil_GuardBox_Smooth",
            "pos": [
                3237.179931640625,
                290.0,
                8798.3603515625
            ],
            "ypr": [
                -125.99999237060547,
                -0.8872769474983215,
                0.07824060320854187
            ]
        },
        {
            "name": "Land_Mil_CamoNet_Roof_east",
            "pos": [
                3185.5400390625,
                288.8999938964844,
                8758.5
            ],
            "ypr": [
                61.0,
                0.0,
                -4.999999046325684
            ]
        }
    ]
}