{
    "Objects": [
        {
            "name": "this-is-a-test-comment"
        },
		
        {
            "name": "GardenPlotPlacing",
            "pos": [
                11846.4990234375,
                140.0,
                12442.396484375
            ],
            "ypr": [
                23.0,
                0.0,
                0.0
            ]
        },
        {
            "name": "GardenPlotPlacing",
            "pos": [
                11843.8095703125,
                140.0,
                12443.4921875
            ],
            "ypr": [
                23.0,
                0.0,
                0.0
            ]
        },
        {
            "name": "GardenPlotPlacing",
            "pos": [
                11845.6025390625,
                140.0,
                12439.90625
            ],
            "ypr": [
                23.0,
                0.0,
                0.0
            ]
        },
        {
            "name": "GardenPlotPlacing",
            "pos": [
                11842.9130859375,
                140.0,
                12441.001953125
            ],
            "ypr": [
                23.0,
                0.0,
                0.0
            ]
        },
        {
            "name": "GardenPlotPlacing",
            "pos": [
                11841.0205078125,
                140.0,
                12444.6875
            ],
            "ypr": [
                23.0,
                0.0,
                0.0
            ]
        },
        {
            "name": "GardenPlotPlacing",
            "pos": [
                11838.3310546875,
                140.0,
                12445.783203125
            ],
            "ypr": [
                23.0,
                0.0,
                0.0
            ]
        },
        {
            "name": "GardenPlotPlacing",
            "pos": [
                11840.1240234375,
                140.0,
                12442.197265625
            ],
            "ypr": [
                23.0,
                0.0,
                0.0
            ]
        },
        {
            "name": "GardenPlotPlacing",
            "pos": [
                11837.4345703125,
                140.0,
                12443.29296875
            ],
            "ypr": [
                23.0,
                0.0,
                0.0
            ]
        },
        {
            "name": "GardenPlotPlacing",
            "pos": [
                11844.4072265625,
                140.0,
                12437.017578125
            ],
            "ypr": [
                23.0,
                0.0,
                0.0
            ]
        },
        {
            "name": "GardenPlotPlacing",
            "pos": [
                11841.7177734375,
                140.0,
                12438.11328125
            ],
            "ypr": [
                23.0,
                0.0,
                0.0
            ]
        },
        {
            "name": "GardenPlotPlacing",
            "pos": [
                11843.5107421875,
                140.0,
                12434.52734375
            ],
            "ypr": [
                23.0,
                0.0,
                0.0
            ]
        },
        {
            "name": "GardenPlotPlacing",
            "pos": [
                11840.8212890625,
                140.0,
                12435.623046875
            ],
            "ypr": [
                23.0,
                0.0,
                0.0
            ]
        },
        {
            "name": "GardenPlotPlacing",
            "pos": [
                11838.9287109375,
                140.0,
                12439.30859375
            ],
            "ypr": [
                23.0,
                0.0,
                0.0
            ]
        },
        {
            "name": "GardenPlotPlacing",
            "pos": [
                11836.2392578125,
                140.0,
                12440.404296875
            ],
            "ypr": [
                23.0,
                0.0,
                0.0
            ]
        },
        {
            "name": "GardenPlotPlacing",
            "pos": [
                11838.0322265625,
                140.0,
                12436.818359375
            ],
            "ypr": [
                23.0,
                0.0,
                0.0
            ]
        },
        {
            "name": "GardenPlotPlacing",
            "pos": [
                11835.3427734375,
                140.0,
                12437.9140625
            ],
            "ypr": [
                23.0,
                0.0,
                0.0
            ]
        },
        {
            "name": "GardenPlotPlacing",
            "pos": [
                11835.6416015625,
                140.0,
                12447.078125
            ],
            "ypr": [
                23.0,
                0.0,
                0.0
            ]
        },
        {
            "name": "GardenPlotPlacing",
            "pos": [
                11832.9521484375,
                140.0,
                12448.173828125
            ],
            "ypr": [
                23.0,
                0.0,
                0.0
            ]
        },
        {
            "name": "GardenPlotPlacing",
            "pos": [
                11834.7451171875,
                140.0,
                12444.587890625
            ],
            "ypr": [
                23.0,
                0.0,
                0.0
            ]
        },
        {
            "name": "GardenPlotPlacing",
            "pos": [
                11832.0556640625,
                140.0,
                12445.68359375
            ],
            "ypr": [
                23.0,
                0.0,
                0.0
            ]
        },
        {
            "name": "GardenPlotPlacing",
            "pos": [
                11830.1630859375,
                140.0,
                12449.369140625
            ],
            "ypr": [
                23.0,
                0.0,
                0.0
            ]
        },
        {
            "name": "GardenPlotPlacing",
            "pos": [
                11827.4736328125,
                140.0,
                12450.46484375
            ],
            "ypr": [
                23.0,
                0.0,
                0.0
            ]
        },
        {
            "name": "GardenPlotPlacing",
            "pos": [
                11829.2666015625,
                140.0,
                12446.87890625
            ],
            "ypr": [
                23.0,
                0.0,
                0.0
            ]
        },
        {
            "name": "GardenPlotPlacing",
            "pos": [
                11826.5771484375,
                140.0,
                12447.974609375
            ],
            "ypr": [
                23.0,
                0.0,
                0.0
            ]
        },
        {
            "name": "GardenPlotPlacing",
            "pos": [
                11833.5498046875,
                140.0,
                12441.69921875
            ],
            "ypr": [
                23.0,
                0.0,
                0.0
            ]
        },
        {
            "name": "GardenPlotPlacing",
            "pos": [
                11830.8603515625,
                140.0,
                12442.794921875
            ],
            "ypr": [
                23.0,
                0.0,
                0.0
            ]
        },
        {
            "name": "GardenPlotPlacing",
            "pos": [
                11832.6533203125,
                140.0,
                12439.208984375
            ],
            "ypr": [
                23.0,
                0.0,
                0.0
            ]
        },
        {
            "name": "GardenPlotPlacing",
            "pos": [
                11829.9638671875,
                140.0,
                12440.3046875
            ],
            "ypr": [
                23.0,
                0.0,
                0.0
            ]
        },
        {
            "name": "GardenPlotPlacing",
            "pos": [
                11828.0712890625,
                140.0,
                12443.990234375
            ],
            "ypr": [
                23.0,
                0.0,
                0.0
            ]
        },
        {
            "name": "GardenPlotPlacing",
            "pos": [
                11825.3818359375,
                140.0,
                12445.0859375
            ],
            "ypr": [
                23.0,
                0.0,
                0.0
            ]
        },
        {
            "name": "GardenPlotPlacing",
            "pos": [
                11827.1748046875,
                140.0,
                12441.5
            ],
            "ypr": [
                23.0,
                0.0,
                0.0
            ]
        },
        {
            "name": "GardenPlotPlacing",
            "pos": [
                11824.4853515625,
                140.0,
                12442.595703125
            ],
            "ypr": [
                23.0,
                0.0,
                0.0
            ]
        },
        {
            "name": "GardenPlotPlacing",
            "pos": [
                11842.4150390625,
                140.0,
                12432.236328125
            ],
            "ypr": [
                23.0,
                0.0,
                0.0
            ]
        },
        {
            "name": "GardenPlotPlacing",
            "pos": [
                11839.7255859375,
                140.0,
                12433.33203125
            ],
            "ypr": [
                23.0,
                0.0,
                0.0
            ]
        },
        {
            "name": "GardenPlotPlacing",
            "pos": [
                11841.5185546875,
                140.0,
                12429.74609375
            ],
            "ypr": [
                23.0,
                0.0,
                0.0
            ]
        },
        {
            "name": "GardenPlotPlacing",
            "pos": [
                11838.8291015625,
                140.0,
                12430.841796875
            ],
            "ypr": [
                23.0,
                0.0,
                0.0
            ]
        },
        {
            "name": "GardenPlotPlacing",
            "pos": [
                11836.9365234375,
                140.0,
                12434.52734375
            ],
            "ypr": [
                23.0,
                0.0,
                0.0
            ]
        },
        {
            "name": "GardenPlotPlacing",
            "pos": [
                11834.2470703125,
                140.0,
                12435.623046875
            ],
            "ypr": [
                23.0,
                0.0,
                0.0
            ]
        },
        {
            "name": "GardenPlotPlacing",
            "pos": [
                11836.0400390625,
                140.0,
                12432.037109375
            ],
            "ypr": [
                23.0,
                0.0,
                0.0
            ]
        },
        {
            "name": "GardenPlotPlacing",
            "pos": [
                11833.3505859375,
                140.0,
                12433.1328125
            ],
            "ypr": [
                23.0,
                0.0,
                0.0
            ]
        },
        {
            "name": "GardenPlotPlacing",
            "pos": [
                11840.3232421875,
                140.0,
                12426.857421875
            ],
            "ypr": [
                23.0,
                0.0,
                0.0
            ]
        },
        {
            "name": "GardenPlotPlacing",
            "pos": [
                11837.6337890625,
                140.0,
                12427.953125
            ],
            "ypr": [
                23.0,
                0.0,
                0.0
            ]
        },
        {
            "name": "GardenPlotPlacing",
            "pos": [
                11839.4267578125,
                140.0,
                12424.3671875
            ],
            "ypr": [
                23.0,
                0.0,
                0.0
            ]
        },
        {
            "name": "GardenPlotPlacing",
            "pos": [
                11836.7373046875,
                140.0,
                12425.462890625
            ],
            "ypr": [
                23.0,
                0.0,
                0.0
            ]
        },
        {
            "name": "GardenPlotPlacing",
            "pos": [
                11834.8447265625,
                140.0,
                12429.1484375
            ],
            "ypr": [
                23.0,
                0.0,
                0.0
            ]
        },
        {
            "name": "GardenPlotPlacing",
            "pos": [
                11832.1552734375,
                140.0,
                12430.244140625
            ],
            "ypr": [
                23.0,
                0.0,
                0.0
            ]
        },
        {
            "name": "GardenPlotPlacing",
            "pos": [
                11833.9482421875,
                140.0,
                12426.658203125
            ],
            "ypr": [
                23.0,
                0.0,
                0.0
            ]
        },
        {
            "name": "GardenPlotPlacing",
            "pos": [
                11831.2587890625,
                140.0,
                12427.75390625
            ],
            "ypr": [
                23.0,
                0.0,
                0.0
            ]
        },
        {
            "name": "GardenPlotPlacing",
            "pos": [
                11831.5576171875,
                140.0,
                12436.91796875
            ],
            "ypr": [
                23.0,
                0.0,
                0.0
            ]
        },
        {
            "name": "GardenPlotPlacing",
            "pos": [
                11828.8681640625,
                140.0,
                12438.013671875
            ],
            "ypr": [
                23.0,
                0.0,
                0.0
            ]
        },
        {
            "name": "GardenPlotPlacing",
            "pos": [
                11830.6611328125,
                140.0,
                12434.427734375
            ],
            "ypr": [
                23.0,
                0.0,
                0.0
            ]
        },
        {
            "name": "GardenPlotPlacing",
            "pos": [
                11827.9716796875,
                140.0,
                12435.5234375
            ],
            "ypr": [
                23.0,
                0.0,
                0.0
            ]
        },
        {
            "name": "GardenPlotPlacing",
            "pos": [
                11826.0791015625,
                140.0,
                12439.208984375
            ],
            "ypr": [
                23.0,
                0.0,
                0.0
            ]
        },
        {
            "name": "GardenPlotPlacing",
            "pos": [
                11823.3896484375,
                140.0,
                12440.3046875
            ],
            "ypr": [
                23.0,
                0.0,
                0.0
            ]
        },
        {
            "name": "GardenPlotPlacing",
            "pos": [
                11825.1826171875,
                140.0,
                12436.71875
            ],
            "ypr": [
                23.0,
                0.0,
                0.0
            ]
        },
        {
            "name": "GardenPlotPlacing",
            "pos": [
                11822.4931640625,
                140.0,
                12437.814453125
            ],
            "ypr": [
                23.0,
                0.0,
                0.0
            ]
        },
        {
            "name": "GardenPlotPlacing",
            "pos": [
                11829.4658203125,
                140.0,
                12431.5390625
            ],
            "ypr": [
                23.0,
                0.0,
                0.0
            ]
        },
        {
            "name": "GardenPlotPlacing",
            "pos": [
                11826.7763671875,
                140.0,
                12432.634765625
            ],
            "ypr": [
                23.0,
                0.0,
                0.0
            ]
        },
        {
            "name": "GardenPlotPlacing",
            "pos": [
                11828.5693359375,
                140.0,
                12429.048828125
            ],
            "ypr": [
                23.0,
                0.0,
                0.0
            ]
        },
        {
            "name": "GardenPlotPlacing",
            "pos": [
                11825.8798828125,
                140.0,
                12430.14453125
            ],
            "ypr": [
                23.0,
                0.0,
                0.0
            ]
        },
        {
            "name": "GardenPlotPlacing",
            "pos": [
                11823.9873046875,
                140.0,
                12433.830078125
            ],
            "ypr": [
                23.0,
                0.0,
                0.0
            ]
        },
        {
            "name": "GardenPlotPlacing",
            "pos": [
                11821.2978515625,
                140.0,
                12434.92578125
            ],
            "ypr": [
                23.0,
                0.0,
                0.0
            ]
        },
        {
            "name": "GardenPlotPlacing",
            "pos": [
                11823.0908203125,
                140.0,
                12431.33984375
            ],
            "ypr": [
                23.0,
                0.0,
                0.0
            ]
        },
        {
            "name": "GardenPlotPlacing",
            "pos": [
                11820.4013671875,
                140.0,
                12432.435546875
            ],
            "ypr": [
                23.0,
                0.0,
                0.0
            ]
        }
    ]
}