{
    "Objects": [
        {
            "name": "Land_City_Stand_News2",
            "pos": [
                3627.080078125,
                312.5,
                8985.3603515625
            ],
            "ypr": [
                -53.999996185302737,
                0.0,
                0.0
            ]
        },
        {
            "name": "Rice",
            "pos": [
                3628.8876953125,
                312.195556640625,
                8985.8525390625
            ],
            "ypr": [
                -114.85916137695313,
                -1.6330825090408326,
                -1.3467340469360352
            ]
        },
        {
            "name": "Canteen",
            "pos": [
                3629.0869140625,
                312.2417907714844,
                8985.9580078125
            ],
            "ypr": [
                0.0,
                1.6033110618591309,
                -0.6110230088233948
            ]
        },
        {
            "name": "HighCapacityVest_Black",
            "pos": [
                3629.239990234375,
                312.5989990234375,
                8986.1279296875
            ],
            "ypr": [
                -45.0,
                0.0,
                -89.99998474121094
            ]
        },
        {
            "name": "BDUPants",
            "pos": [
                3630.2236328125,
                312.2307434082031,
                8984.9208984375
            ],
            "ypr": [
                0.0,
                -0.076467365026474,
                -0.3054064214229584
            ]
        },
        {
            "name": "BDUJacket",
            "pos": [
                3629.745849609375,
                312.2333068847656,
                8984.6640625
            ],
            "ypr": [
                0.0,
                0.0,
                -0.611262321472168
            ]
        },
        {
            "name": "MilitaryBoots_Black",
            "pos": [
                3629.6201171875,
                311.79998779296877,
                8983.509765625
            ],
            "ypr": [
                0.0,
                0.0,
                -0.6112619638442993
            ]
        },
        {
            "name": "MilitaryBelt",
            "pos": [
                3628.93701171875,
                312.2595520019531,
                8983.2373046875
            ],
            "ypr": [
                0.0,
                0.0,
                -0.611262321472168
            ]
        },
        {
            "name": "MilitaryBeret_ChDKZ",
            "pos": [
                3628.420166015625,
                312.3529968261719,
                8983.05078125
            ],
            "ypr": [
                -180.0,
                90.0,
                -180.0
            ]
        },
        {
            "name": "TacticalGloves_Black",
            "pos": [
                3628.66650390625,
                312.2300720214844,
                8982.9443359375
            ],
            "ypr": [
                0.0,
                0.0,
                -0.611262321472168
            ]
        },
        {
            "name": "PP19",
            "pos": [
                3627.330078125,
                312.2869873046875,
                8982.759765625
            ],
            "ypr": [
                35.0,
                0.0,
                -0.6112619638442993
            ]
        },
        {
            "name": "Mag_PP19_64Rnd",
            "pos": [
                3627.513427734375,
                312.0482177734375,
                8982.626953125
            ],
            "ypr": [
                0.0,
                0.0,
                -0.611262321472168
            ]
        },
        {
            "name": "PP19_Bttstck",
            "pos": [
                3627.518310546875,
                312.0471496582031,
                8982.875
            ],
            "ypr": [
                0.0,
                0.0,
                -0.6112623810768127
            ]
        },
        {
            "name": "PistolSuppressor",
            "pos": [
                3627.34521484375,
                312.01318359375,
                8982.8935546875
            ],
            "ypr": [
                124.99995422363281,
                0.500694751739502,
                0.35060083866119387
            ]
        },
        {
            "name": "KobraOptic",
            "pos": [
                3627.156494140625,
                311.968505859375,
                8982.890625
            ],
            "ypr": [
                0.0,
                0.0,
                -0.6112623810768127
            ]
        },
        {
            "name": "CombatKnife",
            "pos": [
                3627.046875,
                311.9449462890625,
                8983.0966796875
            ],
            "ypr": [
                124.99988555908203,
                0.5006951093673706,
                0.35060030221939089
            ]
        },
		
        {
            "name": "Rice",
            "pos": [
                3628.8876953125,
                312.195556640625,
                8985.8525390625
            ],
            "ypr": [
                -114.85916137695313,
                -1.6330825090408326,
                -1.3467340469360352
            ]
        },
        {
            "name": "Canteen",
            "pos": [
                3629.0869140625,
                312.2417907714844,
                8985.9580078125
            ],
            "ypr": [
                0.0,
                1.6033110618591309,
                -0.6110230088233948
            ]
        },
        {
            "name": "HighCapacityVest_Black",
            "pos": [
                3629.239990234375,
                312.5989990234375,
                8986.1279296875
            ],
            "ypr": [
                -45.0,
                0.0,
                -89.99998474121094
            ]
        },
        {
            "name": "BDUPants",
            "pos": [
                3630.2236328125,
                312.2307434082031,
                8984.9208984375
            ],
            "ypr": [
                0.0,
                -0.076467365026474,
                -0.3054064214229584
            ]
        },
        {
            "name": "BDUJacket",
            "pos": [
                3629.745849609375,
                312.2333068847656,
                8984.6640625
            ],
            "ypr": [
                0.0,
                0.0,
                -0.611262321472168
            ]
        },
        {
            "name": "MilitaryBoots_Black",
            "pos": [
                3629.6201171875,
                311.79998779296877,
                8983.509765625
            ],
            "ypr": [
                0.0,
                0.0,
                -0.6112619638442993
            ]
        },
        {
            "name": "MilitaryBelt",
            "pos": [
                3628.93701171875,
                312.2595520019531,
                8983.2373046875
            ],
            "ypr": [
                0.0,
                0.0,
                -0.611262321472168
            ]
        },
        {
            "name": "MilitaryBeret_ChDKZ",
            "pos": [
                3628.420166015625,
                312.3529968261719,
                8983.05078125
            ],
            "ypr": [
                -180.0,
                90.0,
                -180.0
            ]
        },
        {
            "name": "TacticalGloves_Black",
            "pos": [
                3628.66650390625,
                312.2300720214844,
                8982.9443359375
            ],
            "ypr": [
                0.0,
                0.0,
                -0.611262321472168
            ]
        },
        {
            "name": "PP19",
            "pos": [
                3627.330078125,
                312.2869873046875,
                8982.759765625
            ],
            "ypr": [
                35.0,
                0.0,
                -0.6112619638442993
            ]
        },
        {
            "name": "Mag_PP19_64Rnd",
            "pos": [
                3627.513427734375,
                312.0482177734375,
                8982.626953125
            ],
            "ypr": [
                0.0,
                0.0,
                -0.611262321472168
            ]
        },
        {
            "name": "PP19_Bttstck",
            "pos": [
                3627.518310546875,
                312.0471496582031,
                8982.875
            ],
            "ypr": [
                0.0,
                0.0,
                -0.6112623810768127
            ]
        },
        {
            "name": "PistolSuppressor",
            "pos": [
                3627.34521484375,
                312.01318359375,
                8982.8935546875
            ],
            "ypr": [
                124.99995422363281,
                0.500694751739502,
                0.35060083866119387
            ]
        },
        {
            "name": "KobraOptic",
            "pos": [
                3627.156494140625,
                311.968505859375,
                8982.890625
            ],
            "ypr": [
                0.0,
                0.0,
                -0.6112623810768127
            ]
        },
        {
            "name": "CombatKnife",
            "pos": [
                3627.046875,
                311.9449462890625,
                8983.0966796875
            ],
            "ypr": [
                124.99988555908203,
                0.5006951093673706,
                0.35060030221939089
            ]
        },
        {
            "name": "Rice",
            "pos": [
                3628.8876953125,
                312.195556640625,
                8985.8525390625
            ],
            "ypr": [
                -114.85916137695313,
                -1.6330825090408326,
                -1.3467340469360352
            ]
        },
        {
            "name": "Canteen",
            "pos": [
                3629.0869140625,
                312.2417907714844,
                8985.9580078125
            ],
            "ypr": [
                0.0,
                1.6033110618591309,
                -0.6110230088233948
            ]
        },
        {
            "name": "HighCapacityVest_Black",
            "pos": [
                3629.239990234375,
                312.5989990234375,
                8986.1279296875
            ],
            "ypr": [
                -45.0,
                0.0,
                -89.99998474121094
            ]
        },
        {
            "name": "BDUPants",
            "pos": [
                3630.2236328125,
                312.2307434082031,
                8984.9208984375
            ],
            "ypr": [
                0.0,
                -0.076467365026474,
                -0.3054064214229584
            ]
        },
        {
            "name": "BDUJacket",
            "pos": [
                3629.745849609375,
                312.2333068847656,
                8984.6640625
            ],
            "ypr": [
                0.0,
                0.0,
                -0.611262321472168
            ]
        },
        {
            "name": "MilitaryBoots_Black",
            "pos": [
                3629.6201171875,
                311.79998779296877,
                8983.509765625
            ],
            "ypr": [
                0.0,
                0.0,
                -0.6112619638442993
            ]
        },
        {
            "name": "MilitaryBelt",
            "pos": [
                3628.93701171875,
                312.2595520019531,
                8983.2373046875
            ],
            "ypr": [
                0.0,
                0.0,
                -0.611262321472168
            ]
        },
        {
            "name": "MilitaryBeret_ChDKZ",
            "pos": [
                3628.420166015625,
                312.3529968261719,
                8983.05078125
            ],
            "ypr": [
                -180.0,
                90.0,
                -180.0
            ]
        },
        {
            "name": "TacticalGloves_Black",
            "pos": [
                3628.66650390625,
                312.2300720214844,
                8982.9443359375
            ],
            "ypr": [
                0.0,
                0.0,
                -0.611262321472168
            ]
        },
        {
            "name": "PP19",
            "pos": [
                3627.330078125,
                312.2869873046875,
                8982.759765625
            ],
            "ypr": [
                35.0,
                0.0,
                -0.6112619638442993
            ]
        },
        {
            "name": "Mag_PP19_64Rnd",
            "pos": [
                3627.513427734375,
                312.0482177734375,
                8982.626953125
            ],
            "ypr": [
                0.0,
                0.0,
                -0.611262321472168
            ]
        },
        {
            "name": "PP19_Bttstck",
            "pos": [
                3627.518310546875,
                312.0471496582031,
                8982.875
            ],
            "ypr": [
                0.0,
                0.0,
                -0.6112623810768127
            ]
        },
        {
            "name": "PistolSuppressor",
            "pos": [
                3627.34521484375,
                312.01318359375,
                8982.8935546875
            ],
            "ypr": [
                124.99995422363281,
                0.500694751739502,
                0.35060083866119387
            ]
        },
        {
            "name": "KobraOptic",
            "pos": [
                3627.156494140625,
                311.968505859375,
                8982.890625
            ],
            "ypr": [
                0.0,
                0.0,
                -0.6112623810768127
            ]
        },
        {
            "name": "CombatKnife",
            "pos": [
                3627.046875,
                311.9449462890625,
                8983.0966796875
            ],
            "ypr": [
                124.99988555908203,
                0.5006951093673706,
                0.35060030221939089
            ]
        },
        {
            "name": "Rice",
            "pos": [
                3628.8876953125,
                312.195556640625,
                8985.8525390625
            ],
            "ypr": [
                -114.85916137695313,
                -1.6330825090408326,
                -1.3467340469360352
            ]
        },
        {
            "name": "Canteen",
            "pos": [
                3629.0869140625,
                312.2417907714844,
                8985.9580078125
            ],
            "ypr": [
                0.0,
                1.6033110618591309,
                -0.6110230088233948
            ]
        },
        {
            "name": "HighCapacityVest_Black",
            "pos": [
                3629.239990234375,
                312.5989990234375,
                8986.1279296875
            ],
            "ypr": [
                -45.0,
                0.0,
                -89.99998474121094
            ]
        },
        {
            "name": "BDUPants",
            "pos": [
                3630.2236328125,
                312.2307434082031,
                8984.9208984375
            ],
            "ypr": [
                0.0,
                -0.076467365026474,
                -0.3054064214229584
            ]
        },
        {
            "name": "BDUJacket",
            "pos": [
                3629.745849609375,
                312.2333068847656,
                8984.6640625
            ],
            "ypr": [
                0.0,
                0.0,
                -0.611262321472168
            ]
        },
        {
            "name": "MilitaryBoots_Black",
            "pos": [
                3629.6201171875,
                311.79998779296877,
                8983.509765625
            ],
            "ypr": [
                0.0,
                0.0,
                -0.6112619638442993
            ]
        },
        {
            "name": "MilitaryBelt",
            "pos": [
                3628.93701171875,
                312.2595520019531,
                8983.2373046875
            ],
            "ypr": [
                0.0,
                0.0,
                -0.611262321472168
            ]
        },
        {
            "name": "MilitaryBeret_ChDKZ",
            "pos": [
                3628.420166015625,
                312.3529968261719,
                8983.05078125
            ],
            "ypr": [
                -180.0,
                90.0,
                -180.0
            ]
        },
        {
            "name": "TacticalGloves_Black",
            "pos": [
                3628.66650390625,
                312.2300720214844,
                8982.9443359375
            ],
            "ypr": [
                0.0,
                0.0,
                -0.611262321472168
            ]
        },
        {
            "name": "PP19",
            "pos": [
                3627.330078125,
                312.2869873046875,
                8982.759765625
            ],
            "ypr": [
                35.0,
                0.0,
                -0.6112619638442993
            ]
        },
        {
            "name": "Mag_PP19_64Rnd",
            "pos": [
                3627.513427734375,
                312.0482177734375,
                8982.626953125
            ],
            "ypr": [
                0.0,
                0.0,
                -0.611262321472168
            ]
        },
        {
            "name": "PP19_Bttstck",
            "pos": [
                3627.518310546875,
                312.0471496582031,
                8982.875
            ],
            "ypr": [
                0.0,
                0.0,
                -0.6112623810768127
            ]
        },
        {
            "name": "PistolSuppressor",
            "pos": [
                3627.34521484375,
                312.01318359375,
                8982.8935546875
            ],
            "ypr": [
                124.99995422363281,
                0.500694751739502,
                0.35060083866119387
            ]
        },
        {
            "name": "KobraOptic",
            "pos": [
                3627.156494140625,
                311.968505859375,
                8982.890625
            ],
            "ypr": [
                0.0,
                0.0,
                -0.6112623810768127
            ]
        },
        {
            "name": "CombatKnife",
            "pos": [
                3627.046875,
                311.9449462890625,
                8983.0966796875
            ],
            "ypr": [
                124.99988555908203,
                0.5006951093673706,
                0.35060030221939089
            ]
        },
        {
            "name": "Rice",
            "pos": [
                3628.8876953125,
                312.195556640625,
                8985.8525390625
            ],
            "ypr": [
                -114.85916137695313,
                -1.6330825090408326,
                -1.3467340469360352
            ]
        },
        {
            "name": "Canteen",
            "pos": [
                3629.0869140625,
                312.2417907714844,
                8985.9580078125
            ],
            "ypr": [
                0.0,
                1.6033110618591309,
                -0.6110230088233948
            ]
        },
        {
            "name": "HighCapacityVest_Black",
            "pos": [
                3629.239990234375,
                312.5989990234375,
                8986.1279296875
            ],
            "ypr": [
                -45.0,
                0.0,
                -89.99998474121094
            ]
        },
        {
            "name": "BDUPants",
            "pos": [
                3630.2236328125,
                312.2307434082031,
                8984.9208984375
            ],
            "ypr": [
                0.0,
                -0.076467365026474,
                -0.3054064214229584
            ]
        },
        {
            "name": "BDUJacket",
            "pos": [
                3629.745849609375,
                312.2333068847656,
                8984.6640625
            ],
            "ypr": [
                0.0,
                0.0,
                -0.611262321472168
            ]
        },
        {
            "name": "MilitaryBoots_Black",
            "pos": [
                3629.6201171875,
                311.79998779296877,
                8983.509765625
            ],
            "ypr": [
                0.0,
                0.0,
                -0.6112619638442993
            ]
        },
        {
            "name": "MilitaryBelt",
            "pos": [
                3628.93701171875,
                312.2595520019531,
                8983.2373046875
            ],
            "ypr": [
                0.0,
                0.0,
                -0.611262321472168
            ]
        },
        {
            "name": "MilitaryBeret_ChDKZ",
            "pos": [
                3628.420166015625,
                312.3529968261719,
                8983.05078125
            ],
            "ypr": [
                -180.0,
                90.0,
                -180.0
            ]
        },
        {
            "name": "TacticalGloves_Black",
            "pos": [
                3628.66650390625,
                312.2300720214844,
                8982.9443359375
            ],
            "ypr": [
                0.0,
                0.0,
                -0.611262321472168
            ]
        },
        {
            "name": "PP19",
            "pos": [
                3627.330078125,
                312.2869873046875,
                8982.759765625
            ],
            "ypr": [
                35.0,
                0.0,
                -0.6112619638442993
            ]
        },
        {
            "name": "Mag_PP19_64Rnd",
            "pos": [
                3627.513427734375,
                312.0482177734375,
                8982.626953125
            ],
            "ypr": [
                0.0,
                0.0,
                -0.611262321472168
            ]
        },
        {
            "name": "PP19_Bttstck",
            "pos": [
                3627.518310546875,
                312.0471496582031,
                8982.875
            ],
            "ypr": [
                0.0,
                0.0,
                -0.6112623810768127
            ]
        },
        {
            "name": "PistolSuppressor",
            "pos": [
                3627.34521484375,
                312.01318359375,
                8982.8935546875
            ],
            "ypr": [
                124.99995422363281,
                0.500694751739502,
                0.35060083866119387
            ]
        },
        {
            "name": "KobraOptic",
            "pos": [
                3627.156494140625,
                311.968505859375,
                8982.890625
            ],
            "ypr": [
                0.0,
                0.0,
                -0.6112623810768127
            ]
        },
        {
            "name": "CombatKnife",
            "pos": [
                3627.046875,
                311.9449462890625,
                8983.0966796875
            ],
            "ypr": [
                124.99988555908203,
                0.5006951093673706,
                0.35060030221939089
            ]
        },		
		
		
        {
            "name": "WoodenPlank",
            "pos": [
                3627.265625,
                311.86712646484377,
                8982.8681640625
            ],
            "ypr": [
                34.999855041503909,
                0.35059335827827456,
                -0.5007145404815674
            ]
        }
    ]
}