{
    "Objects": [
        {
            "name": "Land_City_Stand_News2",
            "pos": [
                11836.228515625,
                141.39569091796876,
                12445.482421875
            ],
            "ypr": [
                -67.0848617553711,
                0.0,
                0.0
            ]
        },
        {
            "name": "Rice",
            "pos": [
                11837.8779296875,
                141.09124755859376,
                12446.3701171875
            ],
            "ypr": [
                -127.94380950927735,
                -1.6330825090408326,
                -1.346733570098877
            ]
        },
        {
            "name": "TetracyclineAntibiotics",
            "pos": [
                11837.8779296875,
                141.09124755859376,
                12446.3701171875
            ],
            "ypr": [
                -127.94380950927735,
                -1.6330825090408326,
                -1.346733570098877
            ]
        },        
        {
            "name": "Canteen",
            "pos": [
                11838.0517578125,
                141.13748168945313,
                12446.5185546875
            ],
            "ypr": [
                -13.084938049316407,
                1.603310465812683,
                -0.6110230088233948
            ]
        },
        {
            "name": "HighCapacityVest_Black",
            "pos": [
                11838.1572265625,
                141.49468994140626,
                12446.71875
            ],
            "ypr": [
                -58.08488845825195,
                0.0,
                -89.99998474121094
            ]
        },
        {
            "name": "BDUPants",
            "pos": [
                11839.392578125,
                141.12643432617188,
                12445.7666015625
            ],
            "ypr": [
                -13.084980010986329,
                -0.07646733522415161,
                -0.3054063022136688
            ]
        },
        {
            "name": "BDUJacket",
            "pos": [
                11838.984375,
                141.12899780273438,
                12445.4091796875
            ],
            "ypr": [
                -13.084938049316407,
                0.0,
                -0.611262321472168
            ]
        },
        {
            "name": "MilitaryBoots_Black",
            "pos": [
                11839.119140625,
                140.6956787109375,
                12444.2568359375
            ],
            "ypr": [
                -13.084938049316407,
                0.0,
                -0.6112619042396545
            ]
        },
        {
            "name": "MilitaryBelt",
            "pos": [
                11838.5185546875,
                141.15524291992188,
                12443.8359375
            ],
            "ypr": [
                -13.084938049316407,
                0.0,
                -0.611262321472168
            ]
        },
        {
            "name": "MilitaryBeret_ChDKZ",
            "pos": [
                11838.056640625,
                141.24868774414063,
                12443.53515625
            ],
            "ypr": [
                -13.08521556854248,
                90.0,
                -0.00010427406232338399
            ]
        },
        {
            "name": "TacticalGloves_Black",
            "pos": [
                11838.3203125,
                141.12576293945313,
                12443.4853515625
            ],
            "ypr": [
                -13.084938049316407,
                0.0,
                -0.611262321472168
            ]
        },
        {
            "name": "PP19",
            "pos": [
                11837.060546875,
                141.18267822265626,
                12443.00390625
            ],
            "ypr": [
                21.91493797302246,
                0.0,
                -0.6112619042396545
            ]
        },
        {
            "name": "Mag_PP19_64Rnd",
            "pos": [
                11837.2705078125,
                140.94390869140626,
                12442.9208984375
            ],
            "ypr": [
                -13.084938049316407,
                0.0,
                -0.611262321472168
            ]
        },
        {
            "name": "PP19_Bttstck",
            "pos": [
                11837.21484375,
                140.94284057617188,
                12443.1591796875
            ],
            "ypr": [
                -13.084938049316407,
                0.0,
                -0.6112623810768127
            ]
        },
        {
            "name": "PistolSuppressor",
            "pos": [
                11837.04296875,
                140.90887451171876,
                12443.13671875
            ],
            "ypr": [
                111.91483306884766,
                0.500694751739502,
                0.35060083866119387
            ]
        },
        {
            "name": "KobraOptic",
            "pos": [
                11836.8642578125,
                140.86419677734376,
                12443.09375
            ],
            "ypr": [
                -13.084938049316407,
                0.0,
                -0.6112623810768127
            ]
        },
        {
            "name": "CombatKnife",
            "pos": [
                11836.7109375,
                140.84063720703126,
                12443.2734375
            ],
            "ypr": [
                111.91477966308594,
                0.5006951093673706,
                0.35060030221939089
            ]
        },
        {
            "name": "Rice",
            "pos": [
                11837.8779296875,
                141.09124755859376,
                12446.3701171875
            ],
            "ypr": [
                -127.94380950927735,
                -1.6330825090408326,
                -1.346733570098877
            ]
        },
        {
            "name": "TetracyclineAntibiotics",
            "pos": [
                11837.8779296875,
                141.09124755859376,
                12446.3701171875
            ],
            "ypr": [
                -127.94380950927735,
                -1.6330825090408326,
                -1.346733570098877
            ]
        },        
        {
            "name": "Canteen",
            "pos": [
                11838.0517578125,
                141.13748168945313,
                12446.5185546875
            ],
            "ypr": [
                -13.084938049316407,
                1.603310465812683,
                -0.6110230088233948
            ]
        },
        {
            "name": "HighCapacityVest_Black",
            "pos": [
                11838.1572265625,
                141.49468994140626,
                12446.71875
            ],
            "ypr": [
                -58.08488845825195,
                0.0,
                -89.99998474121094
            ]
        },
        {
            "name": "BDUPants",
            "pos": [
                11839.392578125,
                141.12643432617188,
                12445.7666015625
            ],
            "ypr": [
                -13.084980010986329,
                -0.07646733522415161,
                -0.3054063022136688
            ]
        },
        {
            "name": "BDUJacket",
            "pos": [
                11838.984375,
                141.12899780273438,
                12445.4091796875
            ],
            "ypr": [
                -13.084938049316407,
                0.0,
                -0.611262321472168
            ]
        },
        {
            "name": "MilitaryBoots_Black",
            "pos": [
                11839.119140625,
                140.6956787109375,
                12444.2568359375
            ],
            "ypr": [
                -13.084938049316407,
                0.0,
                -0.6112619042396545
            ]
        },
        {
            "name": "MilitaryBelt",
            "pos": [
                11838.5185546875,
                141.15524291992188,
                12443.8359375
            ],
            "ypr": [
                -13.084938049316407,
                0.0,
                -0.611262321472168
            ]
        },
        {
            "name": "MilitaryBeret_ChDKZ",
            "pos": [
                11838.056640625,
                141.24868774414063,
                12443.53515625
            ],
            "ypr": [
                -13.08521556854248,
                90.0,
                -0.00010427406232338399
            ]
        },
        {
            "name": "TacticalGloves_Black",
            "pos": [
                11838.3203125,
                141.12576293945313,
                12443.4853515625
            ],
            "ypr": [
                -13.084938049316407,
                0.0,
                -0.611262321472168
            ]
        },
        {
            "name": "PP19",
            "pos": [
                11837.060546875,
                141.18267822265626,
                12443.00390625
            ],
            "ypr": [
                21.91493797302246,
                0.0,
                -0.6112619042396545
            ]
        },
        {
            "name": "Mag_PP19_64Rnd",
            "pos": [
                11837.2705078125,
                140.94390869140626,
                12442.9208984375
            ],
            "ypr": [
                -13.084938049316407,
                0.0,
                -0.611262321472168
            ]
        },
        {
            "name": "PP19_Bttstck",
            "pos": [
                11837.21484375,
                140.94284057617188,
                12443.1591796875
            ],
            "ypr": [
                -13.084938049316407,
                0.0,
                -0.6112623810768127
            ]
        },
        {
            "name": "PistolSuppressor",
            "pos": [
                11837.04296875,
                140.90887451171876,
                12443.13671875
            ],
            "ypr": [
                111.91483306884766,
                0.500694751739502,
                0.35060083866119387
            ]
        },
        {
            "name": "KobraOptic",
            "pos": [
                11836.8642578125,
                140.86419677734376,
                12443.09375
            ],
            "ypr": [
                -13.084938049316407,
                0.0,
                -0.6112623810768127
            ]
        },
        {
            "name": "CombatKnife",
            "pos": [
                11836.7109375,
                140.84063720703126,
                12443.2734375
            ],
            "ypr": [
                111.91477966308594,
                0.5006951093673706,
                0.35060030221939089
            ]
        },
        {
            "name": "Rice",
            "pos": [
                11837.8779296875,
                141.09124755859376,
                12446.3701171875
            ],
            "ypr": [
                -127.94380950927735,
                -1.6330825090408326,
                -1.346733570098877
            ]
        },
        {
            "name": "TetracyclineAntibiotics",
            "pos": [
                11837.8779296875,
                141.09124755859376,
                12446.3701171875
            ],
            "ypr": [
                -127.94380950927735,
                -1.6330825090408326,
                -1.346733570098877
            ]
        },        
        {
            "name": "Canteen",
            "pos": [
                11838.0517578125,
                141.13748168945313,
                12446.5185546875
            ],
            "ypr": [
                -13.084938049316407,
                1.603310465812683,
                -0.6110230088233948
            ]
        },
        {
            "name": "HighCapacityVest_Black",
            "pos": [
                11838.1572265625,
                141.49468994140626,
                12446.71875
            ],
            "ypr": [
                -58.08488845825195,
                0.0,
                -89.99998474121094
            ]
        },
        {
            "name": "BDUPants",
            "pos": [
                11839.392578125,
                141.12643432617188,
                12445.7666015625
            ],
            "ypr": [
                -13.084980010986329,
                -0.07646733522415161,
                -0.3054063022136688
            ]
        },
        {
            "name": "BDUJacket",
            "pos": [
                11838.984375,
                141.12899780273438,
                12445.4091796875
            ],
            "ypr": [
                -13.084938049316407,
                0.0,
                -0.611262321472168
            ]
        },
        {
            "name": "MilitaryBoots_Black",
            "pos": [
                11839.119140625,
                140.6956787109375,
                12444.2568359375
            ],
            "ypr": [
                -13.084938049316407,
                0.0,
                -0.6112619042396545
            ]
        },
        {
            "name": "MilitaryBelt",
            "pos": [
                11838.5185546875,
                141.15524291992188,
                12443.8359375
            ],
            "ypr": [
                -13.084938049316407,
                0.0,
                -0.611262321472168
            ]
        },
        {
            "name": "MilitaryBeret_ChDKZ",
            "pos": [
                11838.056640625,
                141.24868774414063,
                12443.53515625
            ],
            "ypr": [
                -13.08521556854248,
                90.0,
                -0.00010427406232338399
            ]
        },
        {
            "name": "TacticalGloves_Black",
            "pos": [
                11838.3203125,
                141.12576293945313,
                12443.4853515625
            ],
            "ypr": [
                -13.084938049316407,
                0.0,
                -0.611262321472168
            ]
        },
        {
            "name": "PP19",
            "pos": [
                11837.060546875,
                141.18267822265626,
                12443.00390625
            ],
            "ypr": [
                21.91493797302246,
                0.0,
                -0.6112619042396545
            ]
        },
        {
            "name": "Mag_PP19_64Rnd",
            "pos": [
                11837.2705078125,
                140.94390869140626,
                12442.9208984375
            ],
            "ypr": [
                -13.084938049316407,
                0.0,
                -0.611262321472168
            ]
        },
        {
            "name": "PP19_Bttstck",
            "pos": [
                11837.21484375,
                140.94284057617188,
                12443.1591796875
            ],
            "ypr": [
                -13.084938049316407,
                0.0,
                -0.6112623810768127
            ]
        },
        {
            "name": "PistolSuppressor",
            "pos": [
                11837.04296875,
                140.90887451171876,
                12443.13671875
            ],
            "ypr": [
                111.91483306884766,
                0.500694751739502,
                0.35060083866119387
            ]
        },
        {
            "name": "KobraOptic",
            "pos": [
                11836.8642578125,
                140.86419677734376,
                12443.09375
            ],
            "ypr": [
                -13.084938049316407,
                0.0,
                -0.6112623810768127
            ]
        },
        {
            "name": "CombatKnife",
            "pos": [
                11836.7109375,
                140.84063720703126,
                12443.2734375
            ],
            "ypr": [
                111.91477966308594,
                0.5006951093673706,
                0.35060030221939089
            ]
        },
        {
            "name": "Rice",
            "pos": [
                11837.8779296875,
                141.09124755859376,
                12446.3701171875
            ],
            "ypr": [
                -127.94380950927735,
                -1.6330825090408326,
                -1.346733570098877
            ]
        },
        {
            "name": "TetracyclineAntibiotics",
            "pos": [
                11837.8779296875,
                141.09124755859376,
                12446.3701171875
            ],
            "ypr": [
                -127.94380950927735,
                -1.6330825090408326,
                -1.346733570098877
            ]
        },        
        {
            "name": "Canteen",
            "pos": [
                11838.0517578125,
                141.13748168945313,
                12446.5185546875
            ],
            "ypr": [
                -13.084938049316407,
                1.603310465812683,
                -0.6110230088233948
            ]
        },
        {
            "name": "HighCapacityVest_Black",
            "pos": [
                11838.1572265625,
                141.49468994140626,
                12446.71875
            ],
            "ypr": [
                -58.08488845825195,
                0.0,
                -89.99998474121094
            ]
        },
        {
            "name": "BDUPants",
            "pos": [
                11839.392578125,
                141.12643432617188,
                12445.7666015625
            ],
            "ypr": [
                -13.084980010986329,
                -0.07646733522415161,
                -0.3054063022136688
            ]
        },
        {
            "name": "BDUJacket",
            "pos": [
                11838.984375,
                141.12899780273438,
                12445.4091796875
            ],
            "ypr": [
                -13.084938049316407,
                0.0,
                -0.611262321472168
            ]
        },
        {
            "name": "MilitaryBoots_Black",
            "pos": [
                11839.119140625,
                140.6956787109375,
                12444.2568359375
            ],
            "ypr": [
                -13.084938049316407,
                0.0,
                -0.6112619042396545
            ]
        },
        {
            "name": "MilitaryBelt",
            "pos": [
                11838.5185546875,
                141.15524291992188,
                12443.8359375
            ],
            "ypr": [
                -13.084938049316407,
                0.0,
                -0.611262321472168
            ]
        },
        {
            "name": "MilitaryBeret_ChDKZ",
            "pos": [
                11838.056640625,
                141.24868774414063,
                12443.53515625
            ],
            "ypr": [
                -13.08521556854248,
                90.0,
                -0.00010427406232338399
            ]
        },
        {
            "name": "TacticalGloves_Black",
            "pos": [
                11838.3203125,
                141.12576293945313,
                12443.4853515625
            ],
            "ypr": [
                -13.084938049316407,
                0.0,
                -0.611262321472168
            ]
        },
        {
            "name": "PP19",
            "pos": [
                11837.060546875,
                141.18267822265626,
                12443.00390625
            ],
            "ypr": [
                21.91493797302246,
                0.0,
                -0.6112619042396545
            ]
        },
        {
            "name": "Mag_PP19_64Rnd",
            "pos": [
                11837.2705078125,
                140.94390869140626,
                12442.9208984375
            ],
            "ypr": [
                -13.084938049316407,
                0.0,
                -0.611262321472168
            ]
        },
        {
            "name": "PP19_Bttstck",
            "pos": [
                11837.21484375,
                140.94284057617188,
                12443.1591796875
            ],
            "ypr": [
                -13.084938049316407,
                0.0,
                -0.6112623810768127
            ]
        },
        {
            "name": "PistolSuppressor",
            "pos": [
                11837.04296875,
                140.90887451171876,
                12443.13671875
            ],
            "ypr": [
                111.91483306884766,
                0.500694751739502,
                0.35060083866119387
            ]
        },
        {
            "name": "KobraOptic",
            "pos": [
                11836.8642578125,
                140.86419677734376,
                12443.09375
            ],
            "ypr": [
                -13.084938049316407,
                0.0,
                -0.6112623810768127
            ]
        },
        {
            "name": "CombatKnife",
            "pos": [
                11836.7109375,
                140.84063720703126,
                12443.2734375
            ],
            "ypr": [
                111.91477966308594,
                0.5006951093673706,
                0.35060030221939089
            ]
        },
        {
            "name": "Rice",
            "pos": [
                11837.8779296875,
                141.09124755859376,
                12446.3701171875
            ],
            "ypr": [
                -127.94380950927735,
                -1.6330825090408326,
                -1.346733570098877
            ]
        },
        {
            "name": "TetracyclineAntibiotics",
            "pos": [
                11837.8779296875,
                141.09124755859376,
                12446.3701171875
            ],
            "ypr": [
                -127.94380950927735,
                -1.6330825090408326,
                -1.346733570098877
            ]
        },        
        {
            "name": "Canteen",
            "pos": [
                11838.0517578125,
                141.13748168945313,
                12446.5185546875
            ],
            "ypr": [
                -13.084938049316407,
                1.603310465812683,
                -0.6110230088233948
            ]
        },
        {
            "name": "HighCapacityVest_Black",
            "pos": [
                11838.1572265625,
                141.49468994140626,
                12446.71875
            ],
            "ypr": [
                -58.08488845825195,
                0.0,
                -89.99998474121094
            ]
        },
        {
            "name": "BDUPants",
            "pos": [
                11839.392578125,
                141.12643432617188,
                12445.7666015625
            ],
            "ypr": [
                -13.084980010986329,
                -0.07646733522415161,
                -0.3054063022136688
            ]
        },
        {
            "name": "BDUJacket",
            "pos": [
                11838.984375,
                141.12899780273438,
                12445.4091796875
            ],
            "ypr": [
                -13.084938049316407,
                0.0,
                -0.611262321472168
            ]
        },
        {
            "name": "MilitaryBoots_Black",
            "pos": [
                11839.119140625,
                140.6956787109375,
                12444.2568359375
            ],
            "ypr": [
                -13.084938049316407,
                0.0,
                -0.6112619042396545
            ]
        },
        {
            "name": "MilitaryBelt",
            "pos": [
                11838.5185546875,
                141.15524291992188,
                12443.8359375
            ],
            "ypr": [
                -13.084938049316407,
                0.0,
                -0.611262321472168
            ]
        },
        {
            "name": "MilitaryBeret_ChDKZ",
            "pos": [
                11838.056640625,
                141.24868774414063,
                12443.53515625
            ],
            "ypr": [
                -13.08521556854248,
                90.0,
                -0.00010427406232338399
            ]
        },
        {
            "name": "TacticalGloves_Black",
            "pos": [
                11838.3203125,
                141.12576293945313,
                12443.4853515625
            ],
            "ypr": [
                -13.084938049316407,
                0.0,
                -0.611262321472168
            ]
        },
        {
            "name": "PP19",
            "pos": [
                11837.060546875,
                141.18267822265626,
                12443.00390625
            ],
            "ypr": [
                21.91493797302246,
                0.0,
                -0.6112619042396545
            ]
        },
        {
            "name": "Mag_PP19_64Rnd",
            "pos": [
                11837.2705078125,
                140.94390869140626,
                12442.9208984375
            ],
            "ypr": [
                -13.084938049316407,
                0.0,
                -0.611262321472168
            ]
        },
        {
            "name": "PP19_Bttstck",
            "pos": [
                11837.21484375,
                140.94284057617188,
                12443.1591796875
            ],
            "ypr": [
                -13.084938049316407,
                0.0,
                -0.6112623810768127
            ]
        },
        {
            "name": "PistolSuppressor",
            "pos": [
                11837.04296875,
                140.90887451171876,
                12443.13671875
            ],
            "ypr": [
                111.91483306884766,
                0.500694751739502,
                0.35060083866119387
            ]
        },
        {
            "name": "KobraOptic",
            "pos": [
                11836.8642578125,
                140.86419677734376,
                12443.09375
            ],
            "ypr": [
                -13.084938049316407,
                0.0,
                -0.6112623810768127
            ]
        },
        {
            "name": "CombatKnife",
            "pos": [
                11836.7109375,
                140.84063720703126,
                12443.2734375
            ],
            "ypr": [
                111.91477966308594,
                0.5006951093673706,
                0.35060030221939089
            ]
        },
        {
            "name": "WoodenPlank",
            "pos": [
                11836.9775390625,
                140.7628173828125,
                12443.09765625
            ],
            "ypr": [
                21.914793014526368,
                0.3505931496620178,
                -0.5007145404815674
            ]
        }
    ]
}