{
    "Objects": [
        {
            "name": "Land_Castle_Donjon",
            "pos": [
                2799.8544921875,
                133.18655395507813,
                2909.484619140625
            ],
            "ypr": [
                161.20330810546876,
                0.0,
                0.0
            ]
        },
        {
            "name": "Land_Castle_Donjon",
            "pos": [
                2812.840576171875,
                133.46295166015626,
                2913.977294921875
            ],
            "ypr": [
                161.2034454345703,
                0.0,
                0.0
            ]
        },
        {
            "name": "Land_Castle_Donjon",
            "pos": [
                2826.074462890625,
                133.3804473876953,
                2918.27734375
            ],
            "ypr": [
                161.2034454345703,
                0.0,
                0.0
            ]
        },
        {
            "name": "Land_Castle_Donjon",
            "pos": [
                2839.285888671875,
                133.1658477783203,
                2922.650146484375
            ],
            "ypr": [
                161.2034454345703,
                0.0,
                0.0
            ]
        },
        {
            "name": "Land_Castle_Donjon",
            "pos": [
                2852.32080078125,
                132.86793518066407,
                2926.9384765625
            ],
            "ypr": [
                161.2034454345703,
                0.0,
                0.0
            ]
        },
        {
            "name": "Land_Castle_Donjon",
            "pos": [
                2865.333984375,
                132.54197692871095,
                2931.224609375
            ],
            "ypr": [
                161.2034454345703,
                0.0,
                0.0
            ]
        },
        {
            "name": "Land_Castle_Donjon",
            "pos": [
                2878.0615234375,
                132.5,
                2935.065185546875
            ],
            "ypr": [
                161.20343017578126,
                0.0,
                0.0
            ]
        },
        {
            "name": "Land_Castle_Donjon",
            "pos": [
                2857.120849609375,
                132.74462890625,
                3000.886474609375
            ],
            "ypr": [
                -108.18467712402344,
                0.0,
                0.0
            ]
        },
        {
            "name": "Land_Castle_Donjon",
            "pos": [
                2861.473388671875,
                133.02102661132813,
                2987.85791015625
            ],
            "ypr": [
                -108.18453979492188,
                0.0,
                0.0
            ]
        },
        {
            "name": "Land_Castle_Donjon",
            "pos": [
                2865.6318359375,
                132.9385223388672,
                2974.57763671875
            ],
            "ypr": [
                -108.18453979492188,
                0.0,
                0.0
            ]
        },
        {
            "name": "Land_Castle_Donjon",
            "pos": [
                2869.861572265625,
                132.7239227294922,
                2961.3193359375
            ],
            "ypr": [
                -108.18453979492188,
                0.0,
                0.0
            ]
        },
        {
            "name": "Land_Castle_Donjon",
            "pos": [
                2874.01025390625,
                132.42601013183595,
                2948.237548828125
            ],
            "ypr": [
                -108.18467712402344,
                0.0,
                0.0
            ]
        },
        {
            "name": "Land_Castle_Donjon",
            "pos": [
                2774.255859375,
                133.39022827148438,
                2988.5048828125
            ],
            "ypr": [
                161.20330810546876,
                0.0,
                0.0
            ]
        },
        {
            "name": "Land_Castle_Donjon",
            "pos": [
                2787.240234375,
                133.6666259765625,
                2992.996826171875
            ],
            "ypr": [
                161.2034454345703,
                0.0,
                0.0
            ]
        },
        {
            "name": "Land_Castle_Donjon",
            "pos": [
                2800.476318359375,
                133.58412170410157,
                2997.29638671875
            ],
            "ypr": [
                161.2034454345703,
                0.0,
                0.0
            ]
        },
        {
            "name": "Land_Castle_Donjon",
            "pos": [
                2813.686767578125,
                133.36952209472657,
                3001.669189453125
            ],
            "ypr": [
                161.2034454345703,
                0.0,
                0.0
            ]
        },
        {
            "name": "Land_Castle_Donjon",
            "pos": [
                2826.722900390625,
                133.0716094970703,
                3005.9580078125
            ],
            "ypr": [
                161.2034454345703,
                0.0,
                0.0
            ]
        },
        {
            "name": "Land_Castle_Donjon",
            "pos": [
                2839.735595703125,
                132.7456512451172,
                3010.2431640625
            ],
            "ypr": [
                161.2034454345703,
                0.0,
                0.0
            ]
        },
        {
            "name": "Land_Castle_Donjon",
            "pos": [
                2852.462158203125,
                132.70367431640626,
                3014.083984375
            ],
            "ypr": [
                161.20343017578126,
                0.0,
                0.0
            ]
        },
        {
            "name": "Land_Castle_Donjon",
            "pos": [
                2791.48193359375,
                133.30795288085938,
                2935.9716796875
            ],
            "ypr": [
                -108.18453979492188,
                0.0,
                0.0
            ]
        },
        {
            "name": "Land_Castle_Donjon",
            "pos": [
                2795.6318359375,
                133.01004028320313,
                2922.8896484375
            ],
            "ypr": [
                -108.18467712402344,
                0.0,
                0.0
            ]
        },
        {
            "name": "Land_Castle_Donjon",
            "pos": [
                2778.739990234375,
                133.3286590576172,
                2975.5380859375
            ],
            "ypr": [
                -108.18467712402344,
                0.0,
                0.0
            ]
        },
        {
            "name": "Land_Castle_Donjon",
            "pos": [
                2783.09423828125,
                133.6050567626953,
                2962.50927734375
            ],
            "ypr": [
                -108.18453979492188,
                0.0,
                0.0
            ]
        },
        {
            "name": "Land_CementWorks_Hall2_Brick",
            "pos": [
                2858.815185546875,
                140.5,
                2952.63525390625
            ],
            "ypr": [
                162.799072265625,
                0.0,
                0.0
            ]
        },
        {
            "name": "Land_CementWorks_Hall2_Brick",
            "pos": [
                2837.984619140625,
                140.5,
                2946.145751953125
            ],
            "ypr": [
                162.799072265625,
                0.0,
                0.0
            ]
        },
        {
            "name": "Land_CementWorks_Hall2_Brick",
            "pos": [
                2817.31640625,
                140.5,
                2939.7470703125
            ],
            "ypr": [
                162.799072265625,
                0.0,
                0.0
            ]
        },
        {
            "name": "Land_CementWorks_Hall2_Brick",
            "pos": [
                2849.305419921875,
                140.4996337890625,
                2979.311767578125
            ],
            "ypr": [
                162.799072265625,
                0.0,
                0.0
            ]
        },
        {
            "name": "Land_CementWorks_Hall2_Brick",
            "pos": [
                2828.47265625,
                140.4996337890625,
                2972.82080078125
            ],
            "ypr": [
                162.799072265625,
                0.0,
                0.0
            ]
        },
        {
            "name": "Land_CementWorks_Hall2_Brick",
            "pos": [
                2807.80712890625,
                140.4996337890625,
                2966.422119140625
            ],
            "ypr": [
                162.799072265625,
                0.0,
                0.0
            ]
        },
        {
            "name": "Land_Castle_Gate",
            "pos": [
                2797.699951171875,
                150.75999450683595,
                2953.0
            ],
            "ypr": [
                72.00008392333985,
                0.0,
                0.0
            ]
        },
        {
            "name": "Land_Castle_Bergfrit",
            "pos": [
                2786.85009765625,
                127.69999694824219,
                2949.739990234375
            ],
            "ypr": [
                -18.0,
                0.0,
                0.0
            ]
        },
        {
            "name": "Land_Castle_Donjon",
            "pos": [
                2799.8544921875,
                160.18655395507813,
                2909.484619140625
            ],
            "ypr": [
                161.20330810546876,
                0.0,
                -179.99996948242188
            ]
        },
        {
            "name": "Land_Castle_Donjon",
            "pos": [
                2812.840576171875,
                160.46295166015626,
                2913.977294921875
            ],
            "ypr": [
                161.2034454345703,
                0.0,
                -179.99996948242188
            ]
        },
        {
            "name": "Land_Castle_Donjon",
            "pos": [
                2826.074462890625,
                160.3804473876953,
                2918.27734375
            ],
            "ypr": [
                161.2034454345703,
                0.0,
                -179.99996948242188
            ]
        },
        {
            "name": "Land_Castle_Donjon",
            "pos": [
                2839.285888671875,
                160.1658477783203,
                2922.650146484375
            ],
            "ypr": [
                161.2034454345703,
                0.0,
                -179.99996948242188
            ]
        },
        {
            "name": "Land_Castle_Donjon",
            "pos": [
                2852.32080078125,
                159.86793518066407,
                2926.9384765625
            ],
            "ypr": [
                161.2034454345703,
                0.0,
                -179.99996948242188
            ]
        },
        {
            "name": "Land_Castle_Donjon",
            "pos": [
                2865.333984375,
                159.54197692871095,
                2931.224609375
            ],
            "ypr": [
                161.2034454345703,
                0.0,
                -179.99996948242188
            ]
        },
        {
            "name": "Land_Castle_Donjon",
            "pos": [
                2878.0615234375,
                159.5,
                2935.065185546875
            ],
            "ypr": [
                161.20343017578126,
                0.0,
                -179.99996948242188
            ]
        },
        {
            "name": "Land_Castle_Donjon",
            "pos": [
                2857.120849609375,
                159.74462890625,
                3000.886474609375
            ],
            "ypr": [
                -108.18467712402344,
                0.0,
                -179.99996948242188
            ]
        },
        {
            "name": "Land_Castle_Donjon",
            "pos": [
                2861.473388671875,
                160.02102661132813,
                2987.85791015625
            ],
            "ypr": [
                -108.18453979492188,
                0.0,
                -179.99996948242188
            ]
        },
        {
            "name": "Land_Castle_Donjon",
            "pos": [
                2865.6318359375,
                159.9385223388672,
                2974.57763671875
            ],
            "ypr": [
                -108.18453979492188,
                0.0,
                -179.99996948242188
            ]
        },
        {
            "name": "Land_Castle_Donjon",
            "pos": [
                2869.861572265625,
                159.7239227294922,
                2961.3193359375
            ],
            "ypr": [
                -108.18453979492188,
                0.0,
                -179.99996948242188
            ]
        },
        {
            "name": "Land_Castle_Donjon",
            "pos": [
                2874.01025390625,
                159.42601013183595,
                2948.237548828125
            ],
            "ypr": [
                -108.18467712402344,
                0.0,
                -179.99996948242188
            ]
        },
        {
            "name": "Land_Castle_Donjon",
            "pos": [
                2774.255859375,
                160.39022827148438,
                2988.5048828125
            ],
            "ypr": [
                161.20330810546876,
                0.0,
                -179.99996948242188
            ]
        },
        {
            "name": "Land_Castle_Donjon",
            "pos": [
                2787.240234375,
                160.6666259765625,
                2992.996826171875
            ],
            "ypr": [
                161.2034454345703,
                0.0,
                -179.99996948242188
            ]
        },
        {
            "name": "Land_Castle_Donjon",
            "pos": [
                2800.476318359375,
                160.58412170410157,
                2997.29638671875
            ],
            "ypr": [
                161.2034454345703,
                0.0,
                -179.99996948242188
            ]
        },
        {
            "name": "Land_Castle_Donjon",
            "pos": [
                2813.686767578125,
                160.36952209472657,
                3001.669189453125
            ],
            "ypr": [
                161.2034454345703,
                0.0,
                -179.99996948242188
            ]
        },
        {
            "name": "Land_Castle_Donjon",
            "pos": [
                2826.722900390625,
                160.0716094970703,
                3005.9580078125
            ],
            "ypr": [
                161.2034454345703,
                0.0,
                -179.99996948242188
            ]
        },
        {
            "name": "Land_Castle_Donjon",
            "pos": [
                2839.735595703125,
                159.7456512451172,
                3010.2431640625
            ],
            "ypr": [
                161.2034454345703,
                0.0,
                -179.99996948242188
            ]
        },
        {
            "name": "Land_Castle_Donjon",
            "pos": [
                2852.462158203125,
                159.70367431640626,
                3014.083984375
            ],
            "ypr": [
                161.20343017578126,
                0.0,
                -179.99996948242188
            ]
        },
        {
            "name": "Land_Castle_Donjon",
            "pos": [
                2791.48193359375,
                160.30795288085938,
                2935.9716796875
            ],
            "ypr": [
                -108.18453979492188,
                0.0,
                -179.99996948242188
            ]
        },
        {
            "name": "Land_Castle_Donjon",
            "pos": [
                2795.6318359375,
                160.01004028320313,
                2922.8896484375
            ],
            "ypr": [
                -108.18467712402344,
                0.0,
                -179.99996948242188
            ]
        },
        {
            "name": "Land_Castle_Donjon",
            "pos": [
                2778.739990234375,
                160.3286590576172,
                2975.5380859375
            ],
            "ypr": [
                -108.18467712402344,
                0.0,
                -179.99996948242188
            ]
        },
        {
            "name": "Land_Castle_Donjon",
            "pos": [
                2783.09423828125,
                160.6050567626953,
                2962.50927734375
            ],
            "ypr": [
                -108.18453979492188,
                0.0,
                -179.99996948242188
            ]
        },
        {
            "name": "Land_CementWorks_ExpeditionB",
            "pos": [
                2770.2099609375,
                142.5,
                2974.260009765625
            ],
            "ypr": [
                -107.99999237060547,
                0.0,
                0.0
            ]
        },
        {
            "name": "Land_CementWorks_ExpeditionB",
            "pos": [
                2780.4599609375,
                142.5,
                2946.8798828125
            ],
            "ypr": [
                71.5276870727539,
                0.0,
                0.0
            ]
        },
        {
            "name": "Land_CementWorks_ExpeditionB",
            "pos": [
                2789.72998046875,
                142.5,
                2919.199951171875
            ],
            "ypr": [
                71.57440185546875,
                0.0,
                0.0
            ]
        },
        {
            "name": "Land_Castle_Gate",
            "pos": [
                2773.360107421875,
                128.0,
                2961.530029296875
            ],
            "ypr": [
                69.99999237060547,
                0.0,
                0.0
            ]
        },
        {
            "name": "Land_Castle_Gate",
            "pos": [
                2783.3798828125,
                127.0,
                2930.0
            ],
            "ypr": [
                69.99999237060547,
                0.0,
                0.0
            ]
        },
        {
            "name": "Land_Castle_Bastion",
            "pos": [
                2763.6982421875,
                134.61224365234376,
                2978.7646484375
            ],
            "ypr": [
                -107.9999008178711,
                -5.886047840118408,
                -4.457319736480713
            ]
        },
        {
            "name": "Land_Castle_Bastion",
            "pos": [
                2786.153076171875,
                131.20046997070313,
                2909.0068359375
            ],
            "ypr": [
                -109.99996185302735,
                -5.764321804046631,
                -1.4524972438812256
            ]
        },
        {
            "name": "Land_Castle_Donjon",
            "pos": [
                2800.933349609375,
                158.63087463378907,
                2938.31201171875
            ],
            "ypr": [
                -108.18451690673828,
                0.0,
                -179.999755859375
            ]
        },
        {
            "name": "Land_Castle_Donjon",
            "pos": [
                2805.083251953125,
                158.3329620361328,
                2925.22998046875
            ],
            "ypr": [
                -108.18465423583985,
                0.0,
                -179.999755859375
            ]
        },
        {
            "name": "Land_Castle_Donjon",
            "pos": [
                2788.19140625,
                158.65158081054688,
                2977.87841796875
            ],
            "ypr": [
                -108.18465423583985,
                0.0,
                -179.999755859375
            ]
        },
        {
            "name": "Land_Castle_Donjon",
            "pos": [
                2792.550048828125,
                158.92799377441407,
                2964.85009765625
            ],
            "ypr": [
                -108.18498992919922,
                0.0,
                177.62098693847657
            ]
        },
        {
            "name": "Land_Mil_Tent_Big1_1",
            "pos": [
                2846.5400390625,
                146.1999969482422,
                2999.72998046875
            ],
            "ypr": [
                71.99989318847656,
                0.9350268840789795,
                0.9007288813591003
            ]
        },
        {
            "name": "Land_Mil_Tent_Big1_2",
            "pos": [
                2848.92138671875,
                145.7813720703125,
                2991.51611328125
            ],
            "ypr": [
                72.0,
                1.4175872802734376,
                0.9042772054672241
            ]
        },
        {
            "name": "Land_Mil_Tent_Big1_3",
            "pos": [
                2851.792236328125,
                145.95181274414063,
                2981.808349609375
            ],
            "ypr": [
                72.00003814697266,
                1.0018508434295655,
                1.6014695167541505
            ]
        },
        {
            "name": "Land_Mil_Tent_Big1_4",
            "pos": [
                2854.780029296875,
                146.28199768066407,
                2971.5
            ],
            "ypr": [
                72.00000762939453,
                0.0,
                0.0
            ]
        },
        {
            "name": "Land_Mil_Tent_Big1_5",
            "pos": [
                2858.739990234375,
                146.21800231933595,
                2960.35009765625
            ],
            "ypr": [
                73.0,
                0.0,
                0.0
            ]
        },
        {
            "name": "Land_Mil_Tent_Big3",
            "pos": [
                2862.75,
                147.1999969482422,
                2946.590087890625
            ],
            "ypr": [
                -18.0,
                0.0,
                0.0
            ]
        },
        {
            "name": "Land_Mil_ATC_Small",
            "pos": [
                2831.239990234375,
                156.5,
                2963.199951171875
            ],
            "ypr": [
                161.99998474121095,
                0.0,
                0.0
            ]
        },
        {
            "name": "Land_Mil_Barracks_Round",
            "pos": [
                2832.659912109375,
                147.0,
                2993.06005859375
            ],
            "ypr": [
                -18.000099182128908,
                0.0,
                0.0
            ]
        },
        {
            "name": "Land_Mil_Barracks_Round",
            "pos": [
                2825.679931640625,
                147.0,
                2990.7099609375
            ],
            "ypr": [
                -18.086097717285158,
                0.0,
                0.0
            ]
        },
        {
            "name": "Land_Mil_Barracks_Round",
            "pos": [
                2818.43994140625,
                147.0,
                2988.3701171875
            ],
            "ypr": [
                -18.081098556518556,
                0.0,
                0.0
            ]
        },
        {
            "name": "Land_Mil_Barracks_Round",
            "pos": [
                2811.06005859375,
                147.0,
                2986.2900390625
            ],
            "ypr": [
                -18.077899932861329,
                0.0,
                0.0
            ]
        },
        {
            "name": "Land_Mil_Barracks_Round",
            "pos": [
                2802.679931640625,
                147.0,
                2983.330078125
            ],
            "ypr": [
                -18.139997482299806,
                0.0,
                0.0
            ]
        },
        {
            "name": "Land_Mil_Barracks_Round",
            "pos": [
                2816.669921875,
                147.0,
                2929.840087890625
            ],
            "ypr": [
                161.99998474121095,
                0.0,
                0.0
            ]
        },
        {
            "name": "Land_Mil_Barracks_Round",
            "pos": [
                2824.909912109375,
                147.0,
                2932.340087890625
            ],
            "ypr": [
                161.99998474121095,
                0.0,
                0.0
            ]
        },
        {
            "name": "Land_Mil_Barracks_Round",
            "pos": [
                2834.39990234375,
                147.0,
                2935.5
            ],
            "ypr": [
                161.99998474121095,
                0.0,
                0.0
            ]
        },
        {
            "name": "Land_Mil_Barracks_Round",
            "pos": [
                2843.31005859375,
                147.0,
                2938.340087890625
            ],
            "ypr": [
                161.99998474121095,
                0.0,
                0.0
            ]
        },
        {
            "name": "Land_Mil_Barracks_Round",
            "pos": [
                2850.7099609375,
                147.0,
                2940.429931640625
            ],
            "ypr": [
                161.99998474121095,
                0.0,
                0.0
            ]
        }
    ]
}