{
    "Objects": [
        {
            "name": "Land_Misc_Well_Pump_Blue",
            "pos": [
                11820.0,
                141.0,
                12458.0
            ],
            "ypr": [
                90.0,
                0.0,
                0.0
            ]
        },
        {
            "name": "Land_Airfield_Radar_Tall",
            "pos": [
                11809.0,
                162.8000030517578,
                12469.2998046875
            ],
            "ypr": [
                19.999998092651368,
                0.0,
                0.0
            ]
        },
        {
            "name": "Land_Airfield_Small_Hangar",
            "pos": [
                11880.501953125,
                143.5,
                12459.0048828125
            ],
            "ypr": [
                23.0,
                0.0,
                0.0
            ]
        },
        {
            "name": "Land_Container_1Mo",
            "pos": [
                11891.294921875,
                141.0,
                12443.5048828125
            ],
            "ypr": [
                22.999996185302736,
                0.0,
                0.0
            ]
        },
        {
            "name": "Land_Container_1Mo",
            "pos": [
                11891.294921875,
                143.5,
                12443.5048828125
            ],
            "ypr": [
                22.999996185302736,
                0.0,
                0.0
            ]
        }
    ]
}