{
    "Objects": [
       {
		"name": "Land_Castle_Gate",
		"pos": [12100.0, 5.5, 3208.0],
		"ypr": [149.0, 0.0, 0.0]
	}, {
		"name": "Land_Castle_Gate",
		"pos": [12095.0, 5.5, 3217.0],
		"ypr": [149.0, 0.0, 0.0]
	}, {
		"name": "Land_Castle_Gate",
		"pos": [12090.0, 5.5, 3226.0],
		"ypr": [149.0, 0.0, 0.0]
	}, {
		"name": "Land_Castle_Gate",
		"pos": [12085.0, 5.5, 3235.0],
		"ypr": [149.0, 0.0, 0.0]
	}, {
		"name": "Land_Castle_Gate",
		"pos": [12080.0, 5.5, 3244.0],
		"ypr": [149.0, 0.0, 0.0]
	}, {
		"name": "Land_Castle_Gate",
		"pos": [12075.0, 5.5, 3253.0],
		"ypr": [149.0, 0.0, 0.0]
	}, {
		"name": "Land_Castle_Gate",
		"pos": [12070.0, 5.5, 3262.0],
		"ypr": [149.0, 0.0, 0.0]
	}, {
		"name": "Land_Castle_Gate",
		"pos": [12065.0, 5.5, 3271.0],
		"ypr": [149.0, 0.0, 0.0]
	}, {
		"name": "Land_Castle_Gate",
		"pos": [12060.0, 5.5, 3280.0],
		"ypr": [149.0, 0.0, 0.0]
	}, {
		"name": "Land_Castle_Gate",
		"pos": [12055.0, 5.5, 3289.0],
		"ypr": [149.0, 0.0, 0.0]
	}, {
		"name": "Land_Castle_Gate",
		"pos": [12050.0, 5.5, 3298.0],
		"ypr": [149.0, 0.0, 0.0]
	}, {
		"name": "Land_Castle_Gate",
		"pos": [12045.0, 5.5, 3307.0],
		"ypr": [149.0, 0.0, 0.0]
	}, {
		"name": "Land_Castle_Gate",
		"pos": [12040.0, 5.5, 3316.0],
		"ypr": [149.0, 0.0, 0.0]
	}, {
		"name": "Land_Castle_Gate",
		"pos": [12035.0, 5.5, 3325.0],
		"ypr": [149.0, 0.0, 0.0]
	}, {
		"name": "Land_Castle_Gate",
		"pos": [12030.0, 5.5, 3334.0],
		"ypr": [149.0, 0.0, 0.0]
	}, {
		"name": "Land_Castle_Gate",
		"pos": [12025.0, 5.5, 3343.0],
		"ypr": [149.0, 0.0, 0.0]
	}, {
		"name": "Land_Castle_Gate",
		"pos": [12020.0, 5.5, 3352.0],
		"ypr": [149.0, 0.0, 0.0]
	}, {
		"name": "Land_Castle_Gate",
		"pos": [12015.0, 5.5, 3361.0],
		"ypr": [149.0, 0.0, 0.0]
	}, {
		"name": "Land_Castle_Gate",
		"pos": [12010.0, 5.5, 3370.0],
		"ypr": [149.0, 0.0, 0.0]
	}, {
		"name": "Land_Castle_Gate",
		"pos": [12005.0, 5.5, 3379.0],
		"ypr": [149.0, 0.0, 0.0]
	},
	{
		"name": "Land_Castle_Gate",
		"pos": [12000.0, 5.5, 3388.0],
		"ypr": [149.0, 0.0, 0.0]
	},
	{
		"name": "Land_Castle_Gate",
		"pos": [11995.0, 5.5, 3397.0],
		"ypr": [149.0, 0.0, 0.0]
	},

        {
            "name": "Land_Castle_Gate",
            "pos": [
                12227.2998046875,
                5.0,
                3115.679931640625
            ],
            "ypr": [
                97.62577819824219,
                11.499998092651368,
                0.0
            ]
        },
        {
            "name": "Land_Castle_Gate",
            "pos": [
                12243.837890625,
                6.0,
                3113.638916015625
            ],
            "ypr": [
                96.95396423339844,
                0.0,
                0.0
            ]
        },
        {
            "name": "Land_Castle_Gate",
            "pos": [
                12236.865234375,
                6.0,
                3114.484130859375
            ],
            "ypr": [
                96.95407104492188,
                0.0,
                0.0
            ]
        },
        {
            "name": "Land_Castle_Gate",
            "pos": [
                12258.173828125,
                6.0,
                3111.90234375
            ],
            "ypr": [
                96.95396423339844,
                0.0,
                0.0
            ]
        },
        {
            "name": "Land_Castle_Gate",
            "pos": [
                12251.19921875,
                6.0,
                3112.74267578125
            ],
            "ypr": [
                96.95407104492188,
                0.0,
                0.0
            ]
        },
        {
            "name": "Land_Castle_Gate",
            "pos": [
                12272.2236328125,
                6.0,
                3110.17529296875
            ],
            "ypr": [
                96.95396423339844,
                0.0,
                0.0
            ]
        },
        {
            "name": "Land_Castle_Gate",
            "pos": [
                12265.359375,
                6.0,
                3111.018310546875
            ],
            "ypr": [
                96.95407104492188,
                0.0,
                0.0
            ]
        },
        {
            "name": "Land_Castle_Gate",
            "pos": [
                12286.576171875,
                6.0,
                3108.451416015625
            ],
            "ypr": [
                96.95396423339844,
                0.0,
                0.0
            ]
        },
        {
            "name": "Land_Castle_Gate",
            "pos": [
                12279.59765625,
                6.0,
                3109.28662109375
            ],
            "ypr": [
                96.95407104492188,
                0.0,
                0.0
            ]
        },
        {
            "name": "Land_Castle_Gate",
            "pos": [
                12300.52734375,
                6.0,
                3106.792236328125
            ],
            "ypr": [
                96.95396423339844,
                0.0,
                0.0
            ]
        },
        {
            "name": "Land_Castle_Gate",
            "pos": [
                12293.5546875,
                6.0,
                3107.636474609375
            ],
            "ypr": [
                96.95407104492188,
                0.0,
                0.0
            ]
        },
        {
            "name": "Land_Castle_Gate",
            "pos": [
                12314.87109375,
                6.0,
                3105.06396484375
            ],
            "ypr": [
                96.95396423339844,
                0.0,
                0.0
            ]
        },
        {
            "name": "Land_Castle_Gate",
            "pos": [
                12307.90234375,
                6.0,
                3105.90185546875
            ],
            "ypr": [
                96.95407104492188,
                0.0,
                0.0
            ]
        },
        {
            "name": "Land_Castle_Gate",
            "pos": [
                12328.92578125,
                6.0,
                3103.33154296875
            ],
            "ypr": [
                96.95396423339844,
                0.0,
                0.0
            ]
        },
        {
            "name": "Land_Castle_Gate",
            "pos": [
                12322.0517578125,
                6.0,
                3104.169677734375
            ],
            "ypr": [
                96.95407104492188,
                0.0,
                0.0
            ]
        },
        {
            "name": "Land_Castle_Gate",
            "pos": [
                12343.263671875,
                6.0,
                3101.608642578125
            ],
            "ypr": [
                96.95396423339844,
                0.0,
                0.0
            ]
        },
        {
            "name": "Land_Castle_Gate",
            "pos": [
                12336.283203125,
                6.0,
                3102.448974609375
            ],
            "ypr": [
                96.95407104492188,
                0.0,
                0.0
            ]
        },
        {
            "name": "Land_Castle_Gate",
            "pos": [
                12357.310546875,
                6.0,
                3099.90869140625
            ],
            "ypr": [
                96.95396423339844,
                0.0,
                0.0
            ]
        },
        {
            "name": "Land_Castle_Gate",
            "pos": [
                12350.333984375,
                6.0,
                3100.757080078125
            ],
            "ypr": [
                96.95407104492188,
                0.0,
                0.0
            ]
        },
        {
            "name": "Land_Castle_Gate",
            "pos": [
                12371.66015625,
                6.0,
                3098.179443359375
            ],
            "ypr": [
                96.95396423339844,
                0.0,
                0.0
            ]
        },
        {
            "name": "Land_Castle_Gate",
            "pos": [
                12364.6767578125,
                6.0,
                3099.034912109375
            ],
            "ypr": [
                96.95407104492188,
                0.0,
                0.0
            ]
        },
        {
            "name": "Land_Castle_Gate",
            "pos": [
                12385.708984375,
                6.0,
                3096.452880859375
            ],
            "ypr": [
                96.95396423339844,
                0.0,
                0.0
            ]
        },
        {
            "name": "Land_Castle_Gate",
            "pos": [
                12378.83203125,
                6.0,
                3097.29248046875
            ],
            "ypr": [
                96.95407104492188,
                0.0,
                0.0
            ]
        },
        {
            "name": "Land_Castle_Gate",
            "pos": [
                12400.0419921875,
                6.0,
                3094.73486328125
            ],
            "ypr": [
                96.95396423339844,
                0.0,
                0.0
            ]
        },
        {
            "name": "Land_Castle_Gate",
            "pos": [
                12393.0771484375,
                6.0,
                3095.564453125
            ],
            "ypr": [
                96.95407104492188,
                0.0,
                0.0
            ]
        },
        {
            "name": "Land_Castle_Gate",
            "pos": [
                12414.0068359375,
                6.0,
                3093.06494140625
            ],
            "ypr": [
                96.95396423339844,
                0.0,
                0.0
            ]
        },
        {
            "name": "Land_Castle_Gate",
            "pos": [
                12407.01953125,
                6.0,
                3093.922119140625
            ],
            "ypr": [
                96.95407104492188,
                0.0,
                0.0
            ]
        },
        {
            "name": "Land_Castle_Gate",
            "pos": [
                12428.34765625,
                6.0,
                3091.335205078125
            ],
            "ypr": [
                96.95396423339844,
                0.0,
                0.0
            ]
        },
        {
            "name": "Land_Castle_Gate",
            "pos": [
                12421.375,
                6.0,
                3092.18603515625
            ],
            "ypr": [
                96.95407104492188,
                0.0,
                0.0
            ]
        },
        {
            "name": "Land_Castle_Gate",
            "pos": [
                12442.3984375,
                6.0,
                3089.602294921875
            ],
            "ypr": [
                96.95396423339844,
                0.0,
                0.0
            ]
        },
        {
            "name": "Land_Castle_Gate",
            "pos": [
                12435.51953125,
                6.0,
                3090.4541015625
            ],
            "ypr": [
                96.95407104492188,
                0.0,
                0.0
            ]
        },
        {
            "name": "Land_Castle_Gate",
            "pos": [
                12456.73828125,
                6.0,
                3087.891357421875
            ],
            "ypr": [
                96.95396423339844,
                0.0,
                0.0
            ]
        },
        {
            "name": "Land_Castle_Gate",
            "pos": [
                12449.7666015625,
                6.0,
                3088.7255859375
            ],
            "ypr": [
                96.95407104492188,
                0.0,
                0.0
            ]
        },
        {
            "name": "Land_Castle_Gate",
            "pos": [
                12470.9931640625,
                6.0,
                3086.14111328125
            ],
            "ypr": [
                96.95396423339844,
                0.0,
                0.0
            ]
        },
        {
            "name": "Land_Castle_Gate",
            "pos": [
                12464.0087890625,
                6.0,
                3086.985595703125
            ],
            "ypr": [
                96.95407104492188,
                0.0,
                0.0
            ]
        },
        {
            "name": "Land_Castle_Gate",
            "pos": [
                12485.3349609375,
                6.0,
                3084.404296875
            ],
            "ypr": [
                96.95396423339844,
                0.0,
                0.0
            ]
        },
        {
            "name": "Land_Castle_Gate",
            "pos": [
                12478.3583984375,
                6.0,
                3085.252197265625
            ],
            "ypr": [
                96.95407104492188,
                0.0,
                0.0
            ]
        },
        {
            "name": "Land_Castle_Gate",
            "pos": [
                12499.3759765625,
                6.0,
                3082.679443359375
            ],
            "ypr": [
                96.95396423339844,
                0.0,
                0.0
            ]
        },
        {
            "name": "Land_Castle_Gate",
            "pos": [
                12492.50390625,
                6.0,
                3083.515380859375
            ],
            "ypr": [
                96.95407104492188,
                0.0,
                0.0
            ]
        },
        {
            "name": "Land_Castle_Gate",
            "pos": [
                12513.732421875,
                6.0,
                3080.94873046875
            ],
            "ypr": [
                96.95396423339844,
                0.0,
                0.0
            ]
        },
        {
            "name": "Land_Castle_Gate",
            "pos": [
                12506.7470703125,
                6.0,
                3081.791015625
            ],
            "ypr": [
                96.95407104492188,
                0.0,
                0.0
            ]
        },
        {
            "name": "Land_Castle_Gate",
            "pos": [
                12527.677734375,
                6.0,
                3079.299560546875
            ],
            "ypr": [
                96.95396423339844,
                0.0,
                0.0
            ]
        },
        {
            "name": "Land_Castle_Gate",
            "pos": [
                12520.6982421875,
                6.0,
                3080.142333984375
            ],
            "ypr": [
                96.95407104492188,
                0.0,
                0.0
            ]
        },
        {
            "name": "Land_Castle_Gate",
            "pos": [
                12542.0166015625,
                6.0,
                3077.56640625
            ],
            "ypr": [
                96.95396423339844,
                0.0,
                0.0
            ]
        },
        {
            "name": "Land_Castle_Gate",
            "pos": [
                12535.0439453125,
                6.0,
                3078.405029296875
            ],
            "ypr": [
                96.95407104492188,
                0.0,
                0.0
            ]
        },
        {
            "name": "Land_Castle_Gate",
            "pos": [
                12556.0732421875,
                6.0,
                3075.831298828125
            ],
            "ypr": [
                96.95396423339844,
                0.0,
                0.0
            ]
        },
        {
            "name": "Land_Castle_Gate",
            "pos": [
                12549.189453125,
                6.0,
                3076.673095703125
            ],
            "ypr": [
                96.95407104492188,
                0.0,
                0.0
            ]
        },
        {
            "name": "Land_Castle_Gate",
            "pos": [
                12570.4140625,
                6.0,
                3074.116455078125
            ],
            "ypr": [
                96.95396423339844,
                0.0,
                0.0
            ]
        },
        {
            "name": "Land_Castle_Gate",
            "pos": [
                12563.43359375,
                6.0,
                3074.942138671875
            ],
            "ypr": [
                96.95407104492188,
                0.0,
                0.0
            ]
        },
        {
            "name": "Land_Castle_Gate",
            "pos": [
                12584.4638671875,
                6.0,
                3072.40234375
            ],
            "ypr": [
                96.95396423339844,
                0.0,
                0.0
            ]
        },
        {
            "name": "Land_Castle_Gate",
            "pos": [
                12577.486328125,
                6.0,
                3073.261962890625
            ],
            "ypr": [
                96.95407104492188,
                0.0,
                0.0
            ]
        },
        {
            "name": "Land_Castle_Gate",
            "pos": [
                12598.8046875,
                6.0,
                3070.678955078125
            ],
            "ypr": [
                96.95396423339844,
                0.0,
                0.0
            ]
        },
        {
            "name": "Land_Castle_Gate",
            "pos": [
                12591.837890625,
                6.0,
                3071.53125
            ],
            "ypr": [
                96.95407104492188,
                0.0,
                0.0
            ]
        },
        {
            "name": "Land_Castle_Gate",
            "pos": [
                12612.8583984375,
                6.0,
                3068.95263671875
            ],
            "ypr": [
                96.95396423339844,
                0.0,
                0.0
            ]
        },
        {
            "name": "Land_Castle_Gate",
            "pos": [
                12605.978515625,
                6.0,
                3069.802001953125
            ],
            "ypr": [
                96.95407104492188,
                0.0,
                0.0
            ]
        },
        {
            "name": "Land_Castle_Gate",
            "pos": [
                12627.2021484375,
                6.0,
                3067.235595703125
            ],
            "ypr": [
                96.95396423339844,
                0.0,
                0.0
            ]
        },
        {
            "name": "Land_Castle_Gate",
            "pos": [
                12620.232421875,
                6.0,
                3068.0654296875
            ],
            "ypr": [
                96.95407104492188,
                0.0,
                0.0
            ]
        },
        {
            "name": "Land_Castle_Gate",
            "pos": [
                12641.15234375,
                6.0,
                3065.568359375
            ],
            "ypr": [
                96.95396423339844,
                0.0,
                0.0
            ]
        },
        {
            "name": "Land_Castle_Gate",
            "pos": [
                12634.1806640625,
                6.0,
                3066.421875
            ],
            "ypr": [
                96.95407104492188,
                0.0,
                0.0
            ]
        },
        {
            "name": "Land_Castle_Gate",
            "pos": [
                12655.5068359375,
                6.0,
                3063.831298828125
            ],
            "ypr": [
                96.95396423339844,
                0.0,
                0.0
            ]
        },
        {
            "name": "Land_Castle_Gate",
            "pos": [
                12648.5263671875,
                6.0,
                3064.685302734375
            ],
            "ypr": [
                96.95407104492188,
                0.0,
                0.0
            ]
        },
        {
            "name": "Land_Castle_Gate",
            "pos": [
                12669.544921875,
                6.0,
                3062.1015625
            ],
            "ypr": [
                96.95396423339844,
                0.0,
                0.0
            ]
        },
        {
            "name": "Land_Castle_Gate",
            "pos": [
                12662.6650390625,
                6.0,
                3062.956298828125
            ],
            "ypr": [
                96.95407104492188,
                0.0,
                0.0
            ]
        },
        {
            "name": "Land_Castle_Gate",
            "pos": [
                12683.900390625,
                6.0,
                3060.389892578125
            ],
            "ypr": [
                96.95398712158203,
                0.0,
                0.0
            ]
        },
        {
            "name": "Land_Castle_Gate",
            "pos": [
                12676.900390625,
                6.0,
                3061.22998046875
            ],
            "ypr": [
                96.9541015625,
                0.0,
                0.0
            ]
        },
        {
            "name": "Land_Castle_Gate",
            "pos": [
                12697.7001953125,
                6.0,
                3058.699951171875
            ],
            "ypr": [
                96.95398712158203,
                0.0,
                0.0
            ]
        },
        {
            "name": "Land_Castle_Gate",
            "pos": [
                12690.7001953125,
                6.0,
                3059.550048828125
            ],
            "ypr": [
                96.9541015625,
                0.0,
                0.0
            ]
        },
        {
            "name": "Land_Castle_Gate",
            "pos": [
                12712.0,
                6.0,
                3056.969970703125
            ],
            "ypr": [
                96.95398712158203,
                0.0,
                0.0
            ]
        },
        {
            "name": "Land_Castle_Gate",
            "pos": [
                12705.099609375,
                6.0,
                3057.81005859375
            ],
            "ypr": [
                96.9541015625,
                0.0,
                0.0
            ]
        },
        {
            "name": "Land_Castle_Gate",
            "pos": [
                12726.099609375,
                6.0,
                3055.239990234375
            ],
            "ypr": [
                96.95398712158203,
                0.0,
                0.0
            ]
        },
        {
            "name": "Land_Castle_Gate",
            "pos": [
                12719.2001953125,
                6.0,
                3056.070068359375
            ],
            "ypr": [
                96.9541015625,
                0.0,
                0.0
            ]
        },
        {
            "name": "Land_Castle_Gate",
            "pos": [
                12740.400390625,
                6.0,
                3053.52001953125
            ],
            "ypr": [
                96.95398712158203,
                0.0,
                0.0
            ]
        },
        {
            "name": "Land_Castle_Gate",
            "pos": [
                12733.5,
                6.0,
                3054.35009765625
            ],
            "ypr": [
                96.9541015625,
                0.0,
                0.0
            ]
        },
        {
            "name": "Land_Castle_Gate",
            "pos": [
                12754.400390625,
                6.0,
                3051.860107421875
            ],
            "ypr": [
                96.95398712158203,
                0.0,
                0.0
            ]
        },
        {
            "name": "Land_Castle_Gate",
            "pos": [
                12747.400390625,
                6.0,
                3052.7099609375
            ],
            "ypr": [
                96.9541015625,
                0.0,
                0.0
            ]
        },
        {
            "name": "Land_Castle_Gate",
            "pos": [
                12768.7001953125,
                6.0,
                3050.1298828125
            ],
            "ypr": [
                96.95398712158203,
                0.0,
                0.0
            ]
        },
        {
            "name": "Land_Castle_Gate",
            "pos": [
                12761.7998046875,
                6.0,
                3050.97998046875
            ],
            "ypr": [
                96.9541015625,
                0.0,
                0.0
            ]
        },
        {
            "name": "Land_Castle_Gate",
            "pos": [
                12782.7998046875,
                6.0,
                3048.389892578125
            ],
            "ypr": [
                96.95398712158203,
                0.0,
                0.0
            ]
        },
        {
            "name": "Land_Castle_Gate",
            "pos": [
                12775.900390625,
                6.0,
                3049.22998046875
            ],
            "ypr": [
                96.9541015625,
                0.0,
                0.0
            ]
        },
        {
            "name": "Land_Castle_Gate",
            "pos": [
                12797.099609375,
                6.0,
                3046.679931640625
            ],
            "ypr": [
                96.95398712158203,
                0.0,
                0.0
            ]
        },
        {
            "name": "Land_Castle_Gate",
            "pos": [
                12790.2001953125,
                6.0,
                3047.510009765625
            ],
            "ypr": [
                96.9541015625,
                0.0,
                0.0
            ]
        },
        {
            "name": "Land_Castle_Gate",
            "pos": [
                12811.2001953125,
                6.0,
                3044.969970703125
            ],
            "ypr": [
                96.95398712158203,
                0.0,
                0.0
            ]
        },
        {
            "name": "Land_Castle_Gate",
            "pos": [
                12804.2001953125,
                6.0,
                3045.820068359375
            ],
            "ypr": [
                96.9541015625,
                0.0,
                0.0
            ]
        },
        {
            "name": "Land_Castle_Gate",
            "pos": [
                12825.5,
                6.0,
                3043.239990234375
            ],
            "ypr": [
                96.95398712158203,
                0.0,
                0.0
            ]
        },
        {
            "name": "Land_Castle_Gate",
            "pos": [
                12818.599609375,
                6.0,
                3044.10009765625
            ],
            "ypr": [
                96.9541015625,
                0.0,
                0.0
            ]
        },
        {
            "name": "Land_Castle_Gate",
            "pos": [
                12839.599609375,
                6.0,
                3041.52001953125
            ],
            "ypr": [
                96.95398712158203,
                0.0,
                0.0
            ]
        },
        {
            "name": "Land_Castle_Gate",
            "pos": [
                12832.7001953125,
                6.0,
                3042.360107421875
            ],
            "ypr": [
                96.9541015625,
                0.0,
                0.0
            ]
        },
        {
            "name": "Land_Castle_Gate",
            "pos": [
                12853.900390625,
                6.0,
                3039.7900390625
            ],
            "ypr": [
                96.95398712158203,
                0.0,
                0.0
            ]
        },
        {
            "name": "Land_Castle_Gate",
            "pos": [
                12846.900390625,
                6.0,
                3040.6298828125
            ],
            "ypr": [
                96.9541015625,
                0.0,
                0.0
            ]
        },
        {
            "name": "Land_Castle_Gate",
            "pos": [
                12867.900390625,
                6.0,
                3038.1298828125
            ],
            "ypr": [
                96.95398712158203,
                0.0,
                0.0
            ]
        },
        {
            "name": "Land_Castle_Gate",
            "pos": [
                12860.900390625,
                6.0,
                3038.97998046875
            ],
            "ypr": [
                96.9541015625,
                0.0,
                0.0
            ]
        },
        {
            "name": "Land_Castle_Gate",
            "pos": [
                12882.2001953125,
                6.0,
                3036.39990234375
            ],
            "ypr": [
                96.95398712158203,
                0.0,
                0.0
            ]
        },
        {
            "name": "Land_Castle_Gate",
            "pos": [
                12875.2001953125,
                6.0,
                3037.25
            ],
            "ypr": [
                96.9541015625,
                0.0,
                0.0
            ]
        },
        {
            "name": "Land_Castle_Gate",
            "pos": [
                12896.2998046875,
                6.0,
                3034.669921875
            ],
            "ypr": [
                96.95398712158203,
                0.0,
                0.0
            ]
        },
        {
            "name": "Land_Castle_Gate",
            "pos": [
                12889.400390625,
                6.0,
                3035.52001953125
            ],
            "ypr": [
                96.9541015625,
                0.0,
                0.0
            ]
        },
        {
            "name": "Land_Castle_Gate",
            "pos": [
                12910.599609375,
                6.0,
                3032.949951171875
            ],
            "ypr": [
                96.95398712158203,
                0.0,
                0.0
            ]
        },
        {
            "name": "Land_Castle_Gate",
            "pos": [
                12903.599609375,
                6.0,
                3033.7900390625
            ],
            "ypr": [
                96.9541015625,
                0.0,
                0.0
            ]
        },
        {
            "name": "Land_Castle_Gate",
            "pos": [
                12924.900390625,
                6.0,
                3031.199951171875
            ],
            "ypr": [
                96.95398712158203,
                0.0,
                0.0
            ]
        },
        {
            "name": "Land_Castle_Gate",
            "pos": [
                12917.900390625,
                6.0,
                3032.050048828125
            ],
            "ypr": [
                96.9541015625,
                0.0,
                0.0
            ]
        },
        {
            "name": "Land_Castle_Gate",
            "pos": [
                12939.2001953125,
                6.0,
                3029.469970703125
            ],
            "ypr": [
                96.95398712158203,
                0.0,
                0.0
            ]
        },
        {
            "name": "Land_Castle_Gate",
            "pos": [
                12932.2001953125,
                6.0,
                3030.31005859375
            ],
            "ypr": [
                96.9541015625,
                0.0,
                0.0
            ]
        },
        {
            "name": "Land_Castle_Gate",
            "pos": [
                12953.2998046875,
                6.0,
                3027.739990234375
            ],
            "ypr": [
                96.95398712158203,
                0.0,
                0.0
            ]
        },
        {
            "name": "Land_Castle_Gate",
            "pos": [
                12946.400390625,
                6.0,
                3028.580078125
            ],
            "ypr": [
                96.9541015625,
                0.0,
                0.0
            ]
        },
        {
            "name": "Land_Castle_Gate",
            "pos": [
                12967.599609375,
                6.0,
                3026.02001953125
            ],
            "ypr": [
                96.95398712158203,
                0.0,
                0.0
            ]
        },
        {
            "name": "Land_Castle_Gate",
            "pos": [
                12960.599609375,
                6.0,
                3026.85009765625
            ],
            "ypr": [
                96.9541015625,
                0.0,
                0.0
            ]
        },
        {
            "name": "Land_Castle_Gate",
            "pos": [
                12981.5,
                6.0,
                3024.360107421875
            ],
            "ypr": [
                96.95398712158203,
                0.0,
                0.0
            ]
        },
        {
            "name": "Land_Castle_Gate",
            "pos": [
                12974.599609375,
                6.0,
                3025.199951171875
            ],
            "ypr": [
                96.9541015625,
                0.0,
                0.0
            ]
        },
        {
            "name": "Land_Castle_Gate",
            "pos": [
                12995.900390625,
                6.0,
                3022.6201171875
            ],
            "ypr": [
                96.95398712158203,
                0.0,
                0.0
            ]
        },
        {
            "name": "Land_Castle_Gate",
            "pos": [
                12988.900390625,
                6.0,
                3023.469970703125
            ],
            "ypr": [
                96.9541015625,
                0.0,
                0.0
            ]
        },
        {
            "name": "Land_Castle_Gate",
            "pos": [
                13009.900390625,
                6.0,
                3020.89990234375
            ],
            "ypr": [
                96.95398712158203,
                0.0,
                0.0
            ]
        },
        {
            "name": "Land_Castle_Gate",
            "pos": [
                13003.099609375,
                6.0,
                3021.72998046875
            ],
            "ypr": [
                96.9541015625,
                0.0,
                0.0
            ]
        },
        {
            "name": "Land_Castle_Gate",
            "pos": [
                13024.2998046875,
                6.0,
                3019.169921875
            ],
            "ypr": [
                96.95398712158203,
                0.0,
                0.0
            ]
        },
        {
            "name": "Land_Castle_Gate",
            "pos": [
                13017.2998046875,
                6.0,
                3020.010009765625
            ],
            "ypr": [
                96.9541015625,
                0.0,
                0.0
            ]
        },
        {
            "name": "Land_Castle_Gate",
            "pos": [
                13038.2998046875,
                6.0,
                3017.469970703125
            ],
            "ypr": [
                96.95398712158203,
                0.0,
                0.0
            ]
        },
        {
            "name": "Land_Castle_Gate",
            "pos": [
                13031.400390625,
                6.0,
                3018.330078125
            ],
            "ypr": [
                96.9541015625,
                0.0,
                0.0
            ]
        },
        {
            "name": "Land_Castle_Gate",
            "pos": [
                13052.7001953125,
                6.0,
                3015.739990234375
            ],
            "ypr": [
                96.95398712158203,
                0.0,
                0.0
            ]
        },
        {
            "name": "Land_Castle_Gate",
            "pos": [
                13045.7001953125,
                6.0,
                3016.590087890625
            ],
            "ypr": [
                96.9541015625,
                0.0,
                0.0
            ]
        },
        {
            "name": "Land_Castle_Gate",
            "pos": [
                13066.7001953125,
                6.0,
                3014.02001953125
            ],
            "ypr": [
                96.95398712158203,
                0.0,
                0.0
            ]
        },
        {
            "name": "Land_Castle_Gate",
            "pos": [
                13059.900390625,
                6.0,
                3014.860107421875
            ],
            "ypr": [
                96.9541015625,
                0.0,
                0.0
            ]
        },
        {
            "name": "Land_Castle_Gate",
            "pos": [
                13081.099609375,
                6.0,
                3012.300048828125
            ],
            "ypr": [
                96.95398712158203,
                0.0,
                0.0
            ]
        },
        {
            "name": "Land_Castle_Gate",
            "pos": [
                13074.099609375,
                6.0,
                3013.1298828125
            ],
            "ypr": [
                96.9541015625,
                0.0,
                0.0
            ]
        },
        {
            "name": "Land_Castle_Gate",
            "pos": [
                13095.0,
                6.0,
                3010.6298828125
            ],
            "ypr": [
                96.95398712158203,
                0.0,
                0.0
            ]
        },
        {
            "name": "Land_Castle_Gate",
            "pos": [
                13088.0,
                6.0,
                3011.47998046875
            ],
            "ypr": [
                96.9541015625,
                0.0,
                0.0
            ]
        },
        {
            "name": "Land_Castle_Gate",
            "pos": [
                13109.400390625,
                6.0,
                3008.889892578125
            ],
            "ypr": [
                96.95398712158203,
                0.0,
                0.0
            ]
        },
        {
            "name": "Land_Castle_Gate",
            "pos": [
                13102.400390625,
                6.0,
                3009.75
            ],
            "ypr": [
                96.9541015625,
                0.0,
                0.0
            ]
        },
        {
            "name": "Land_Castle_Gate",
            "pos": [
                13123.400390625,
                6.0,
                3007.169921875
            ],
            "ypr": [
                96.95398712158203,
                0.0,
                0.0
            ]
        },
        {
            "name": "Land_Castle_Gate",
            "pos": [
                13116.5,
                6.0,
                3008.02001953125
            ],
            "ypr": [
                96.9541015625,
                0.0,
                0.0
            ]
        },
        {
            "name": "Land_Castle_Gate",
            "pos": [
                13137.7998046875,
                6.0,
                3005.4599609375
            ],
            "ypr": [
                96.95398712158203,
                0.0,
                0.0
            ]
        },
        {
            "name": "Land_Castle_Gate",
            "pos": [
                13130.7998046875,
                6.0,
                3006.2900390625
            ],
            "ypr": [
                96.9541015625,
                0.0,
                0.0
            ]
        },
        {
            "name": "Land_Castle_Gate",
            "pos": [
                13152.0,
                6.0,
                3003.699951171875
            ],
            "ypr": [
                96.95398712158203,
                0.0,
                0.0
            ]
        },
        {
            "name": "Land_Castle_Gate",
            "pos": [
                13145.0,
                6.0,
                3004.5400390625
            ],
            "ypr": [
                96.9541015625,
                0.0,
                0.0
            ]
        },
        {
            "name": "Land_Castle_Gate",
            "pos": [
                13166.2998046875,
                6.0,
                3001.9599609375
            ],
            "ypr": [
                96.95398712158203,
                0.0,
                0.0
            ]
        },
        {
            "name": "Land_Castle_Gate",
            "pos": [
                13159.400390625,
                6.0,
                3002.81005859375
            ],
            "ypr": [
                96.9541015625,
                0.0,
                0.0
            ]
        },
        {
            "name": "Land_Castle_Gate",
            "pos": [
                13180.400390625,
                6.0,
                3000.239990234375
            ],
            "ypr": [
                96.95398712158203,
                0.0,
                0.0
            ]
        },
        {
            "name": "Land_Castle_Gate",
            "pos": [
                13173.5,
                6.0,
                3001.070068359375
            ],
            "ypr": [
                96.9541015625,
                0.0,
                0.0
            ]
        },
        {
            "name": "Land_Castle_Gate",
            "pos": [
                13194.7001953125,
                6.0,
                2998.510009765625
            ],
            "ypr": [
                96.95398712158203,
                0.0,
                0.0
            ]
        },
        {
            "name": "Land_Castle_Gate",
            "pos": [
                13187.7998046875,
                6.0,
                2999.340087890625
            ],
            "ypr": [
                96.9541015625,
                0.0,
                0.0
            ]
        },
        {
            "name": "Land_Castle_Gate",
            "pos": [
                13208.7001953125,
                6.0,
                2996.85009765625
            ],
            "ypr": [
                96.95398712158203,
                0.0,
                0.0
            ]
        },
        {
            "name": "Land_Castle_Gate",
            "pos": [
                13201.7001953125,
                6.0,
                2997.68994140625
            ],
            "ypr": [
                96.9541015625,
                0.0,
                0.0
            ]
        },
        {
            "name": "Land_Castle_Gate",
            "pos": [
                13223.0,
                6.0,
                2995.110107421875
            ],
            "ypr": [
                96.95398712158203,
                0.0,
                0.0
            ]
        },
        {
            "name": "Land_Castle_Gate",
            "pos": [
                13216.099609375,
                6.0,
                2995.9599609375
            ],
            "ypr": [
                96.9541015625,
                0.0,
                0.0
            ]
        },
        {
            "name": "Land_Castle_Gate",
            "pos": [
                13237.099609375,
                6.0,
                2993.389892578125
            ],
            "ypr": [
                96.95398712158203,
                0.0,
                0.0
            ]
        },
        {
            "name": "Land_Castle_Gate",
            "pos": [
                13230.2001953125,
                6.0,
                2994.219970703125
            ],
            "ypr": [
                96.9541015625,
                0.0,
                0.0
            ]
        },
        {
            "name": "Land_Castle_Gate",
            "pos": [
                13251.400390625,
                6.0,
                2991.669921875
            ],
            "ypr": [
                96.95398712158203,
                0.0,
                0.0
            ]
        },
        {
            "name": "Land_Castle_Gate",
            "pos": [
                13244.5,
                6.0,
                2992.5
            ],
            "ypr": [
                96.9541015625,
                0.0,
                0.0
            ]
        },
        {
            "name": "Land_Castle_Gate",
            "pos": [
                13265.5,
                6.0,
                2989.9599609375
            ],
            "ypr": [
                96.95398712158203,
                0.0,
                0.0
            ]
        },
        {
            "name": "Land_Castle_Gate",
            "pos": [
                13258.5,
                6.0,
                2990.820068359375
            ],
            "ypr": [
                96.9541015625,
                0.0,
                0.0
            ]
        },
        {
            "name": "Land_Castle_Gate",
            "pos": [
                13279.7998046875,
                6.0,
                2988.22998046875
            ],
            "ypr": [
                96.95398712158203,
                0.0,
                0.0
            ]
        },
        {
            "name": "Land_Castle_Gate",
            "pos": [
                13272.7998046875,
                6.0,
                2989.080078125
            ],
            "ypr": [
                96.9541015625,
                0.0,
                0.0
            ]
        },
        {
            "name": "Land_Castle_Gate",
            "pos": [
                13293.900390625,
                6.0,
                2986.510009765625
            ],
            "ypr": [
                96.95398712158203,
                0.0,
                0.0
            ]
        },
        {
            "name": "Land_Castle_Gate",
            "pos": [
                13287.0,
                6.0,
                2987.35009765625
            ],
            "ypr": [
                96.9541015625,
                0.0,
                0.0
            ]
        },
        {
            "name": "Land_Castle_Gate",
            "pos": [
                13308.2001953125,
                6.0,
                2984.7900390625
            ],
            "ypr": [
                96.95398712158203,
                0.0,
                0.0
            ]
        },
        {
            "name": "Land_Castle_Gate",
            "pos": [
                13301.2001953125,
                6.0,
                2985.6201171875
            ],
            "ypr": [
                96.9541015625,
                0.0,
                0.0
            ]
        },
        {
            "name": "Land_Castle_Gate",
            "pos": [
                13322.2001953125,
                6.0,
                2983.1201171875
            ],
            "ypr": [
                96.95398712158203,
                0.0,
                0.0
            ]
        },
        {
            "name": "Land_Castle_Gate",
            "pos": [
                13315.2001953125,
                6.0,
                2983.97998046875
            ],
            "ypr": [
                96.9541015625,
                0.0,
                0.0
            ]
        },
        {
            "name": "Land_Castle_Gate",
            "pos": [
                13336.5,
                6.0,
                2981.389892578125
            ],
            "ypr": [
                96.95398712158203,
                0.0,
                0.0
            ]
        },
        {
            "name": "Land_Castle_Gate",
            "pos": [
                13329.5,
                6.0,
                2982.239990234375
            ],
            "ypr": [
                96.9541015625,
                0.0,
                0.0
            ]
        },
        {
            "name": "Land_Castle_Gate",
            "pos": [
                13350.599609375,
                6.0,
                2979.64990234375
            ],
            "ypr": [
                96.95398712158203,
                0.0,
                0.0
            ]
        },
        {
            "name": "Land_Castle_Gate",
            "pos": [
                13343.7001953125,
                6.0,
                2980.5
            ],
            "ypr": [
                96.9541015625,
                0.0,
                0.0
            ]
        },
        {
            "name": "Land_Castle_Gate",
            "pos": [
                13364.900390625,
                6.0,
                2977.949951171875
            ],
            "ypr": [
                96.95398712158203,
                0.0,
                0.0
            ]
        },
        {
            "name": "Land_Castle_Gate",
            "pos": [
                13357.900390625,
                6.0,
                2978.77001953125
            ],
            "ypr": [
                96.9541015625,
                0.0,
                0.0
            ]
        },
        {
            "name": "Land_Castle_Gate",
            "pos": [
                13379.2001953125,
                6.0,
                2976.199951171875
            ],
            "ypr": [
                96.95398712158203,
                0.0,
                0.0
            ]
        },
        {
            "name": "Land_Castle_Gate",
            "pos": [
                13372.2001953125,
                6.0,
                2977.0400390625
            ],
            "ypr": [
                96.9541015625,
                0.0,
                0.0
            ]
        },
        {
            "name": "Land_Castle_Gate",
            "pos": [
                13393.5,
                6.0,
                2974.469970703125
            ],
            "ypr": [
                96.95398712158203,
                0.0,
                0.0
            ]
        },
        {
            "name": "Land_Castle_Gate",
            "pos": [
                13386.5,
                6.0,
                2975.31005859375
            ],
            "ypr": [
                96.9541015625,
                0.0,
                0.0
            ]
        },
        {
            "name": "Land_Castle_Gate",
            "pos": [
                13407.5,
                6.0,
                2972.72998046875
            ],
            "ypr": [
                96.95398712158203,
                0.0,
                0.0
            ]
        },
        {
            "name": "Land_Castle_Gate",
            "pos": [
                13400.7001953125,
                6.0,
                2973.570068359375
            ],
            "ypr": [
                96.9541015625,
                0.0,
                0.0
            ]
        },
        {
            "name": "Land_Castle_Gate",
            "pos": [
                13421.900390625,
                6.0,
                2971.010009765625
            ],
            "ypr": [
                96.95398712158203,
                0.0,
                0.0
            ]
        },
        {
            "name": "Land_Castle_Gate",
            "pos": [
                13414.900390625,
                6.0,
                2971.840087890625
            ],
            "ypr": [
                96.9541015625,
                0.0,
                0.0
            ]
        },
        {
            "name": "Land_Castle_Gate",
            "pos": [
                13435.7998046875,
                6.0,
                2969.360107421875
            ],
            "ypr": [
                96.95398712158203,
                0.0,
                0.0
            ]
        },
        {
            "name": "Land_Castle_Gate",
            "pos": [
                13428.900390625,
                6.0,
                2970.199951171875
            ],
            "ypr": [
                96.9541015625,
                0.0,
                0.0
            ]
        },
        {
            "name": "Land_Castle_Gate",
            "pos": [
                13443.2001953125,
                6.0,
                2968.4599609375
            ],
            "ypr": [
                96.9541015625,
                0.0,
                0.0
            ]
        },
        {
            "name": "Land_Castle_Gate",
            "pos": [
                12222.61328125,
                4.828096389770508,
                3116.280029296875
            ],
            "ypr": [
                96.9541015625,
                2.499999523162842,
                0.0
            ]
        }

	
	]
}

