{
    "Areas": [
        { 	"AreaName": "Radunin-MedicalTents", 
			"Type": "ContaminatedArea_Static", 
			"TriggerType": "ContaminatedTrigger",
			"Data": { 
				"Pos": [ 7500, 0, 6156 ],
				"Radius": 200,
				"PosHeight": 30,
				"NegHeight": 10,
				"InnerPartDist": 100,
				"OuterOffset": 20, 
				"ParticleName": "graphics/particles/contaminated_area_gas_bigass"
				},
			"PlayerData": {
				"AroundPartName": "graphics/particles/contaminated_area_gas_around",
				"TinyPartName": "graphics/particles/contaminated_area_gas_around_tiny",
				"PPERequesterType": "PPERequester_ContaminatedAreaTint"
			}
		},
		{ 	"AreaName": "Radunin-Village", 
			"Type": "ContaminatedArea_Static", 
			"TriggerType": "ContaminatedTrigger",
			"Data": { 
				"Pos": [ 7347, 0, 6410 ],
				"Radius": 150,
				"PosHeight": 20,
				"NegHeight": 10,
				"InnerPartDist": 100,
				"OuterOffset": 20,
				"ParticleName": "graphics/particles/contaminated_area_gas_bigass"
				},
			"PlayerData": {
				"AroundPartName": "graphics/particles/contaminated_area_gas_around",
				"TinyPartName": "graphics/particles/contaminated_area_gas_around_tiny",
				"PPERequesterType": "PPERequester_ContaminatedAreaTint"
			}
		},
		{ 	"AreaName": "Radunin-Military-Outwards", 
			"Type": "ContaminatedArea_Static", 
			"TriggerType": "ContaminatedTrigger",
			"Data": { 
				"Pos": [ 7860, 0, 5840 ],
				"Radius": 150,
				"PosHeight": 20,
				"NegHeight": 20,
				"InnerPartDist": 100,
				"OuterOffset": 20,
				"ParticleName": "graphics/particles/contaminated_area_gas_bigass"
				},
			"PlayerData": {
				"AroundPartName": "graphics/particles/contaminated_area_gas_around",
				"TinyPartName": "graphics/particles/contaminated_area_gas_around_tiny",
				"PPERequesterType": "PPERequester_ContaminatedAreaTint"
			}
		},
		{ 	"AreaName": "Radunin-Military-Middle", 
			"Type": "ContaminatedArea_Static", 
			"TriggerType": "ContaminatedTrigger",
			"Data": { 
				"Pos": [ 7651, 0, 5934 ],
				"Radius": 110,
				"PosHeight": 30,
				"NegHeight": 10,
				"InnerPartDist": 100,
				"OuterOffset": 20,
				"ParticleName": "graphics/particles/contaminated_area_gas_bigass"
				},
			"PlayerData": {
				"AroundPartName": "graphics/particles/contaminated_area_gas_around",
				"TinyPartName": "graphics/particles/contaminated_area_gas_around_tiny",
				"PPERequesterType": "PPERequester_ContaminatedAreaTint"
			}
		},
		{ 	"AreaName": "Radunin-Military-Downhill", 
			"Type": "ContaminatedArea_Static", 
			"TriggerType": "ContaminatedTrigger",
			"Data": { 
				"Pos": [ 7785, 0, 6075 ],
				"Radius": 125,
				"PosHeight": 20,
				"NegHeight": 20,
				"InnerPartDist": 100,
				"OuterOffset": 20,
				"ParticleName": "graphics/particles/contaminated_area_gas_bigass"
				},
			"PlayerData": {
				"AroundPartName": "graphics/particles/contaminated_area_gas_around",
				"TinyPartName": "graphics/particles/contaminated_area_gas_around_tiny",
				"PPERequesterType": "PPERequester_ContaminatedAreaTint"
			}
		},
		{ 	"AreaName": "LukovAirfield-Runway-1", 
			"Type": "ContaminatedArea_Static", 
			"TriggerType": "ContaminatedTrigger",
			"Data": { 
				"Pos": [ 4343, 0, 10467 ],
				"Radius": 200,
				"PosHeight": 20,
				"NegHeight": 10,
				"InnerPartDist": 100,
				"OuterOffset": 20,
				"ParticleName": "graphics/particles/contaminated_area_gas_bigass"
				},
			"PlayerData": {
				"AroundPartName": "graphics/particles/contaminated_area_gas_around",
				"TinyPartName": "graphics/particles/contaminated_area_gas_around_tiny",
				"PPERequesterType": "PPERequester_ContaminatedAreaTint"
			}
		},
		{ 	"AreaName": "LukovAirfield-Runway-2", 
			"Type": "ContaminatedArea_Static", 
			"TriggerType": "ContaminatedTrigger",
			"Data": { 
				"Pos": [ 4064, 0, 10224 ],
				"Radius": 200,
				"PosHeight": 20,
				"NegHeight": 10,
				"InnerPartDist": 100,
				"OuterOffset": 20,
				"ParticleName": "graphics/particles/contaminated_area_gas_bigass"
				},
			"PlayerData": {
				"AroundPartName": "graphics/particles/contaminated_area_gas_around",
				"TinyPartName": "graphics/particles/contaminated_area_gas_around_tiny",
				"PPERequesterType": "PPERequester_ContaminatedAreaTint"
			}
		},
		{ 	"AreaName": "LukovAirfield-Outpost", 
			"Type": "ContaminatedArea_Static", 
			"TriggerType": "ContaminatedTrigger",
			"Data": { 
				"Pos": [ 3787, 0, 10334 ],
				"Radius": 130,
				"PosHeight": 20,
				"NegHeight": 20,
				"InnerPartDist": 100,
				"OuterOffset": 20,
				"ParticleName": "graphics/particles/contaminated_area_gas_bigass"
				},
			"PlayerData": {
				"AroundPartName": "graphics/particles/contaminated_area_gas_around",
				"TinyPartName": "graphics/particles/contaminated_area_gas_around_tiny",
				"PPERequesterType": "PPERequester_ContaminatedAreaTint"
			}
		}
    ],

	"SafePositions":[
		[8224, 9710],
		[8975, 6866],
		[5431, 2215],
		[11323, 4446],
		[11610, 664],
		[7732, 2834],
		[1229, 9794],
		[6245, 8033],
		[3186, 2284],
		[5588, 5527],
		[643, 5536],
		[7729, 5177],
		[8161, 8922],
		[5721, 4182],
		[2077, 11340],
		[9208, 4227],
		[4398, 6366],
		[9985, 8497],
		[3068, 6620],
		[5993, 6372],
		[9093, 2129],
		[10296, 2359],
		[4379, 4650],
		[7973, 10476],
		[10099, 3659],
		[3449, 11703],
		[2402, 5420]
	]
}