<?xml version="1.0" encoding="UTF-8" standalone="yes"?>
<playerspawnpoints>
	<fresh>
		<spawn_params>
			<min_dist_infected>30.0</min_dist_infected>
			<max_dist_infected>70.0</max_dist_infected>
			<min_dist_player>25.0</min_dist_player>
			<max_dist_player>70.0</max_dist_player>
			<min_dist_static>0.5</min_dist_static>
			<max_dist_static>2.0</max_dist_static>
		</spawn_params>

		<generator_params>
			<grid_density>8</grid_density>
			<grid_width>40.0</grid_width>
			<grid_height>40.0</grid_height>
			<min_dist_static>0.5</min_dist_static>
			<max_dist_static>2.0</max_dist_static>
			<min_steepness>-45</min_steepness>
			<max_steepness>45</max_steepness>
		</generator_params>

		<generator_posbubbles>
			<pos x="6041" z="10719" />
			<pos x="6179" z="10885" />
			<pos x="7021" z="11830" />
			<pos x="7744" z="12151" />
			<pos x="7918" z="11472" />
			<pos x="8650" z="12275" />
			<pos x="8279" z="12104" />
			<pos x="7554" z="11516" />
			<pos x="8591" z="11982" />
			<pos x="8191" z="11890" />
			<pos x="8683" z="11856" />
			<pos x="9297" z="11777" />
			<pos x="6682" z="11660" />
			<pos x="7853" z="11609" />
			<pos x="6079" z="11181" />
			<pos x="8003" z="11939" />
			<pos x="7736" z="11904" />
			<pos x="633" z="7621" />
			<pos x="1883" z="8240" />
			<pos x="6475" z="10619" />
			<pos x="8724" z="11396" />
			<pos x="5431" z="9898" />
			<pos x="9096" z="11439" />
			<pos x="1168" z="7977" />
			<pos x="2537" z="8213" />
			<pos x="6733" z="10595" />
			<pos x="6294" z="10596" />
			<pos x="5479" z="10245" />
			<pos x="6019" z="10427" />
			<pos x="6622" z="10308" />
			<pos x="6958" z="11271" />
			<pos x="5807" z="10430" />
			<pos x="4099" z="9101" />
			<pos x="2683" z="8147" />
			<pos x="3644" z="8701" />
			<pos x="3032" z="8033" />
			<pos x="6704" z="10912" />
			<pos x="6834" z="11458" />
			<pos x="8404" z="11398" />
			<pos x="3714" z="9055" />
			<pos x="5779" z="10109" />
			<pos x="3847" z="8844" />
			<pos x="1999" z="7959" />
			<pos x="3677" z="8256" />
			<pos x="6898" z="10977" />
			<pos x="947" z="7951" />
			<pos x="1602" z="8064" />
			<pos x="3726" z="8562" />
			<pos x="4071" z="8580" />
			<pos x="2343" z="7736" />
			<pos x="776" z="6766" />
			<pos x="4715" z="9267" />
			<pos x="2274" z="7437" />
			<pos x="5000" z="8978" />
			<pos x="5000" z="8770" />
			<pos x="4394" z="8124" />
			<pos x="756" z="7205" />
			<pos x="3454" z="7809" />
			<pos x="2124" z="7319" />
			<pos x="4286" z="9002" />
			<pos x="1414" z="7816" />
			<pos x="5167" z="9182" />
			<pos x="4554" z="9272" />
			<pos x="1775" z="7813" />
			<pos x="5407" z="9569" />
			<pos x="1520" z="6860" />
			<pos x="862" z="7552" />
			<pos x="1053" z="7057" />
			<pos x="1268" z="6816" />
			<pos x="2231" z="7855" />
			<pos x="5088" z="9277" />
			<pos x="1157" z="7753" />
			<pos x="4227" z="8841" />
			<pos x="5469" z="9219" />
			<pos x="2408" z="7575" />
			<pos x="1857" z="6858" />
			<pos x="5313" z="9394" />
			<pos x="4329" z="8596" />
			<pos x="4234" z="8463" />
			<pos x="924" z="7647" />
			<pos x="2649" z="7495" />
			<pos x="10754" z="11390" />
			<pos x="9970" z="10735" />
			<pos x="10306" z="11025" />
			<pos x="10851" z="11449" />
			<pos x="11260" z="10782" />
			<pos x="11282" z="9972" />
			<pos x="10525" z="11504" />
			<pos x="11847" z="9854" />
			<pos x="11866" z="9788" />
			<pos x="11961" z="9411" />
			<pos x="12093" z="9522" />
			<pos x="11307" z="11588" />
			<pos x="10978" z="10617" />
			<pos x="9611" z="11525" />
			<pos x="11235" z="10487" />
			<pos x="11175" z="11685" />
			<pos x="9754" z="11778" />
			<pos x="11351" z="11312" />
			<pos x="11221" z="11195" />
			<pos x="10138" z="11500" />
			<pos x="9773" z="11569" />
			<pos x="10927" z="11651" />
			<pos x="10372" z="11416" />
			<pos x="9822" z="11243" />
			<pos x="10678" z="10751" />
			<pos x="11018" z="11012" />
			<pos x="11307" z="10152" />
			<pos x="10387" z="11264" />
			<pos x="10906" z="10848" />
			<pos x="11522" z="10173" />
			<pos x="10141" z="11199" />
		</generator_posbubbles>
	</fresh>

	<hop>
		<generator_posbubbles>
			<pos x="4080" z="12376" />
			<pos x="3009" z="12438" />
			<pos x="3656" z="12490" />
			<pos x="3314" z="12373" />
			<pos x="2691" z="12107" />
			<pos x="3861" z="12272" />
			<pos x="4845" z="12028" />
			<pos x="2941" z="11527" />
			<pos x="4396" z="11729" />
			<pos x="3331" z="11092" />
			<pos x="1659" z="10343" />
			<pos x="2203" z="10200" />
			<pos x="4450" z="12291" />
			<pos x="573" z="10445" />
			<pos x="855" z="10261" />
			<pos x="1107" z="10527" />
			<pos x="2293" z="9846" />
			<pos x="6042" z="12392" />
			<pos x="4225" z="12130" />
			<pos x="5364" z="12272" />
			<pos x="785" z="9832" />
			<pos x="3389" z="11493" />
			<pos x="2671" z="11208" />
			<pos x="2962" z="10927" />
			<pos x="2861" z="10243" />
			<pos x="4895" z="12349" />
			<pos x="5419" z="11650" />
			<pos x="5601" z="12134" />
			<pos x="1024" z="8421" />
			<pos x="10553" z="12285" />
			<pos x="12254" z="11750" />
			<pos x="12385" z="10487" />
			<pos x="6687" z="12233" />
			<pos x="11165" z="12474" />
			<pos x="9242" z="12457" />
			<pos x="663" z="8834" />
			<pos x="9854" z="12148" />
			<pos x="2733" z="9598" />
			<pos x="4255" z="11397" />
			<pos x="8397" z="12456" />
			<pos x="1572" z="9235" />
			<pos x="1930" z="8602" />
			<pos x="11420" z="12404" />
			<pos x="10809" z="12283" />
			<pos x="751" z="9566" />
			<pos x="7997" z="12636" />
			<pos x="11835" z="12236" />
			<pos x="11791" z="11529" />
			<pos x="12284" z="11330" />
			<pos x="7602" z="12463" />
			<pos x="4885" z="10987" />
			<pos x="10123" z="12560" />
			<pos x="7187" z="12234" />
			<pos x="12257" z="10992" />
			<pos x="2323" z="9103" />
			<pos x="239" z="11985" />
			<pos x="422" z="9342" />
			<pos x="11077" z="12204" />
			<pos x="11484" z="12155" />
			<pos x="12495" z="10031" />
		</generator_posbubbles>
	</hop>

	<travel>
		<generator_posbubbles>
			<pos x="573.002136" z="10445.489258" />
			<pos x="3009.409424" z="12438.30957" />
			<pos x="855.646912" z="10261.198242" />
			<pos x="4080.507568" z="12376.441406" />
			<pos x="1107.823975" z="10527.147461" />
			<pos x="785.706055" z="9832.963867" />
			<pos x="2691.775146" z="12107.932617" />
			<pos x="3314.250977" z="12373.171875" />
			<pos x="3656.672363" z="12490.243164" />
			<pos x="3861.739502" z="12272.451172" />
			<pos x="2941.478516" z="11527.129883" />
			<pos x="3389.791016" z="11493.087891" />
			<pos x="7602.768066" z="12463.098633" />
			<pos x="2293.296143" z="9846.22168" />
			<pos x="7187.323242" z="12234.987305" />
			<pos x="6042.716309" z="12392.444336" />
			<pos x="2203.403809" z="10200.34082" />
			<pos x="5419.919434" z="11650.550781" />
			<pos x="4255.719238" z="11397.201172" />
			<pos x="5601.583008" z="12134.441406" />
			<pos x="2962.798096" z="10927.303711" />
			<pos x="4885.92041" z="10987.259766" />
			<pos x="6239.562012" z="11985.008789" />
			<pos x="2861.378512" z="10243.99102" />
			<pos x="3331.434082" z="11092.976562" />
			<pos x="422.400177" z="9342.632812" />
			<pos x="7997.357422" z="12636.131836" />
			<pos x="663.571594" z="8834.452148" />
			<pos x="1024.557495" z="8421.243164" />
			<pos x="2733.535156" z="9598.430664" />
			<pos x="5364.425293" z="12272.641602" />
			<pos x="4396.827148" z="11729.557617" />
			<pos x="8397.635742" z="12456.803711" />
			<pos x="4450.550293" z="12291.956055" />
			<pos x="1572.667969" z="9235.796875" />
			<pos x="2671.820557" z="11208.913086" />
			<pos x="1659.172729" z="10343.711914" />
			<pos x="2323.319092" z="9103.714844" />
			<pos x="4225.279297" z="12130.774414" />
			<pos x="9242.680664" z="12457.461914" />
			<pos x="6687.193359" z="12233.499023" />
			<pos x="751.561768" z="9566.642578" />
			<pos x="4895.518066" z="12349.720703" />
			<pos x="4845.45459" z="12028.761719" />
			<pos x="10809.219727" z="12283.568359" />
			<pos x="11835.09668" z="12236.80957" />
			<pos x="12257.625" z="10992.967773" />
			<pos x="11165.328125" z="12474.569336" />
			<pos x="12385.640625" z="10487.929687" />
			<pos x="12284.435547" z="11330.817383" />
			<pos x="1930.31665" z="8602.532227" />
			<pos x="10123.287109" z="12560.144531" />
			<pos x="11420.991211" z="12404.444336" />
			<pos x="11077.783203" z="12204.355469" />
			<pos x="10553.706055" z="12285.664062" />
			<pos x="11484.058594" z="12155.222656" />
			<pos x="9854.110352" z="12148.658203" />
			<pos x="11791.280273" z="11529.639648" />
			<pos x="12495.988281" z="10031.313477" />
			<pos x="12254.265625" z="11750.137695" />
		</generator_posbubbles>
	</travel>
</playerspawnpoints>